layer_id,expert_id,avg_assignments,max_assignments,nonzero_call_ratio,est_avg_moe_ms_share,est_tokens_per_ms
1,0,1.0454545454545454,4,0.6363636363636364,0.016778932402799415,62.307572398355966
1,1,2.227272727272727,4,0.9545454545454546,0.025445989513007753,87.52942093818619
1,2,26.454545454545453,41,1.0,0.16632264192131432,159.05558707431337
1,3,4.409090909090909,11,1.0,0.0345139557096197,127.74806070293504
1,4,1.6818181818181819,4,0.8636363636363636,0.008869363927673972,189.6210591348737
1,5,29.272727272727273,41,1.0,0.25739124742077285,113.7285263817592
1,6,10.545454545454545,17,1.0,0.11057717425203671,95.36737230613676
1,7,11.045454545454545,17,1.0,0.08631966201408597,127.95989103446797
1,8,13.136363636363637,20,1.0,0.09540275322664953,137.6937582205349
1,9,6.318181818181818,9,1.0,0.05984842250075995,105.56973023142908
1,10,7.045454545454546,13,1.0,0.03565744435631628,197.58719876419102
1,11,17.545454545454547,24,1.0,0.19525548399410167,89.85895907530343
1,12,22.818181818181817,31,1.0,0.23008886016825933,99.17117152692808
1,13,18.818181818181817,27,1.0,0.17940547205878168,104.89190548221458
1,14,4.409090909090909,9,0.9545454545454546,0.059009592956334185,74.7182057729756
1,15,15.954545454545455,27,1.0,0.11287793562488249,141.3433490453424
1,16,7.181818181818182,11,1.0,0.0765447526328816,93.82508839323184
1,17,6.136363636363637,10,1.0,0.05157151311604222,118.98746547451628
1,18,8.045454545454545,11,1.0,0.08505474155721128,94.59148776606234
1,19,14.636363636363637,22,1.0,0.1205083790978692,121.45515312654665
1,20,9.727272727272727,14,1.0,0.1020893330569379,95.28196958488867
1,21,16.681818181818183,23,1.0,0.1703879262971565,97.90493108487686
1,22,0.0,0,0.0,0.0,0.0
1,23,11.863636363636363,20,1.0,0.10301191258953292,115.16761571944478
1,24,17.09090909090909,28,1.0,0.18687949506354265,91.4541698921963
1,25,32.31818181818182,40,1.0,0.323951954289276,99.76226841750426
1,26,4.181818181818182,7,1.0,0.026282807695679367,159.1085027991751
1,27,10.272727272727273,14,1.0,0.08601816202281043,119.42509617914337
1,28,8.636363636363637,15,1.0,0.0444938423699403,194.10244600943474
1,29,11.363636363636363,17,1.0,0.11914937909750734,95.37302208127156
1,30,20.318181818181817,27,1.0,0.20456392746101218,99.32436314830852
1,31,4.2272727272727275,8,1.0,0.042605081010895614,99.21991994785002
1,32,23.818181818181817,43,1.0,0.24684459939122794,96.4905931785528
1,33,2.9545454545454546,6,0.9545454545454546,0.03389692162851465,87.1626481874992
1,34,7.954545454545454,14,1.0,0.09318784412409348,85.36033352110597
1,35,1.2727272727272727,4,0.8181818181818182,0.01687884149512022,75.40371020696095
1,36,23.0,41,1.0,0.23025997380980037,99.88709552706928
1,37,1.0454545454545454,4,0.5,0.008615829833698544,121.34113203646686
1,38,1.8636363636363635,4,0.8636363636363636,0.01713277331013656,108.77610588203768
1,39,6.363636363636363,12,0.9545454545454546,0.08432957111191089,75.46150513669042
1,40,3.772727272727273,6,0.9545454545454546,0.042430126460120926,88.91623917909295
1,41,4.2727272727272725,10,1.0,0.01812775058285545,235.7009080193468
1,42,8.0,13,1.0,0.0768729003611952,104.06788299142063
1,43,13.454545454545455,23,1.0,0.07102496824386022,189.4340228122318
1,44,2.1818181818181817,7,0.8636363636363636,0.025422330425829965,85.82290235679491
1,45,18.772727272727273,25,1.0,0.1876385973485991,100.04725860240198
1,46,57.22727272727273,79,1.0,0.42445371885762806,134.8257069847187
1,47,11.0,16,1.0,0.06182470659339081,177.92239714690248
1,48,5.136363636363637,9,1.0,0.043006785556578754,119.43147040381227
1,49,6.045454545454546,12,0.9545454545454546,0.018863296029105022,320.48770989580737
1,50,85.86363636363636,122,1.0,0.681592409480469,125.97504779885138
1,51,276.6818181818182,322,1.0,2.542435711804005,108.82549238009895
1,52,7.954545454545454,16,1.0,0.08500652565933044,93.5757036633146
1,53,2.590909090909091,5,0.9545454545454546,0.017435864219971172,148.5965397655164
1,54,3.9545454545454546,9,1.0,0.01800588695385324,219.6251406376394
1,55,8.227272727272727,16,1.0,0.09329587822007439,88.18473960731174
1,56,2.5454545454545454,7,0.9545454545454546,0.025581478147862734,99.50381016849926
1,57,7.5,13,1.0,0.07666687763544773,97.82581776269309
1,58,5.863636363636363,11,1.0,0.05964235432276672,98.31329480898933
1,59,2.8181818181818183,9,0.9545454545454546,0.017524955128795806,160.80964530124103
1,60,2.8181818181818183,10,1.0,0.025680182698786004,109.74150189029005
1,61,3.6818181818181817,6,0.9090909090909091,0.042386626462261615,86.86273216615247
1,62,8.272727272727273,13,0.9545454545454546,0.08517626428378704,97.12479576662949
1,63,5.7727272727272725,9,1.0,0.03513493298537056,164.30164460911067
1,64,6.909090909090909,15,1.0,0.06823303643084894,101.25726877321306
1,65,4.0,7,1.0,0.042522603730586445,94.06761696304137
1,66,13.318181818181818,23,1.0,0.11995039045789534,111.03075002375029
1,67,3.8181818181818183,10,1.0,0.04242052418968259,90.00788866042505
1,68,17.09090909090909,28,1.0,0.2032496206560278,84.08827055000076
1,69,18.863636363636363,30,1.0,0.1794641993222864,105.11086018755508
1,70,16.0,22,1.0,0.17008064222119917,94.07302201499877
1,71,9.272727272727273,14,1.0,0.10190442395370072,90.9943544447123
1,72,102.04545454545455,129,1.0,0.8924639508662618,114.3412621276244
1,73,6.2727272727272725,16,1.0,0.04347346737234726,144.28863515766514
1,74,121.13636363636364,147,1.0,0.949611441179348,127.56413663879316
1,75,15.181818181818182,27,1.0,0.08811521883762907,172.29507435933277
1,76,14.681818181818182,22,1.0,0.14502108451746276,101.23919725652215
1,77,9.181818181818182,14,1.0,0.06920927507797553,132.66745203548754
1,78,12.318181818181818,20,1.0,0.078690843537598,156.53894741001557
1,79,29.454545454545453,45,1.0,0.18393684705634686,160.13401298284953
1,80,2.727272727272727,7,1.0,0.025650364510842006,106.32491113800553
1,81,111.72727272727273,128,1.0,1.0272418305195805,108.76433319577816
1,82,29.181818181818183,38,1.0,0.1757262899283722,166.0640430849191
1,83,10.909090909090908,17,1.0,0.07810350263422482,139.674797431051
1,84,24.272727272727273,34,1.0,0.15725185753994578,154.35574277118738
1,85,15.5,23,1.0,0.1617375851002924,95.83424898046148
1,86,3.6363636363636362,8,1.0,0.026037114513614637,139.66077671403278
1,87,4.636363636363637,9,0.9090909090909091,0.04280166055171073,108.32205051395668
1,88,9.590909090909092,18,1.0,0.10202478760038503,94.00567564497334
1,89,7.454545454545454,12,1.0,0.06847846824861005,108.85969919014308
1,90,14.454545454545455,20,1.0,0.06327297932082067,228.4473658377112
1,91,8.136363636363637,15,1.0,0.03611827389580536,225.270002100199
1,92,10.5,16,1.0,0.061601570225320756,170.4502005645965
1,93,134.27272727272728,157,1.0,1.1182162084402412,120.07760776426178
1,94,14.363636363636363,23,1.0,0.1285714702879142,111.71713546925622
1,95,1.4545454545454546,5,0.8636363636363636,0.008772557114504954,165.80632483320528
1,96,3.0,10,0.9545454545454546,0.0012847500051562251,2335.084637446801
1,97,25.5,33,1.0,0.24759855393891816,102.98929292733581
1,98,0.5454545454545454,3,0.4090909090909091,0.00023302272761198267,2340.7783053797566
1,99,15.0,20,1.0,0.16962817631825933,88.42870521614722
1,100,8.090909090909092,13,1.0,0.07690151399186686,105.21131081716793
1,101,18.545454545454547,25,1.0,0.19567283627905205,94.77786951995007
1,102,62.81818181818182,92,1.0,0.6226914645072115,100.88171333438008
1,103,11.727272727272727,22,1.0,0.10298470805520826,113.873923116682
1,104,7.7727272727272725,14,1.0,0.035971092077406036,216.08260477611228
1,105,14.5,23,1.0,0.1694436081174486,85.57419286037293
1,106,8.363636363636363,14,1.0,0.09335158276239368,89.59287155231418
1,107,13.909090909090908,22,1.0,0.08752024156274274,158.9242746675872
1,108,22.59090909090909,31,1.0,0.2626941113372926,85.99701369743661
1,109,8.454545454545455,14,1.0,0.06072149067767896,139.2348139050763
1,110,34.59090909090909,46,1.0,0.28407073692042933,121.76864630938141
1,111,124.63636363636364,169,1.0,1.1306867658197668,110.23067343146994
1,112,32.95454545454545,41,1.0,0.2589237701348876,127.27508732542255
1,113,2.772727272727273,6,0.9090909090909091,0.017512216490682807,158.33102989575727
1,114,112.22727272727273,134,1.0,1.0762935141061793,104.271995748737
1,115,7.181818181818182,12,1.0,0.06835512734356929,105.06626877777052
1,116,9.0,15,1.0,0.09360731003372083,96.14633725462109
1,117,13.681818181818182,21,1.0,0.11193725379945879,122.22756693968789
1,118,55.59090909090909,84,1.0,0.41547812764606945,133.79984502641483
1,119,29.045454545454547,41,1.0,0.29807605569261464,97.44309880229738
1,120,77.31818181818181,95,1.0,0.7675397535547911,100.73508435242557
1,121,5.5,10,1.0,0.043146012833775865,127.474119594533
1,122,11.636363636363637,20,1.0,0.07839445718590551,148.43349968951287
1,123,9.954545454545455,17,1.0,0.06954754778681407,143.13294675837292
1,124,4.818181818181818,10,1.0,0.026539080423059535,181.5504433980067
1,125,41.45454545454545,52,1.0,0.4012369682895951,103.3168644236824
1,126,20.727272727272727,32,1.0,0.14753147087784865,140.49390685214715
1,127,1.3181818181818181,4,0.6363636363636364,0.0005688068221471357,2317.4507879598505
1,128,7.5,13,1.0,0.043998603734177195,170.45995471383918
1,129,1.7727272727272727,4,0.8181818181818182,0.017074023311248642,103.8259840935892
1,130,2.6818181818181817,6,0.9545454545454546,0.017460318766428496,153.59502983270832
1,131,26.863636363636363,46,1.0,0.20729476837335492,129.5914825754442
1,132,5.863636363636363,10,1.0,0.03513563753883566,166.8857255587079
1,133,5.0,11,1.0,0.051120490387389014,97.8081384217992
1,134,1.9545454545454546,6,0.7272727272727273,0.025324159972528418,77.18105779878742
1,135,28.181818181818183,41,1.0,0.1343238339415455,209.80504616985718
1,136,30.318181818181817,42,1.0,0.2985268852406245,101.5593010785081
1,137,12.272727272727273,21,1.0,0.09499928731450134,129.18757202985753
1,138,6.181818181818182,12,1.0,0.04344064918537201,142.30492172064078
1,139,8.681818181818182,14,1.0,0.11801184500324201,73.56734556247024
1,140,6.136363636363637,11,1.0,0.03524046708480455,174.1283287079244
1,141,16.90909090909091,25,1.0,0.10513682168278717,160.82939010756914
1,142,7.5,10,1.0,0.03584277389348823,209.2471978392992
1,143,7.2727272727272725,15,1.0,0.07659532081081787,94.95002038949768
1,144,3.3181818181818183,9,0.8181818181818182,0.017710307402673854,187.358792975036
1,145,11.045454545454545,20,1.0,0.05364570630693131,205.89633925702296
1,146,8.545454545454545,15,1.0,0.09342650321724993,91.46713460508434
1,147,4.636363636363637,12,0.9545454545454546,0.01828145512660161,253.61020795424523
1,148,8.772727272727273,16,1.0,0.12617318620190912,69.52925210819899
1,149,7.318181818181818,10,1.0,0.043920456007154746,166.623539085971
1,150,3.3181818181818183,6,1.0,0.0340577625320293,97.42806254701158
1,151,14.545454545454545,22,1.0,0.13677511832793243,106.3457646629873
1,152,9.454545454545455,18,1.0,0.11011398107670671,85.86144431522557
1,153,6.909090909090909,12,1.0,0.06008039976718878,114.99741905619135
1,154,0.7272727272727273,3,0.5,0.008477170745291833,85.7919167992045
1,155,0.0,0,0.0,0.0,0.0
1,156,28.0,44,1.0,0.17508540357283148,159.92195482105194
1,157,6.2727272727272725,9,1.0,0.06796665006814609,92.29125264284741
1,158,6.5,10,1.0,0.04355236509714318,149.2456261675297
1,159,9.045454545454545,15,1.0,0.1099684583420061,82.25499094770281
1,160,8.636363636363637,14,1.0,0.06082264977290337,141.9925581770881
1,161,4.590909090909091,8,1.0,0.042766512824031946,107.348221488129
1,162,3.5454545454545454,7,0.9545454545454546,0.025997341789082962,136.3775794548112
1,163,10.181818181818182,17,1.0,0.09410432139041157,108.19713729804998
1,164,3.772727272727273,8,1.0,0.0505712517558343,74.60221255630717
1,165,3.3636363636363638,6,1.0,0.017757477855246343,189.4208395502854
1,166,7.090909090909091,14,1.0,0.06830825233191717,103.80750273705728
1,167,58.86363636363637,75,1.0,0.5148295970985518,114.33615451671155
1,168,2.409090909090909,5,0.8636363636363636,0.03369180799001532,71.50375871205402
1,169,2.090909090909091,6,0.8181818181818182,0.017208364219351843,121.50539494961046
1,170,14.727272727272727,25,1.0,0.21034783685304734,70.01390148623898
1,171,5.5,10,1.0,0.03498518299337858,157.20941065367444
1,172,42.54545454545455,51,1.0,0.33648169322193344,126.44210785456555
1,173,13.045454545454545,19,1.0,0.11161687879542694,116.87707707151037
1,174,15.954545454545455,23,1.0,0.15370583480795508,103.79921799637319
1,175,240.45454545454547,338,1.0,1.8499505512590986,129.97890418794665
1,176,2.3181818181818183,7,0.8636363636363636,0.017289761948632076,134.07829587643496
1,177,42.0,55,1.0,0.3525836596911011,119.12066497011303
1,178,5.818181818181818,11,1.0,0.035110603441187944,165.71010600622603
1,179,12.090909090909092,18,1.0,0.0867886961125557,139.31433046566883
1,180,5.090909090909091,8,1.0,0.042985353733952666,118.43357443137556
1,181,8.772727272727273,14,1.0,0.10172002624445171,86.24385577373737
1,182,0.4090909090909091,1,0.4090909090909091,0.00017351136458191004,2357.718239820472
1,183,6.2272727272727275,13,0.9545454545454546,0.04349951281884304,143.1572981795605
1,184,12.727272727272727,21,1.0,0.14418970951175486,88.26755231263681
1,185,19.59090909090909,29,1.0,0.15523124390562193,126.20467760227473
1,186,0.2727272727272727,1,0.2727272727272727,0.00827938665646467,32.940516495183026
1,187,2.9545454545454546,9,1.0,0.017597909674143673,167.89184109102007
1,188,18.136363636363637,24,1.0,0.1383805046696745,131.06155147834306
1,189,4.909090909090909,10,1.0,0.01024929574156307,478.9686074901228
1,190,8.590909090909092,16,1.0,0.06081450204047459,141.26415250743125
1,191,19.0,36,1.0,0.30199882872164546,62.91415129133643
1,192,2.090909090909091,6,0.8181818181818182,0.017237761946903032,121.29817648890014
1,193,3.590909090909091,8,1.0,0.026009216785579072,138.06294593615317
1,194,7.818181818181818,13,1.0,0.02778885315241165,281.3423704570305
1,195,8.045454545454545,15,1.0,0.09319929866416549,86.32526918947694
1,196,7.363636363636363,13,1.0,0.0847727415649305,86.8632561328253
1,197,11.954545454545455,19,1.0,0.06221846795365722,192.13821631624992
1,198,4.045454545454546,8,0.9545454545454546,0.05070681994071823,79.78127104370024
1,199,2.590909090909091,6,1.0,0.009261398020581428,279.75356259944374
1,200,3.909090909090909,8,1.0,0.026140125874504025,149.54369109996028
1,201,1.2727272727272727,4,0.6818181818181818,0.02502194406009618,50.864444012444196
1,202,5.409090909090909,10,1.0,0.04310672873609953,125.48135912157701
1,203,4.590909090909091,10,1.0,0.01830058012141804,250.86139676720583
1,204,12.409090909090908,22,1.0,0.07876365036645439,157.5484484448929
1,205,5.136363636363637,10,1.0,0.026698125878200783,192.38667387352143
1,206,1.4090909090909092,3,0.7727272727272727,0.000602261361729523,2339.666793573477
1,207,7.409090909090909,13,1.0,0.04395655827697324,168.55484595508426
1,208,11.363636363636363,30,1.0,0.2497518724121619,45.499704382128186
1,209,6.681818181818182,11,1.0,0.02734088723875836,244.38922275887433
1,210,7.318181818181818,13,1.0,0.060243445232944476,121.47681444652552
1,211,13.454545454545455,21,1.0,0.09550945776969787,140.87134163182483
1,212,8.545454545454545,16,1.0,0.06894357051615688,123.94853474338008
1,213,4.181818181818182,7,1.0,0.03444028526031285,121.42228643608496
1,214,9.5,17,1.0,0.06935087733224711,136.98456840693265
1,215,9.454545454545455,13,1.0,0.06932553642731033,136.37897291222257
1,216,1.4090909090909092,4,0.7727272727272727,0.016929205130013128,83.23432188749292
1,217,10.318181818181818,17,1.0,0.07783908218499908,132.55785562397483
1,218,12.090909090909092,19,1.0,0.09494349184916989,127.34847703007465
1,219,4.636363636363637,8,1.0,0.05913039977762806,78.40913732698627
1,220,0.5,2,0.4090909090909091,0.00021093181964137,2370.4342040480606
1,221,9.136363636363637,17,1.0,0.06920682052176827,132.0153644898322
1,222,31.5,44,1.0,0.36438847847140016,86.44620195496205
1,223,2.6818181818181817,6,0.9545454545454546,0.03380134208022024,79.34058285181284
1,224,20.454545454545453,33,1.0,0.14751539132637184,138.66041550397
1,225,7.5,12,1.0,0.05215762675586368,143.79488612673183
1,226,6.181818181818182,12,1.0,0.04344972873117182,142.27518473281526
1,227,5.909090909090909,10,1.0,0.02698235314958517,218.9983533434613
1,228,1.8181818181818181,4,0.9090909090909091,0.01711825058605014,106.21306242960804
1,229,17.40909090909091,28,1.0,0.14620108450022104,119.07634590128221
1,230,13.681818181818182,18,1.0,0.09561792367391965,143.08842585284017
1,231,9.409090909090908,16,1.0,0.06112035432306584,153.9436577765399
1,232,9.318181818181818,15,1.0,0.06928144552512094,134.49750864108506
1,233,1.2272727272727273,4,0.6818181818181818,0.016849523308337666,72.83723728050127
1,234,7.090909090909091,11,1.0,0.05200034266454168,136.36273777373174
1,235,12.863636363636363,18,1.0,0.14424444814424284,89.17942096996947
1,236,2.409090909090909,6,0.9090909090909091,0.01735380740402351,138.82203789655733
1,237,2.5454545454545454,5,0.8636363636363636,0.025562591789904134,99.57732636719038
1,238,7.2272727272727275,13,1.0,0.043867546919500455,164.75215130071442
1,239,5.136363636363637,10,1.0,0.06748476370094894,76.11145619661423
1,240,27.954545454545453,36,1.0,0.3058130332475147,91.41057579426314
1,241,32.09090909090909,46,1.0,0.16059649390544192,199.8232234746295
1,242,10.136363636363637,19,1.0,0.045128081013734285,224.61322105140556
1,243,4.681818181818182,9,1.0,0.018331875586723487,255.39220794237224
1,244,25.272727272727273,32,1.0,0.2066530524739805,122.2954462572448
1,245,2.5454545454545454,6,1.0,0.009238750295480713,275.5193574935883
1,246,8.772727272727273,17,1.0,0.08532983247608751,102.80961556072089
1,247,16.681818181818183,23,1.0,0.12951937939082694,128.79785450083506
1,248,6.181818181818182,12,1.0,0.02711858042642813,227.95508041393478
1,249,14.0,23,1.0,0.1039403216947738,134.69267529411476
1,250,2.272727272727273,5,0.8636363636363636,0.025451034972899255,89.29802953582501
1,251,3.9545454545454546,9,1.0,0.018012330131816932,219.54657868279662
1,252,20.636363636363637,33,1.0,0.16383522148746785,125.95804155544272
1,253,20.181818181818183,36,1.0,0.16364474418911745,123.32701720316109
1,254,6.7727272727272725,12,1.0,0.05184972903093281,130.62223080638975
1,255,7.0,11,1.0,0.03565880798454269,196.3049354603874
2,0,7.818181818181818,17,1.0,0.003390522733256644,2305.892758510528
2,1,14.227272727272727,24,1.0,0.006176113621966744,2303.5963387509933
2,2,7.5,14,1.0,0.0032856363673503934,2282.6628273682513
2,3,8.136363636363637,16,1.0,0.0035898749973222784,2266.4754740576277
2,4,21.636363636363637,41,1.0,0.009500840873277577,2277.3103902012385
2,5,5.2727272727272725,8,1.0,0.002291761363845911,2300.7313745262136
2,6,9.863636363636363,15,1.0,0.004298965912312269,2294.4206967044884
2,7,4.909090909090909,9,0.9545454545454546,0.0021233409074325623,2311.965493579991
2,8,8.5,15,1.0,0.0036933863620189104,2301.4109997833148
2,9,11.863636363636363,19,1.0,0.005185534098100933,2287.8330639038923
2,10,2.909090909090909,7,0.8636363636363636,0.0012675795468649912,2294.9967252830356
2,11,11.545454545454545,18,1.0,0.005021465907868167,2299.2199404090147
2,12,3.1363636363636362,7,0.9545454545454546,0.001377261361498809,2277.2465154692777
2,13,0.8636363636363636,2,0.6363636363636364,0.00037700000129089773,2290.8126277961774
2,14,20.636363636363637,33,1.0,0.008983420440927148,2297.161061542593
2,15,8.590909090909092,17,1.0,0.0037551818148296497,2287.7478413914855
2,16,8.636363636363637,13,1.0,0.0037776818155014717,2286.15432907157
2,17,6.5,15,1.0,0.0028277727238177745,2298.6288626563855
2,18,21.454545454545453,35,1.0,0.009492886321492155,2260.0655615112314
2,19,2.272727272727273,11,0.8181818181818182,0.0009906477234008807,2294.1831077196944
2,20,10.909090909090908,20,1.0,0.004723238635712981,2309.6632947160338
2,21,15.136363636363637,29,1.0,0.006587375001717274,2297.783811065517
2,22,25.09090909090909,36,1.0,0.010897488630937667,2302.4487513275944
2,23,69.18181818181819,95,1.0,0.030352670365986836,2279.2662835802166
2,24,51.68181818181818,77,1.0,0.022433829552028328,2303.7448003230206
2,25,13.681818181818182,23,1.0,0.005966420442828993,2293.1367832554074
2,26,8.090909090909092,16,1.0,0.0035758181686767125,2262.673522323776
2,27,16.772727272727273,26,1.0,0.007300977265748026,2297.3263252599395
2,28,2.227272727272727,5,0.9090909090909091,0.000972772726196457,2289.612637456816
2,29,5.045454545454546,9,1.0,0.002207420451503078,2285.678988802968
2,30,8.5,16,1.0,0.0036942045381610196,2300.9012934165557
2,31,9.318181818181818,16,1.0,0.004057420448093167,2296.577822631374
2,32,42.27272727272727,58,1.0,0.018393681819857607,2298.2199913390978
2,33,21.636363636363637,29,1.0,0.009414147715274752,2298.281723501954
2,34,11.545454545454545,18,1.0,0.005059204531293785,2282.0691423009216
2,35,10.727272727272727,20,1.0,0.00468118180420292,2291.573618790329
2,36,7.7727272727272725,12,1.0,0.0034235227093714375,2270.3886997595973
2,37,10.590909090909092,18,1.0,0.004646397730208595,2279.3806526833046
2,38,3.6818181818181817,10,0.9545454545454546,0.0015924318153834479,2312.0727344496204
2,39,17.0,30,1.0,0.007423772713412869,2289.940796447785
2,40,3.3636363636363638,7,0.9545454545454546,0.001474193180911243,2281.6795025175734
2,41,4.636363636363637,11,1.0,0.0020015568152302876,2316.378731337788
2,42,11.454545454545455,20,1.0,0.005005500000234778,2288.391859755907
2,43,7.909090909090909,12,1.0,0.0034960340814326296,2262.3037204059137
2,44,31.181818181818183,44,1.0,0.013641056801795705,2285.879945732168
2,45,19.772727272727273,31,1.0,0.008608965895043431,2296.75985638546
2,46,11.818181818181818,17,1.0,0.005165477272715758,2287.9167198364985
2,47,6.636363636363637,11,1.0,0.0029092045402979816,2281.1608961960073
2,48,21.636363636363637,38,1.0,0.009406590901727957,2300.128055147919
2,49,4.7727272727272725,9,0.9545454545454546,0.002078534082763574,2296.1987067258274
2,50,5.5,12,1.0,0.002419181807040745,2273.4959332088624
2,51,109.45454545454545,141,1.0,0.04778305677146735,2290.6559950326146
2,52,14.954545454545455,23,1.0,0.006537738629214635,2287.418678336169
2,53,1.9090909090909092,5,0.7727272727272727,0.0008228068168550221,2320.2176622550874
2,54,10.227272727272727,15,1.0,0.004481522715650499,2282.097710128024
2,55,5.454545454545454,8,1.0,0.0023781590901886707,2293.599901305475
2,56,16.636363636363637,30,1.0,0.0072762613602786914,2286.3889589208543
2,57,5.863636363636363,12,1.0,0.0025468977242284877,2302.26612865367
2,58,2.272727272727273,5,1.0,0.0009770909051770684,2326.01415148308
2,59,2.6363636363636362,6,0.8181818181818182,0.0011343068168075247,2324.2068171498863
2,60,16.363636363636363,27,1.0,0.007081204534518871,2310.8549236035
2,61,5.7727272727272725,11,1.0,0.0025274886350168595,2283.97753910722
2,62,4.090909090909091,8,0.9545454545454546,0.0017699318136279048,2311.337114464189
2,63,10.863636363636363,17,1.0,0.0047201704609588805,2301.534754621863
2,64,17.363636363636363,29,1.0,0.007565386371094395,2295.142047203145
2,65,18.545454545454547,29,1.0,0.00806769317238253,2298.7307708899584
2,66,9.954545454545455,17,1.0,0.004311181817849336,2309.006178614696
2,67,10.045454545454545,15,1.0,0.004348159095653417,2310.2775966722
2,68,1.3636363636363635,3,0.8181818181818182,0.0006088749968594956,2239.5998697102636
2,69,23.318181818181817,37,1.0,0.010171420451528817,2292.5197055124167
2,70,10.818181818181818,16,1.0,0.004720056809178045,2291.9600876722725
2,71,6.0,11,0.9545454545454546,0.0026219431813594633,2288.3791085392754
2,72,13.318181818181818,19,1.0,0.005810636354991319,2292.034986278489
2,73,11.227272727272727,18,1.0,0.004920420452518473,2281.7710062818205
2,74,6.2272727272727275,13,1.0,0.002725750001528385,2284.6089053585124
2,75,11.090909090909092,17,1.0,0.00485048862835604,2286.555013462241
2,76,16.09090909090909,24,1.0,0.0070586363673845135,2279.6058974307766
2,77,6.7272727272727275,13,1.0,0.0029391363615021955,2288.8603657145095
2,78,11.863636363636363,25,1.0,0.005225022736174817,2270.5425340065804
2,79,17.454545454545453,27,1.0,0.007595477272512984,2298.018258538027
2,80,45.04545454545455,72,1.0,0.019758886346773415,2279.756751210342
2,81,29.40909090909091,48,1.0,0.012777488624454814,2301.633112222452
2,82,6.7727272727272725,13,1.0,0.00292384090161332,2316.380234297362
2,83,1.2272727272727273,5,0.7727272727272727,0.0005466704579620538,2244.9955167650864
2,84,4.0,6,1.0,0.001731420455722731,2310.2418518731874
2,85,1.2272727272727273,5,0.6818181818181818,0.0005406477218705484,2270.0044365794683
2,86,8.318181818181818,14,1.0,0.003618556816945784,2298.7567251196897
2,87,6.454545454545454,16,1.0,0.0028580227147110486,2258.395435880229
2,88,5.409090909090909,9,1.0,0.0023714545452755624,2280.916967127605
2,89,4.5,9,0.9090909090909091,0.001993102264929224,2257.786807622637
2,90,0.18181818181818182,1,0.18181818181818182,7.886363759594546e-05,2305.4754682978187
2,91,7.363636363636363,10,1.0,0.0031903636263450608,2308.086859701407
2,92,30.90909090909091,56,1.0,0.013505136375897564,2288.6915058669047
2,93,11.090909090909092,15,1.0,0.0048123181847834285,2304.6915571747927
2,94,3.727272727272727,7,0.9545454545454546,0.0016352613641753453,2279.3131476890076
2,95,33.54545454545455,60,1.0,0.014628465881370093,2293.1628523108466
2,96,14.772727272727273,26,1.0,0.006503624973860992,2271.4605058103743
2,97,6.863636363636363,29,0.9090909090909091,0.0029297045482301405,2342.7742458818057
2,98,16.545454545454547,26,1.0,0.007219886346402663,2291.650276974012
2,99,22.636363636363637,36,1.0,0.009887181789963506,2289.4657059245988
2,100,8.363636363636363,12,1.0,0.0036285908995937048,2304.9267870271196
2,101,15.090909090909092,20,1.0,0.0065753409144235775,2295.076299056355
2,102,22.863636363636363,34,1.0,0.009929749985035001,2302.5389761166048
2,103,14.681818181818182,23,1.0,0.006390568178506906,2297.419849333091
2,104,8.363636363636363,16,1.0,0.0036581590843111785,2286.2965144150403
2,105,7.863636363636363,15,1.0,0.003417590900260786,2300.9296879378726
2,106,16.727272727272727,25,1.0,0.00727386363723781,2299.6406808672004
2,107,26.363636363636363,36,1.0,0.011489011338033544,2294.6827701667808
2,108,7.181818181818182,12,1.0,0.003100420460792851,2316.401363182083
2,109,11.909090909090908,20,1.0,0.005190852255592207,2294.2457852197604
2,110,6.045454545454546,15,0.9545454545454546,0.002643284094202417,2287.099808421727
2,111,8.227272727272727,18,1.0,0.00363645454027309,2262.4434421377027
2,112,4.045454545454546,6,0.9545454545454546,0.0017433977349851789,2320.4426989168583
2,113,8.772727272727273,14,1.0,0.0038095909072911704,2302.8003494908503
2,114,14.818181818181818,30,1.0,0.006462045426649804,2293.110128423252
2,115,8.318181818181818,15,1.0,0.003602556812852113,2308.9661732763584
2,116,8.636363636363637,15,1.0,0.0037435340888226742,2307.008145631642
2,117,6.181818181818182,12,1.0,0.002693897727030245,2294.748653518121
2,118,10.863636363636363,19,1.0,0.004758988631444729,2282.7615707790396
2,119,3.6363636363636362,7,1.0,0.0015877613609931855,2290.245704234166
2,120,4.2272727272727275,8,1.0,0.0018208068200196562,2321.6481181826266
2,121,5.409090909090909,11,1.0,0.00232790909120178,2323.5833948732393
2,122,26.181818181818183,42,1.0,0.011343295465022411,2308.131553352468
2,123,9.090909090909092,13,1.0,0.003958022724625401,2296.830949036424
2,124,11.363636363636363,21,1.0,0.004924136350217106,2307.7420191939523
2,125,5.5,11,1.0,0.0023966931700918144,2294.828586585116
2,126,1.7272727272727273,5,0.9090909090909091,0.000746465908543376,2313.933841457353
2,127,14.5,25,1.0,0.006253465906907381,2318.7141684075955
2,128,3.3636363636363638,7,0.9090909090909091,0.0014591931870778683,2305.134367007476
2,129,18.5,35,1.0,0.00803823863812299,2301.4992254969848
2,130,33.54545454545455,53,1.0,0.014650886317461052,2289.653596279345
2,131,10.545454545454545,16,1.0,0.0045431136426156045,2321.19541244476
2,132,9.727272727272727,20,1.0,0.004299988634143533,2262.162427601438
2,133,13.181818181818182,17,1.0,0.005778249993454665,2281.2820831133886
2,134,6.636363636363637,11,1.0,0.0029217500030592255,2271.366006473865
2,135,3.909090909090909,9,1.0,0.00169612499832345,2304.718645710007
2,136,14.5,21,1.0,0.006309897726168856,2297.9770242336213
2,137,13.181818181818182,18,1.0,0.005762204535792328,2287.6345502729755
2,138,3.409090909090909,6,0.9090909090909091,0.00149556817301676,2279.462060371557
2,139,7.090909090909091,13,1.0,0.003051931824302301,2323.416609258674
2,140,1.5909090909090908,3,0.8181818181818182,0.0006782045476773584,2345.765884875683
2,141,9.954545454545455,14,1.0,0.004340056816793301,2293.6440407940286
2,142,5.181818181818182,10,1.0,0.0022351136325265875,2318.3690110469324
2,143,6.318181818181818,13,1.0,0.0027437840855616905,2302.725586692219
2,144,7.7272727272727275,13,1.0,0.0033882159107385883,2280.6317338815284
2,145,4.0,8,0.9545454545454546,0.0017439318154091861,2293.6676564166373
2,146,3.3181818181818183,8,0.9090909090909091,0.0014476022704250433,2292.1916371459806
2,147,6.2272727272727275,11,1.0,0.0026874659101436423,2317.154127897342
2,148,33.68181818181818,48,1.0,0.014627988632789558,2302.5597727303575
2,149,7.7727272727272725,15,1.0,0.0033752727309051393,2302.844212130638
2,150,6.545454545454546,12,1.0,0.0028548977213424882,2292.7106973123396
2,151,13.5,19,1.0,0.00589502272090282,2290.0675093466784
2,152,9.863636363636363,18,1.0,0.004263454541532238,2313.5314960087467
2,153,7.136363636363637,13,1.0,0.0031353181693702936,2276.1210348858867
2,154,5.454545454545454,10,1.0,0.0023742613570489498,2297.3652156496764
2,155,5.454545454545454,10,1.0,0.0023643181828612633,2307.026818168967
2,156,7.409090909090909,13,1.0,0.0032256704501130366,2296.91502082343
2,157,13.954545454545455,22,1.0,0.006127136357297952,2277.4987597467743
2,158,16.545454545454547,27,1.0,0.007204465889530679,2296.5553309785146
2,159,3.272727272727273,7,0.9545454545454546,0.0014359204532493923,2279.1842440305863
2,160,16.272727272727273,28,1.0,0.007126102258387784,2283.5382769835287
2,161,13.272727272727273,20,1.0,0.005761011348857375,2303.888409343223
2,162,8.181818181818182,11,1.0,0.003542125005465509,2309.861500989833
2,163,11.0,18,1.0,0.004804522718503987,2289.509415292168
2,164,6.454545454545454,12,1.0,0.0028227954528781333,2286.579230515755
2,165,4.090909090909091,9,1.0,0.0017940568147671663,2280.256153114087
2,166,82.72727272727273,110,1.0,0.03593698864411139,2302.009039948548
2,167,20.863636363636363,27,1.0,0.009100295455110345,2292.632856433273
2,168,6.590909090909091,10,1.0,0.0028852045454021372,2284.3819171893256
2,169,6.818181818181818,12,1.0,0.002948159095302055,2312.691275395115
2,170,8.318181818181818,12,1.0,0.003622727274143306,2296.1104131552056
2,171,7.0,16,1.0,0.0031032045411517506,2255.732713449162
2,172,15.181818181818182,26,1.0,0.006676715889956209,2273.8451705959524
2,173,5.818181818181818,10,1.0,0.0025396022670478983,2290.98150276304
2,174,155.86363636363637,195,1.0,0.06801398856226694,2291.6408765079686
2,175,33.63636363636363,53,1.0,0.014679977248306386,2291.3089759893346
2,176,2.4545454545454546,5,0.9545454545454546,0.0010750340893123807,2283.2256939084086
2,177,233.36363636363637,310,1.0,0.10148746587087358,2299.4330813280326
2,178,6.545454545454546,10,1.0,0.0028659431766506964,2283.8745020422684
2,179,4.5,7,1.0,0.0019552045440915126,2301.5494791062533
2,180,5.0,11,0.9545454545454546,0.002189863630602221,2283.2471986508954
2,181,45.95454545454545,66,1.0,0.020125272714225997,2283.424732031654
2,182,4.863636363636363,8,1.0,0.0021361818111141806,2276.789521534035
2,183,9.772727272727273,15,1.0,0.0042808522663439035,2282.892906527174
2,184,6.7727272727272725,12,1.0,0.0029344545539722526,2308.002099933463
2,185,18.318181818181817,27,1.0,0.007958022722794505,2301.850906471059
2,186,6.090909090909091,13,1.0,0.0026394090832168745,2307.679067121182
2,187,44.45454545454545,57,1.0,0.01936845454011663,2295.203541535522
2,188,4.545454545454546,9,0.9545454545454546,0.0019801818231247703,2295.473320869959
2,189,0.8636363636363636,3,0.5909090909090909,0.0003788749996932562,2279.475722429769
2,190,61.0,87,1.0,0.026592409042429856,2293.8876994058974
2,191,3.727272727272727,7,1.0,0.0016299431762573395,2286.7501036638937
2,192,7.590909090909091,11,1.0,0.003310749991214834,2292.8064973349774
2,193,17.136363636363637,26,1.0,0.00750730681730519,2282.6246553374353
2,194,3.5,7,1.0,0.0015350000017364932,2280.1302905801754
2,195,8.181818181818182,19,1.0,0.003571227278867313,2291.038218215339
2,196,8.136363636363637,17,1.0,0.0035122954643818298,2316.5373525304058
2,197,4.363636363636363,8,1.0,0.0019050909031648189,2290.513463891567
2,198,12.454545454545455,20,1.0,0.005428431813594547,2294.317379718255
2,199,15.090909090909092,20,1.0,0.006595068166709759,2288.2112374644125
2,200,10.045454545454545,15,1.0,0.004381113635397262,2292.899792484762
2,201,20.318181818181817,34,1.0,0.008787704552312127,2312.1148073686563
2,202,2.5454545454545454,7,0.9090909090909091,0.001104704550181685,2304.1948591919063
2,203,4.090909090909091,10,1.0,0.0018220454539087686,2245.228889396261
2,204,13.863636363636363,21,1.0,0.006031727266169831,2298.4521268714166
2,205,33.09090909090909,49,1.0,0.014411113617825322,2296.2076331129924
2,206,9.0,15,1.0,0.003889420449426821,2313.969424757439
2,207,11.590909090909092,18,1.0,0.005061590889288875,2289.9735171084817
2,208,11.272727272727273,19,1.0,0.0049176249991763725,2292.311283315683
2,209,7.2727272727272725,15,1.0,0.0031576136269987646,2303.2353327027613
2,210,6.090909090909091,12,1.0,0.002634443179968829,2312.029022763421
2,211,4.5,11,0.9545454545454546,0.0019676136342406444,2287.034365736479
2,212,7.045454545454546,11,1.0,0.003067602275140499,2296.730121290531
2,213,9.181818181818182,14,1.0,0.0039766931705261495,2308.90787598867
2,214,12.636363636363637,23,1.0,0.005433204558688554,2325.7662213649014
2,215,13.454545454545455,20,1.0,0.005852193184017035,2299.0603747140913
2,216,2.0,5,0.8636363636363636,0.0008743863648057661,2287.3183760639668
2,217,5.954545454545454,13,1.0,0.0025858977261867203,2302.699520652076
2,218,4.954545454545454,9,1.0,0.0021610909038413824,2292.6131639065484
2,219,9.409090909090908,16,1.0,0.004099022734656252,2295.44735859582
2,220,12.863636363636363,21,1.0,0.005636965911517936,2282.014219272157
2,221,6.863636363636363,14,1.0,0.002964511369513771,2315.2673436236855
2,222,5.545454545454546,10,1.0,0.0023910681814992463,2319.237313415897
2,223,11.772727272727273,21,1.0,0.005128443180265921,2295.5752572297843
2,224,16.045454545454547,26,1.0,0.007010090900373391,2288.90820012047
2,225,6.681818181818182,12,1.0,0.0029121363675750963,2294.472970502428
2,226,10.909090909090908,20,1.0,0.004773579541837204,2285.306197054032
2,227,5.363636363636363,9,1.0,0.002339545448194258,2292.597635910943
2,228,8.590909090909092,13,1.0,0.003709340900637802,2316.0203715522425
2,229,13.727272727272727,22,1.0,0.005924215915993872,2317.14591802986
2,230,16.772727272727273,24,1.0,0.007383829537006518,2271.548549254174
2,231,24.272727272727273,35,1.0,0.010594079534216276,2291.1596231019716
2,232,7.636363636363637,13,1.0,0.003303034094807861,2311.923951486746
2,233,11.863636363636363,14,1.0,0.005146875003860755,2305.017385255569
2,234,17.954545454545453,26,1.0,0.007886193179398437,2276.7062695660516
2,235,24.136363636363637,38,1.0,0.010522988624870777,2293.6795331430885
2,236,3.6363636363636362,7,0.9545454545454546,0.0015918409004701641,2284.3763062562375
2,237,35.59090909090909,46,1.0,0.015499193173706193,2296.307213674048
2,238,11.636363636363637,17,1.0,0.00510622726472899,2278.8573702430435
2,239,332.22727272727275,406,1.0,0.1451792044602123,2288.394360352916
2,240,11.0,19,1.0,0.00479659091533077,2293.2954246404493
2,241,6.5,11,1.0,0.002859045447125523,2273.486070861547
2,242,13.045454545454545,19,1.0,0.005695499999670905,2290.4845134243405
2,243,44.5,66,1.0,0.019409999978961423,2292.6326660604705
2,244,5.0,9,0.9545454545454546,0.002167318186944943,2306.9985893709554
2,245,9.636363636363637,16,1.0,0.004233954535183412,2275.972393252493
2,246,32.81818181818182,53,1.0,0.014276556818830695,2298.7462757753206
2,247,7.363636363636363,13,1.0,0.0032002840929304843,2300.9320890926024
2,248,10.5,16,1.0,0.004554318176815286,2305.504269212559
2,249,11.409090909090908,17,1.0,0.004989170432302423,2286.7711303712254
2,250,4.590909090909091,7,1.0,0.0020051590862832118,2289.54855617908
2,251,41.0,48,1.0,0.017794454533776097,2304.08860930111
2,252,206.95454545454547,271,1.0,0.09036284077526281,2290.2616128376535
2,253,12.136363636363637,21,1.0,0.0052641931860390205,2305.455595465238
2,254,6.7727272727272725,15,1.0,0.0029321022699481214,2309.853698536615
2,255,10.409090909090908,17,1.0,0.0045005454594502226,2312.8509650389046
3,0,6.318181818181818,13,1.0,0.0020558522585567766,3073.2664722791064
3,1,0.6363636363636364,3,0.45454545454545453,0.00020118181551383301,3163.1270189023658
3,2,2.8181818181818183,9,1.0,0.0009182159053373405,3069.1929880548687
3,3,0.7727272727272727,4,0.4090909090909091,0.0002536477285585451,3046.4584765596173
3,4,0.0,0,0.0,0.0,0.0
3,5,4.181818181818182,10,0.9545454545454546,0.0013625568072629076,3069.096392552309
3,6,10.727272727272727,15,1.0,0.0034262045188701118,3130.9493254682734
3,7,0.0,0,0.0,0.0,0.0
3,8,0.045454545454545456,1,0.045454545454545456,1.3897727264768697e-05,3270.6459544485792
3,9,48.81818181818182,101,1.0,0.01556559078215452,3136.288400575864
3,10,1.6818181818181819,4,0.8636363636363636,0.000540318176552484,3112.644095279326
3,11,0.8181818181818182,2,0.5909090909090909,0.0002649886353703385,3087.6109725926813
3,12,1.1818181818181819,3,0.6363636363636364,0.0003830681777220558,3085.137974252923
3,13,6.681818181818182,12,1.0,0.002156499986251054,3098.4550078454313
3,14,14.409090909090908,26,1.0,0.004624147691753355,3116.053350715397
3,15,2.8181818181818183,10,0.8636363636363636,0.0009042499917665158,3116.59590140145
3,16,0.18181818181818182,1,0.18181818181818182,6.098863642281768e-05,2981.181290194548
3,17,10.0,41,1.0,0.0031936136180196295,3131.2491729043395
3,18,0.5,2,0.36363636363636365,0.00016288636305200106,3069.6246796324886
3,19,0.2727272727272727,1,0.2727272727272727,8.906818137885156e-05,3062.005628780351
3,20,146.8181818181818,256,1.0,0.04721594278552485,3109.5043995011015
3,21,2.3181818181818183,7,0.8636363636363636,0.0007706590827596797,3008.050991731079
3,22,0.09090909090909091,1,0.09090909090909091,3.137500078248029e-05,2897.5008332064895
3,23,34.04545454545455,72,1.0,0.010971465812128206,3103.090792829124
3,24,0.0,0,0.0,0.0,0.0
3,25,8.818181818181818,18,0.9545454545454546,0.002826863612757403,3119.422450515861
3,26,4.636363636363637,12,1.0,0.0014942158992529255,3102.8739813849625
3,27,21.272727272727273,64,1.0,0.006862215839315799,3099.9793318725287
3,28,127.36363636363636,195,1.0,0.04121314737263178,3090.3642279991004
3,29,0.045454545454545456,1,0.045454545454545456,1.3488635886460543e-05,3369.840051815118
3,30,1.8181818181818181,6,0.8181818181818182,0.0005817159041974016,3125.549439275481
3,31,1.4545454545454546,5,0.6363636363636364,0.00045723863480485636,3181.1516871627355
3,32,91.81818181818181,132,1.0,0.029462181601874447,3116.4759982451587
3,33,14.954545454545455,36,1.0,0.004868681789957918,3071.5799675777766
3,34,0.9545454545454546,4,0.6818181818181818,0.000311090907251293,3068.3810818501097
3,35,0.7272727272727273,3,0.5,0.0002316590874794532,3139.4094450848256
3,36,0.7272727272727273,2,0.5454545454545454,0.0002364659052215178,3075.592342124032
3,37,30.681818181818183,66,1.0,0.009867545423648235,3109.3668044625515
3,38,2.090909090909091,10,0.7272727272727273,0.0006801249956796793,3074.301200795527
3,39,0.9090909090909091,3,0.45454545454545453,0.0002883522710445422,3152.7093780041027
3,40,13.227272727272727,31,1.0,0.004286363607124341,3085.896097402411
3,41,6.454545454545454,12,0.9545454545454546,0.002102011350375092,3070.652046381042
3,42,3.1818181818181817,13,0.8181818181818182,0.001047920439635742,3036.3165575090643
3,43,20.181818181818183,44,1.0,0.0066062840381743045,3054.94254639944
3,44,25.181818181818183,41,1.0,0.008196454495191574,3072.2818258298175
3,45,506.5,510,1.0,0.16342974874714855,3099.190960537025
3,46,7.818181818181818,20,1.0,0.0025423408938381313,3075.1902064474266
3,47,26.181818181818183,49,1.0,0.008327727195468138,3143.9332205870114
3,48,7.2272727272727275,13,1.0,0.002321943164464425,3112.5967413331396
3,49,0.5454545454545454,2,0.4090909090909091,0.00017501136277463627,3116.6807503632335
3,50,145.5,217,1.0,0.04699205644084776,3096.267986976718
3,51,24.0,49,1.0,0.007840852224035189,3060.8917646006503
3,52,31.272727272727273,48,1.0,0.010130784011297774,3086.900997775904
3,53,3.409090909090909,11,0.9090909090909091,0.0011024999879406425,3092.145983111295
3,54,0.5,2,0.4090909090909091,0.000154806816929274,3229.831928063175
3,55,4.7727272727272725,12,0.9545454545454546,0.0015736590814247559,3032.8851585860334
3,56,14.454545454545455,31,1.0,0.004736034054076299,3052.0357939792357
3,57,16.0,23,1.0,0.005165227228479291,3097.637198182006
3,58,5.045454545454546,12,1.0,0.0016092158965131437,3135.349679547076
3,59,0.8181818181818182,4,0.5,0.00026590908898717976,3076.9230991621544
3,60,1.2272727272727273,4,0.8181818181818182,0.0003920681787845255,3130.2533428687593
3,61,0.0,0,0.0,0.0,0.0
3,62,505.8181818181818,512,1.0,0.16324351011479105,3098.5500217588806
3,63,231.0,292,1.0,0.07468948817007583,3092.8046992903296
3,64,0.0,0,0.0,0.0,0.0
3,65,0.09090909090909091,1,0.09090909090909091,2.7954545327123594e-05,3252.0325351485544
3,66,2.0,5,0.9545454545454546,0.0006396249955287203,3126.832150058145
3,67,0.5909090909090909,4,0.36363636363636365,0.00019332954252604395,3056.486262721529
3,68,0.045454545454545456,1,0.045454545454545456,1.4784091035835445e-05,3074.5580059245644
3,69,4.954545454545454,14,0.8636363636363636,0.0015799204384992745,3135.9461741324444
3,70,0.045454545454545456,1,0.045454545454545456,1.7306817674332045e-05,2626.3953495020437
3,71,0.045454545454545456,1,0.045454545454545456,1.3897727264768697e-05,3270.6459544485792
3,72,0.45454545454545453,2,0.36363636363636365,0.00015045454413418403,3021.148062766816
3,73,3.0454545454545454,9,0.9545454545454546,0.0009723863582952287,3131.9387807885178
3,74,9.227272727272727,30,1.0,0.0029803977033059873,3095.987061403729
3,75,0.8636363636363636,3,0.5454545454545454,0.00028127272724470293,3070.4589531178162
3,76,4.2272727272727275,21,0.9090909090909091,0.0013697840754916383,3086.086926332159
3,77,6.409090909090909,23,0.9090909090909091,0.002116147725080902,3028.6594991121824
3,78,2.5454545454545454,16,0.6363636363636364,0.0008030113570963625,3169.8861080355646
3,79,3.6363636363636362,7,1.0,0.001190136357432824,3055.4176533245577
3,80,0.045454545454545456,1,0.045454545454545456,1.434090848885138e-05,3169.5722408299175
3,81,0.045454545454545456,1,0.045454545454545456,1.3488635886460543e-05,3369.840051815118
3,82,0.045454545454545456,1,0.045454545454545456,1.3795455081642352e-05,3294.8927879176626
3,83,2.1818181818181817,4,0.8636363636363636,0.0007115454526766288,3066.308938678212
3,84,0.6818181818181818,4,0.45454545454545453,0.00023027272386984393,2960.915953743453
3,85,13.5,25,1.0,0.004407261324972337,3063.126736666729
3,86,0.5909090909090909,3,0.3181818181818182,0.00019179545316464183,3080.933782105045
3,87,1.2272727272727273,5,0.5909090909090909,0.00040155681463974446,3056.286638725759
3,88,29.40909090909091,39,1.0,0.009519568099428645,3089.330377378782
3,89,11.681818181818182,22,1.0,0.003798795411553742,3075.137488659915
3,90,0.22727272727272727,2,0.18181818181818182,7.592045585624874e-05,2993.563786063875
3,91,0.45454545454545453,2,0.36363636363636365,0.0001522272729992189,2985.9659546537814
3,92,2.227272727272727,6,0.8181818181818182,0.0007162159017752856,3109.7783807256756
3,93,0.2727272727272727,1,0.2727272727272727,8.714772543912245e-05,3129.482397309244
3,94,1.6363636363636365,4,0.6363636363636364,0.0005288068112515083,3094.4450819211515
3,95,0.045454545454545456,1,0.045454545454545456,1.4022726893678985e-05,3241.4911735202495
3,96,3.409090909090909,11,0.9090909090909091,0.0011033181759888646,3089.8529393259228
3,97,1.7727272727272727,4,0.6818181818181818,0.0005699204497928308,3110.4819512471763
3,98,0.0,0,0.0,0.0,0.0
3,99,0.45454545454545453,4,0.2727272727272727,0.00014426136278251016,3150.8468087240494
3,100,2.090909090909091,5,0.7272727272727273,0.0006926249956119467,3018.8184142296727
3,101,0.0,0,0.0,0.0,0.0
3,102,5.136363636363637,13,0.9545454545454546,0.0016448749851075593,3122.646816850806
3,103,1.9090909090909092,7,0.7272727272727273,0.0006209431700302627,3074.50182437447
3,104,0.0,0,0.0,0.0,0.0
3,105,1.6363636363636365,7,0.7272727272727273,0.0005184545443626121,3156.2335679309776
3,106,3.409090909090909,14,0.9090909090909091,0.0011078181652754376,3077.301867715181
3,107,0.7727272727272727,4,0.45454545454545453,0.0002514999955151738,3072.474300225789
3,108,0.5,2,0.36363636363636365,0.0001623863645363599,3079.0762600516564
3,109,3.227272727272727,9,0.9545454545454546,0.0010447613550985063,3089.0046913808756
3,110,0.09090909090909091,1,0.09090909090909091,3.171590850053524e-05,2866.3561981065973
3,111,11.227272727272727,41,1.0,0.0036810567663368684,3050.013471660022
3,112,1.1363636363636365,4,0.6818181818181818,0.0003758295391559262,3023.614479361548
3,113,2.0454545454545454,8,0.9090909090909091,0.0006715454457497054,3045.891470786499
3,114,1.0,3,0.6363636363636364,0.00032682954704134977,3059.698882957734
3,115,7.454545454545454,16,1.0,0.0024139204337684946,3088.1487849654523
3,116,2.590909090909091,8,0.8181818181818182,0.0008370795337462121,3095.1767262949347
3,117,0.6363636363636364,2,0.45454545454545453,0.00021203408885577863,3001.2326781873185
3,118,6.818181818181818,17,1.0,0.002245011347854002,3037.036683444515
3,119,74.81818181818181,100,1.0,0.02419545436780688,3092.24124006246
3,120,3.6363636363636362,11,0.8181818181818182,0.0011973636177241463,3036.975220004887
3,121,0.7727272727272727,4,0.5,0.00025072727161882955,3081.943450898387
3,122,3.227272727272727,7,0.9545454545454546,0.0010636136271800337,3034.252894849813
3,123,3.909090909090909,15,0.9090909090909091,0.0012673977167155085,3084.3442887221004
3,124,0.8181818181818182,3,0.5454545454545454,0.00026203408726194704,3122.425126941245
3,125,2.227272727272727,7,0.8181818181818182,0.0007213295440041376,3087.732570759574
3,126,2.3181818181818183,5,0.8181818181818182,0.0007658749911404976,3026.840992326585
3,127,1.4545454545454546,6,0.5909090909090909,0.0004517727277495644,3219.639799398796
3,128,1.5909090909090908,6,0.6818181818181818,0.0005245568132853474,3032.86326784144
3,129,0.3181818181818182,2,0.2727272727272727,0.00010856818037361585,2930.7096894030883
3,130,9.181818181818182,15,1.0,0.0029580681637691505,3103.9914138147415
3,131,9.818181818181818,17,1.0,0.0031799317975211043,3087.5447787388143
3,132,4.181818181818182,19,0.8181818181818182,0.0013268636274998162,3151.656353485175
3,133,15.454545454545455,30,1.0,0.005042499967120503,3064.8578195967157
3,134,0.36363636363636365,2,0.2727272727272727,0.0001141818158265034,3184.713441489673
3,135,2.1818181818181817,5,0.8636363636363636,0.000710909089486284,3069.0537145822736
3,136,0.45454545454545453,2,0.4090909090909091,0.0001505909074859863,3018.4123472909787
3,137,2.1363636363636362,8,0.8181818181818182,0.0006957727270095016,3070.4906263657867
3,138,1.7272727272727273,5,0.7272727272727273,0.0005521931770172986,3128.0225818846307
3,139,6.7272727272727275,15,0.9545454545454546,0.002197363612305542,3061.5200368291635
3,140,4.590909090909091,9,1.0,0.001487409079510888,3086.514096322944
3,141,1.9545454545454546,5,0.8181818181818182,0.0006405340880684724,3051.4308152426006
3,142,6.5,15,1.0,0.00207793179618999,3128.1103700892068
3,143,0.045454545454545456,1,0.045454545454545456,1.434090848885138e-05,3169.5722408299175
3,144,2.090909090909091,7,0.6363636363636364,0.0006766363539182665,3090.1518648843685
3,145,0.7272727272727273,3,0.4090909090909091,0.00024787499437066305,2934.0302321305985
3,146,77.0,189,1.0,0.024604727148967373,3129.479938298425
3,147,4.681818181818182,9,1.0,0.001503602249696004,3113.7344884691042
3,148,2.5454545454545454,8,0.8636363636363636,0.0008182840842478486,3110.722296150095
3,149,0.7272727272727273,3,0.5,0.00023715908834922382,3066.6028122093157
3,150,2.909090909090909,7,0.9090909090909091,0.0009282954481684349,3133.798528077096
3,151,4.7272727272727275,17,1.0,0.001501261349238286,3148.8672706263064
3,152,12.045454545454545,21,1.0,0.003956340880408375,3044.594717584398
3,153,1.9545454545454546,5,0.7727272727272727,0.0006386931781889871,3060.225975933489
3,154,23.772727272727273,58,1.0,0.007638636309738186,3112.1690192816736
3,155,16.363636363636363,39,1.0,0.005258431785147299,3111.8852601371127
3,156,0.5,2,0.4090909090909091,0.00015943181775086984,3136.136858085042
3,157,0.22727272727272727,2,0.18181818181818182,7.406817960806869e-05,3068.4259890730336
3,158,7.590909090909091,22,1.0,0.002480704541085288,3059.981132452045
3,159,0.45454545454545453,5,0.2727272727272727,0.0001413409084885974,3215.9511312475024
3,160,82.54545454545455,124,1.0,0.026480363419977948,3117.2326918738067
3,161,236.6818181818182,290,1.0,0.07637265843037642,3099.038622540347
3,162,0.0,0,0.0,0.0,0.0
3,163,15.772727272727273,37,1.0,0.005189079513498159,3039.6002280747994
3,164,9.545454545454545,20,1.0,0.003017261333297938,3163.615441630022
3,165,6.863636363636363,10,1.0,0.0022016022584549237,3117.5641909330334
3,166,0.9090909090909091,2,0.5909090909090909,0.00028481817968316716,3191.8289418961435
3,167,1.4090909090909092,5,0.6818181818181818,0.0004697499971371144,2999.6613468410783
3,168,17.181818181818183,42,1.0,0.005487818120110949,3130.9015360499616
3,169,0.36363636363636365,2,0.3181818181818182,0.00012039772594686259,3020.292624105327
3,170,1.2272727272727273,5,0.5454545454545454,0.0003928181818495928,3124.2767875307795
3,171,0.18181818181818182,1,0.18181818181818182,5.690909033133225e-05,3194.8882113492296
3,172,0.7272727272727273,3,0.36363636363636365,0.00023156817901921883,3140.6419066428284
3,173,3.409090909090909,8,1.0,0.001119545445280065,3045.0670166748723
3,174,212.36363636363637,282,1.0,0.06818191993145527,3114.662018569293
3,175,2.090909090909091,6,0.7727272727272727,0.0006753409027375958,3096.079450294328
3,176,1.5909090909090908,5,0.6363636363636364,0.0005147613582349467,3090.5759833335633
3,177,37.5,112,1.0,0.012008409029063345,3122.8116821504536
3,178,52.86363636363637,132,1.0,0.01682161346252542,3142.6020150447553
3,179,0.18181818181818182,1,0.18181818181818182,5.764772702770477e-05,3153.952309876889
3,180,16.09090909090909,37,1.0,0.005122124952983789,3141.451885420261
3,181,71.45454545454545,96,1.0,0.023021431622592816,3103.8271913733315
3,182,27.772727272727273,42,1.0,0.008973022663584825,3095.136200361691
3,183,2.9545454545454546,9,0.9090909090909091,0.0009424318083223294,3135.023063159329
3,184,85.4090909090909,140,1.0,0.027614590705277144,3092.897223088997
3,185,62.22727272727273,113,1.0,0.020230477130760184,3075.91720773886
3,186,39.90909090909091,71,1.0,0.012793943103381687,3119.373799508469
3,187,0.22727272727272727,1,0.22727272727272727,7.789772644173354e-05,2917.578441043773
3,188,0.13636363636363635,1,0.13636363636363635,4.595454612916166e-05,2967.3590068840485
3,189,0.8636363636363636,4,0.5,0.0002724318143340166,3170.1009874621222
3,190,42.86363636363637,79,1.0,0.013821613566092723,3101.20349977008
3,191,0.13636363636363635,1,0.13636363636363635,4.477272688580508e-05,3045.6853055083766
3,192,0.18181818181818182,2,0.13636363636363635,5.9079544205980547e-05,3077.5149717518743
3,193,1.7272727272727273,5,0.8636363636363636,0.0005632272646339102,3066.7420342220653
3,194,0.0,0,0.0,0.0,0.0
3,195,0.0,0,0.0,0.0,0.0
3,196,0.2727272727272727,1,0.2727272727272727,8.879545335234566e-05,3071.4103304937767
3,197,0.045454545454545456,1,0.045454545454545456,1.4784091035835445e-05,3074.5580059245644
3,198,0.045454545454545456,1,0.045454545454545456,1.3874999818984758e-05,3276.0033187424856
3,199,0.0,0,0.0,0.0,0.0
3,200,119.13636363636364,245,1.0,0.038597942923925904,3086.5987825095717
3,201,3.5454545454545454,8,0.9545454545454546,0.0011445113605904307,3097.788862161679
3,202,2.3181818181818183,7,0.8636363636363636,0.0007495113532058895,3092.9242209157273
3,203,0.18181818181818182,2,0.13636363636363635,6.485227177935568e-05,2803.574598539503
3,204,0.0,0,0.0,0.0,0.0
3,205,0.13636363636363635,1,0.13636363636363635,4.2215909078632564e-05,3230.1480493915583
3,206,0.6363636363636364,2,0.45454545454545453,0.00019672727053561672,3234.750498144207
3,207,0.13636363636363635,1,0.13636363636363635,4.585227262313393e-05,2973.9777019217267
3,208,0.045454545454545456,1,0.045454545454545456,1.434090848885138e-05,3169.5722408299175
3,209,1.0909090909090908,3,0.6818181818181818,0.00035804545173463833,3046.8452695709893
3,210,0.045454545454545456,1,0.045454545454545456,1.4522726732221516e-05,3129.8905703221444
3,211,0.5909090909090909,2,0.45454545454545453,0.00019248863364654508,3069.83887679384
3,212,2.727272727272727,10,0.8181818181818182,0.0008678636328444223,3142.5129756089596
3,213,0.18181818181818182,1,0.18181818181818182,5.812499942046336e-05,3128.0547721463086
3,214,0.0,0,0.0,0.0,0.0
3,215,4.909090909090909,11,0.9090909090909091,0.0015650454350345005,3136.7082381111136
3,216,0.2727272727272727,2,0.22727272727272727,8.468181609218432e-05,3220.611995736874
3,217,1.0909090909090908,4,0.7272727272727273,0.00036735227331519127,2969.653844970443
3,218,10.409090909090908,16,1.0,0.0033241363350746474,3131.367025852494
3,219,4.045454545454546,11,0.8636363636363636,0.0013186136281795123,3067.9605147413276
3,220,0.3181818181818182,2,0.2727272727272727,0.00010535227325321598,3020.1704088250926
3,221,0.09090909090909091,1,0.09090909090909091,2.692045448136262e-05,3376.952308588566
3,222,29.727272727272727,60,1.0,0.009722159008643675,3057.682218614519
3,223,0.7272727272727273,3,0.45454545454545453,0.00024112499721178955,3016.164792876846
3,224,6.090909090909091,18,0.9090909090909091,0.001966284085276791,3097.6750188422966
3,225,2.6818181818181817,5,0.8636363636363636,0.0008750113563358107,3064.8952866720933
3,226,1.2272727272727273,5,0.6363636363636364,0.0004077272725143385,3010.0334463880336
3,227,5.818181818181818,18,0.8636363636363636,0.00182599998714233,3186.2989371030662
3,228,6.136363636363637,17,0.9545454545454546,0.0019597727170383387,3131.160865244147
3,229,10.454545454545455,17,1.0,0.00337082952583759,3101.4755787591157
3,230,4.2272727272727275,11,0.9545454545454546,0.0013839318112745373,3054.5383037185948
3,231,2.5,6,0.8636363636363636,0.0008129204454069787,3075.331681131978
3,232,1.2272727272727273,4,0.7727272727272727,0.00039693181514105,3091.8981055640884
3,233,13.818181818181818,45,1.0,0.004478488575180315,3085.4565298573893
3,234,3.9545454545454546,8,0.8636363636363636,0.0012937840828354556,3056.5729684034122
3,235,0.22727272727272727,2,0.18181818181818182,8.006818031638183e-05,2838.4899766009494
3,236,0.0,0,0.0,0.0,0.0
3,237,1.7272727272727273,9,0.5454545454545454,0.0005670340879904953,3046.153245202571
3,238,3.8636363636363638,8,1.0,0.0012594090856675227,3067.816809967292
3,239,0.0,0,0.0,0.0,0.0
3,240,0.18181818181818182,1,0.18181818181818182,5.676136325663802e-05,3203.2032246321864
3,241,16.818181818181817,33,1.0,0.005374988592600196,3128.9706998328493
3,242,2.1818181818181817,6,0.8636363636363636,0.0006967727253636854,3131.3197293699554
3,243,15.181818181818182,29,1.0,0.004934318128190088,3076.781388513125
3,244,1.0454545454545454,3,0.6363636363636364,0.0003309886325785721,3158.5814210896474
3,245,22.045454545454547,64,1.0,0.007107715861903588,3101.62293678835
3,246,3.227272727272727,7,0.9090909090909091,0.0010588181744837625,3047.99521300833
3,247,7.090909090909091,10,1.0,0.00227790907162919,3112.9026084599514
3,248,1.4090909090909092,5,0.7272727272727273,0.00045884090253490615,3070.9792900028415
3,249,5.2272727272727275,9,1.0,0.001675465890333395,3119.892059534898
3,250,5.5,16,0.9545454545454546,0.0017926249803911726,3068.1263845825874
3,251,4.2727272727272725,13,1.0,0.001388522706375542,3077.1749378736226
3,252,4.409090909090909,11,0.9545454545454546,0.0014064999770859934,3134.7962893150743
3,253,18.454545454545453,34,1.0,0.0060005567700665615,3075.4721872818386
3,254,0.4090909090909091,2,0.36363636363636365,0.0001315340897153047,3110.1512161322935
3,255,23.272727272727273,52,1.0,0.007508295409603637,3099.601973965998
4,0,6.7272727272727275,18,1.0,0.0020538408928339118,3275.4595308453345
4,1,14.5,27,1.0,0.00442944317579862,3273.549162843855
4,2,0.0,0,0.0,0.0,0.0
4,3,0.0,0,0.0,0.0,0.0
4,4,1.3636363636363635,10,0.5909090909090909,0.00041252272785641253,3305.602992402898
4,5,0.2727272727272727,2,0.22727272727272727,8.882954716682434e-05,3070.2314874473395
4,6,5.2272727272727275,11,1.0,0.0015903068177232688,3286.9586352879055
4,7,0.0,0,0.0,0.0,0.0
4,8,0.0,0,0.0,0.0,0.0
4,9,13.590909090909092,44,0.9545454545454546,0.004201545407836834,3234.7404994264652
4,10,2.5454545454545454,6,0.9545454545454546,0.0007688295458633961,3310.8177997972207
4,11,1.4545454545454546,4,0.8181818181818182,0.0004451704550195824,3267.3899135590013
4,12,3.1363636363636362,7,0.9545454545454546,0.0009588863600087775,3270.839764927855
4,13,0.0,0,0.0,0.0,0.0
4,14,6.681818181818182,14,0.9545454545454546,0.00200622726962055,3330.5390087145784
4,15,5.818181818181818,11,0.9545454545454546,0.0017774204488060523,3273.385215124575
4,16,1.0454545454545454,4,0.7272727272727273,0.0003369545421182093,3102.6575243131238
4,17,0.5909090909090909,3,0.36363636363636365,0.00018355681756722996,3219.2162554390725
4,18,0.5909090909090909,2,0.5,0.00018574999888766217,3181.2064304046685
4,19,0.5,2,0.45454545454545453,0.0001468409080354666,3405.045683041095
4,20,0.5454545454545454,2,0.3181818181818182,0.0001662272711242126,3281.3782104800175
4,21,7.0,11,1.0,0.0021126818187026815,3313.3242961774704
4,22,0.0,0,0.0,0.0,0.0
4,23,0.09090909090909091,1,0.09090909090909091,3.01590903704478e-05,3014.3180643860082
4,24,1.2272727272727273,4,0.5,0.0003870340905533257,3170.968028987186
4,25,6.7727272727272725,26,0.8636363636363636,0.0020502727155954662,3303.3299527474087
4,26,14.818181818181818,37,1.0,0.004505840900078924,3288.660684384631
4,27,6.681818181818182,23,0.9090909090909091,0.002051181797552007,3257.545571919871
4,28,0.0,0,0.0,0.0,0.0
4,29,5.090909090909091,13,1.0,0.0015929999988822435,3195.7998082116865
4,30,0.5454545454545454,2,0.45454545454545453,0.00016185227485204285,3370.076484579363
4,31,6.545454545454546,10,1.0,0.0019743977265368976,3315.16515516623
4,32,0.18181818181818182,1,0.18181818181818182,5.281818183985624e-05,3442.3407903257867
4,33,2.5,5,0.9545454545454546,0.0007750227232463658,3225.7118727153693
4,34,0.09090909090909091,1,0.09090909090909091,3.106818158729848e-05,2926.1156033109132
4,35,37.13636363636363,54,1.0,0.011335693176740526,3276.05582273195
4,36,0.0,0,0.0,0.0,0.0
4,37,30.045454545454547,64,1.0,0.009099931749832731,3301.7230646819767
4,38,9.545454545454545,26,0.9545454545454546,0.002919852250753055,3269.1566989366293
4,39,1.0454545454545454,3,0.6818181818181818,0.00031885227442465043,3278.8053569352915
4,40,0.2727272727272727,2,0.22727272727272727,8.888636313548142e-05,3068.2690022043007
4,41,0.5454545454545454,2,0.36363636363636365,0.00016999999934341758,3208.5561621248644
4,42,2.590909090909091,6,0.8181818181818182,0.0007714886371765963,3358.3243693529903
4,43,0.45454545454545453,2,0.36363636363636365,0.0001341250000140545,3388.9689058551667
4,44,17.954545454545453,31,1.0,0.005372931823578917,3341.6663460631644
4,45,3.6818181818181817,9,1.0,0.0011204886408946054,3285.9040667102113
4,46,9.409090909090908,16,1.0,0.0028476022760680116,3304.2152649502177
4,47,19.454545454545453,67,1.0,0.005947068166940219,3271.283413681613
4,48,9.363636363636363,45,0.8636363636363636,0.002810704527126456,3331.4196754823406
4,49,0.045454545454545456,1,0.045454545454545456,1.5909090341830794e-05,2857.142959018147
4,50,0.36363636363636365,2,0.2727272727272727,0.00011367045491087165,3199.0402776296514
4,51,15.136363636363637,22,1.0,0.00459144318963147,3296.6461766411508
4,52,0.45454545454545453,4,0.2727272727272727,0.0001475227247944779,3081.189390846102
4,53,0.0,0,0.0,0.0,0.0
4,54,0.045454545454545456,1,0.045454545454545456,1.3068182108161801e-05,3478.260792383401
4,55,0.36363636363636365,2,0.3181818181818182,0.0001105000013591383,3290.826779761764
4,56,0.8181818181818182,3,0.5909090909090909,0.00024928408939476043,3282.1261082818837
4,57,0.6818181818181818,2,0.5,0.0002137159105834805,3190.3014612094303
4,58,20.454545454545453,28,1.0,0.006221897722835737,3287.5091114842276
4,59,0.0,0,0.0,0.0,0.0
4,60,7.590909090909091,29,1.0,0.002250909088285301,3372.374801992424
4,61,23.636363636363637,37,1.0,0.00714944317323071,3306.0425915215396
4,62,0.13636363636363635,1,0.13636363636363635,4.294318072921173e-05,3175.4433194762437
4,63,1.4545454545454546,5,0.8181818181818182,0.00043944318233777517,3309.9738783236544
4,64,171.6818181818182,229,1.0,0.05199501125025563,3301.8902016484153
4,65,3.272727272727273,9,0.9545454545454546,0.0009785909060155973,3344.3262681158726
4,66,8.136363636363637,16,1.0,0.002451636374726976,3318.7481309375394
4,67,4.590909090909091,16,0.9090909090909091,0.0013420340956971895,3420.858758826171
4,68,199.54545454545453,315,1.0,0.06011175000854895,3319.5748670946305
4,69,35.09090909090909,66,1.0,0.010596977267678913,3311.4074140686685
4,70,3.4545454545454546,15,0.6363636363636364,0.0010521136242790487,3283.433818198724
4,71,0.18181818181818182,1,0.18181818181818182,5.23181820013137e-05,3475.2389105113857
4,72,48.72727272727273,67,1.0,0.014781602286596106,3296.48111094549
4,73,92.36363636363636,140,1.0,0.027956159131876615,3303.874324363823
4,74,3.8181818181818183,17,0.8181818181818182,0.001160579552313059,3289.8923736611623
4,75,20.454545454545453,40,1.0,0.006229102276847698,3283.7067919996794
4,76,2.409090909090909,7,0.9545454545454546,0.0007447386319241064,3234.8139411900565
4,77,0.5909090909090909,6,0.2727272727272727,0.00017493181936019525,3377.93943417677
4,78,6.454545454545454,18,1.0,0.0019595113514118234,3293.9566539867037
4,79,3.409090909090909,10,0.8636363636363636,0.001039454537517899,3279.692171272287
4,80,1.1818181818181819,5,0.45454545454545453,0.00036470454175617885,3240.481119668314
4,81,3.0,9,0.9545454545454546,0.0009204772756096314,3259.178775503287
4,82,5.409090909090909,22,0.8636363636363636,0.0016454545429124582,3287.2928227581456
4,83,2.5,6,0.9090909090909091,0.000786840906419622,3177.2623660045842
4,84,0.36363636363636365,2,0.2727272727272727,0.00011046591151336378,3291.8423308567203
4,85,0.5454545454545454,3,0.4090909090909091,0.00017203408986626363,3170.618950456694
4,86,2.6818181818181817,7,1.0,0.0008161818206479603,3285.8097472559575
4,87,0.3181818181818182,4,0.13636363636363635,9.269318120046096e-05,3432.6345698904106
4,88,0.36363636363636365,4,0.18181818181818182,0.00011430681545541368,3181.2308145195684
4,89,17.40909090909091,28,1.0,0.0052442272532392635,3319.667525532505
4,90,375.8181818181818,442,1.0,0.11408301117824687,3294.251948092356
4,91,0.0,0,0.0,0.0,0.0
4,92,25.045454545454547,46,1.0,0.007510238643259403,3334.841372575207
4,93,55.22727272727273,151,1.0,0.016965045374077323,3255.356617652216
4,94,38.86363636363637,58,1.0,0.011871715873977255,3273.6326219552875
4,95,0.7727272727272727,3,0.5454545454545454,0.0002337613643083552,3305.624413228382
4,96,31.545454545454547,53,1.0,0.009553829574460078,3301.864901356825
4,97,0.8181818181818182,3,0.5909090909090909,0.0002520113617224111,3246.6068695864606
4,98,39.54545454545455,63,1.0,0.012029000026152724,3287.5097231255477
4,99,0.5909090909090909,4,0.36363636363636365,0.00017765909036494452,3326.0841857022615
4,100,0.0,0,0.0,0.0,0.0
4,101,0.0,0,0.0,0.0,0.0
4,102,4.636363636363637,15,0.9545454545454546,0.001412681814558296,3281.9588874040196
4,103,1.7272727272727273,4,0.7727272727272727,0.0005287386381744661,3266.779846535038
4,104,4.318181818181818,9,1.0,0.0013065454497171397,3305.0375852724314
4,105,0.7272727272727273,3,0.5,0.00021977272726045075,3309.2037230390406
4,106,0.13636363636363635,1,0.13636363636363635,4.427272704726254e-05,3080.0821512093403
4,107,1.6363636363636365,9,0.6818181818181818,0.0005067159072495997,3229.351226105462
4,108,39.13636363636363,69,1.0,0.011929284073465335,3280.696762299074
4,109,0.13636363636363635,1,0.13636363636363635,4.157954456538639e-05,3279.584656084824
4,110,2.727272727272727,13,0.8636363636363636,0.0008430908995003185,3234.850155409247
4,111,1.5909090909090908,5,0.6818181818181818,0.00047218182192988354,3369.2722104522954
4,112,2.909090909090909,6,0.9545454545454546,0.0008974204485473985,3241.6142442482596
4,113,2.090909090909091,5,0.8636363636363636,0.0006306818210181187,3315.315300405688
4,114,0.0,0,0.0,0.0,0.0
4,115,8.136363636363637,40,0.9545454545454546,0.0024904659181960265,3267.004610228606
4,116,0.2727272727272727,1,0.2727272727272727,8.100000030191785e-05,3367.003354453263
4,117,0.5909090909090909,7,0.22727272727272727,0.00018423863300333986,3207.3028402158143
4,118,17.681818181818183,47,1.0,0.005412761341589926,3266.6908932335054
4,119,16.40909090909091,55,1.0,0.005028704538496889,3263.085111378544
4,120,23.045454545454547,70,1.0,0.006819977276873859,3379.1101656013316
4,121,10.181818181818182,22,1.0,0.0031950113585811446,3186.786223614482
4,122,4.636363636363637,13,1.0,0.0014182499924738129,3269.0736195785626
4,123,2.0,10,0.6818181818181818,0.0006053068182981489,3304.109485538429
4,124,3.0,12,0.8181818181818182,0.0009441590836186978,3177.4306385972995
4,125,0.045454545454545456,1,0.045454545454545456,1.303409093948589e-05,3487.358317935623
4,126,1.5,3,0.7727272727272727,0.0004589999986240979,3267.9738660052553
4,127,0.0,0,0.0,0.0,0.0
4,128,1.5454545454545454,5,0.6363636363636364,0.0004799545395971191,3220.0019334160747
4,129,0.13636363636363635,1,0.13636363636363635,4.184090886900032e-05,3259.0983334175935
4,130,2.0454545454545454,5,0.9090909090909091,0.000626193179579621,3266.491255666039
4,131,0.8181818181818182,3,0.5454545454545454,0.0002490000002911653,3285.870751907979
4,132,7.409090909090909,33,0.8181818181818182,0.0022901022497204726,3235.2664209623194
4,133,1.2727272727272727,13,0.5,0.00037576135681857437,3387.062691871673
4,134,0.7272727272727273,5,0.3181818181818182,0.00022659090940247882,3209.628882246638
4,135,13.909090909090908,24,1.0,0.004195375000232492,3315.3391313816087
4,136,2.090909090909091,8,0.7727272727272727,0.0006304545452373779,3316.5104553601473
4,137,77.5,193,1.0,0.02351602263330609,3295.625336328585
4,138,0.6363636363636364,5,0.4090909090909091,0.000198670451275327,3203.111646843411
4,139,0.13636363636363635,2,0.09090909090909091,4.812499868090857e-05,2833.5301839235685
4,140,0.18181818181818182,2,0.09090909090909091,5.8681817873465746e-05,3098.373370270024
4,141,0.36363636363636365,2,0.2727272727272727,0.00011377272841689938,3196.16457033433
4,142,0.13636363636363635,1,0.13636363636363635,3.989772680638866e-05,3417.8297181031626
4,143,0.22727272727272727,2,0.18181818181818182,7.348863503218375e-05,3092.624147573227
4,144,0.0,0,0.0,0.0,0.0
4,145,0.18181818181818182,2,0.13636363636363635,5.5386363369920716e-05,3282.7246772609706
4,146,0.4090909090909091,3,0.3181818181818182,0.0001287727262189781,3176.844360623769
4,147,1.1818181818181819,6,0.6363636363636364,0.000358545455541885,3296.1460354644564
4,148,0.9090909090909091,5,0.5454545454545454,0.0002686022741148587,3384.5242453240253
4,149,0.0,0,0.0,0.0,0.0
4,150,0.0,0,0.0,0.0,0.0
4,151,26.045454545454547,67,1.0,0.007961238561124033,3271.532983905112
4,152,2.8181818181818183,10,0.8636363636363636,0.0008525454534471712,3305.6088760861003
4,153,25.772727272727273,40,1.0,0.007850397723483515,3282.983637329772
4,154,6.7727272727272725,20,0.9090909090909091,0.002120602268736217,3193.7753592820172
4,155,0.0,0,0.0,0.0,0.0
4,156,4.7272727272727275,7,0.9545454545454546,0.0014268295424037867,3313.1306766389685
4,157,0.0,0,0.0,0.0,0.0
4,158,243.27272727272728,380,1.0,0.07340603390978438,3314.069897465216
4,159,0.045454545454545456,1,0.045454545454545456,1.3534090778028423e-05,3358.522282733428
4,160,5.590909090909091,16,1.0,0.0017364658957707104,3219.7056703078124
4,161,0.045454545454545456,1,0.045454545454545456,1.571590969847007e-05,2892.2630841388973
4,162,43.31818181818182,81,1.0,0.013140761375490745,3296.4742742361905
4,163,0.09090909090909091,1,0.09090909090909091,2.8943181281316686e-05,3140.950195677842
4,164,0.13636363636363635,2,0.09090909090909091,3.838636489077048e-05,3552.397752474428
4,165,4.136363636363637,20,0.8181818181818182,0.0012271704485597597,3370.651274416023
4,166,1.0454545454545454,4,0.5,0.0003244204589546743,3222.529642005743
4,167,0.0,0,0.0,0.0,0.0
4,168,0.09090909090909091,1,0.09090909090909091,2.8624999686144292e-05,3175.863472693582
4,169,1.8636363636363635,7,0.7272727272727273,0.0005627613639014519,3311.5925917805453
4,170,0.3181818181818182,1,0.3181818181818182,9.921590787019919e-05,3206.9637320467264
4,171,0.0,0,0.0,0.0,0.0
4,172,0.36363636363636365,2,0.3181818181818182,0.00011242045465306464,3234.6103274405386
4,173,0.5909090909090909,4,0.45454545454545453,0.00018165908907328478,3252.8462733329397
4,174,1.3636363636363635,6,0.5909090909090909,0.00041354545497928154,3297.4280026960546
4,175,0.0,0,0.0,0.0,0.0
4,176,0.6818181818181818,3,0.45454545454545453,0.00020860227232333273,3268.5079324608996
4,177,2.772727272727273,12,0.8181818181818182,0.0008561136333314194,3238.7374348165445
4,178,3.8181818181818183,16,0.9545454545454546,0.001175352278303101,3248.5424911876353
4,179,0.6818181818181818,3,0.4090909090909091,0.00020989772614980623,3248.335245573651
4,180,0.13636363636363635,1,0.13636363636363635,3.9681818717244e-05,3436.4260704708736
4,181,1.5454545454545454,14,0.5,0.00044722727563401514,3455.6357128791396
4,182,0.2727272727272727,1,0.2727272727272727,7.984090982724659e-05,3415.883828445571
4,183,0.09090909090909091,1,0.09090909090909091,2.5965908372944053e-05,3501.094188710006
4,184,0.0,0,0.0,0.0,0.0
4,185,0.0,0,0.0,0.0,0.0
4,186,0.6818181818181818,5,0.4090909090909091,0.00021627272442194888,3152.585161353736
4,187,1.2727272727272727,5,0.7272727272727273,0.0003905681819147007,3258.6558036753586
4,188,0.045454545454545456,1,0.045454545454545456,1.3409091149118137e-05,3389.830447795474
4,189,0.0,0,0.0,0.0,0.0
4,190,0.0,0,0.0,0.0,0.0
4,191,0.36363636363636365,1,0.36363636363636365,0.00011332954454701394,3208.663416850773
4,192,26.90909090909091,34,1.0,0.00820097724896517,3281.2054090854112
4,193,15.272727272727273,39,1.0,0.004638374989471314,3292.689208482489
4,194,0.045454545454545456,1,0.045454545454545456,1.3011363493701952e-05,3493.44981996294
4,195,1.8636363636363635,11,0.6818181818181818,0.000561852268715897,3316.9508559530605
4,196,0.5909090909090909,2,0.45454545454545453,0.000171250000924126,3450.564015885168
4,197,35.90909090909091,69,1.0,0.010829727284462106,3315.789028280637
4,198,13.5,25,1.0,0.004098113639470698,3294.1985478332476
4,199,0.0,0,0.0,0.0,0.0
4,200,0.6818181818181818,3,0.36363636363636365,0.00022006817744113505,3098.2134252489004
4,201,1.2727272727272727,3,0.7727272727272727,0.00039162499623754144,3249.8622022463956
4,202,13.136363636363637,20,1.0,0.003965079558177174,3313.013886259242
4,203,8.272727272727273,17,1.0,0.0024883863542609934,3324.5348973086325
4,204,49.54545454545455,81,1.0,0.01505795454696371,3290.317711541034
4,205,4.045454545454546,12,0.8636363636363636,0.0012257045375670052,3300.513640493392
4,206,0.045454545454545456,1,0.045454545454545456,1.515909124546769e-05,2998.500683089139
4,207,72.04545454545455,111,1.0,0.02194412498713725,3283.131798952323
4,208,4.590909090909091,11,0.9545454545454546,0.0014214090902400626,3229.8295560595643
4,209,3.8181818181818183,9,0.9090909090909091,0.0011810681700642983,3232.8208607755073
4,210,32.0,53,1.0,0.009646988631257873,3317.0973060250735
4,211,0.3181818181818182,1,0.3181818181818182,9.801136250396006e-05,3246.376849102188
4,212,0.13636363636363635,1,0.13636363636363635,4.32272724786096e-05,3154.574150638673
4,213,37.68181818181818,114,1.0,0.011360534088453278,3316.905515922668
4,214,13.272727272727273,31,1.0,0.004042931801946411,3282.9461200254013
4,215,0.13636363636363635,1,0.13636363636363635,3.981818206904625e-05,3424.6575126703824
4,216,135.45454545454547,264,1.0,0.041125897454383616,3293.655672919725
4,217,19.863636363636363,45,1.0,0.005937534101328559,3345.4353313426454
4,218,199.13636363636363,241,1.0,0.06058837493368297,3286.7091063975295
4,219,2.0454545454545454,10,0.6818181818181818,0.0006541477182922376,3126.9000689852555
4,220,16.772727272727273,26,1.0,0.005109397723572329,3282.721013348774
4,221,59.95454545454545,156,1.0,0.018137431814631618,3305.569722731066
4,222,34.63636363636363,93,1.0,0.010744568103374067,3223.6161847666017
4,223,8.954545454545455,26,0.9545454545454546,0.002712738638034683,3300.9245081689173
4,224,1.1818181818181819,5,0.6818181818181818,0.00035730681900697,3307.572425017526
4,225,1.5454545454545454,4,0.7272727272727273,0.0004754886375105178,3250.2449554756395
4,226,2.0454545454545454,8,0.8181818181818182,0.0006062840944981541,3373.75590752987
4,227,4.454545454545454,22,0.8636363636363636,0.0013221250026783143,3369.231688018601
4,228,0.0,0,0.0,0.0,0.0
4,229,52.13636363636363,185,1.0,0.01591805684570731,3275.296987673685
4,230,0.0,0,0.0,0.0,0.0
4,231,0.5909090909090909,3,0.5,0.00018399999879131263,3211.462471688832
4,232,71.68181818181819,228,1.0,0.022460874906921,3191.408103151425
4,233,0.13636363636363635,2,0.09090909090909091,3.843181978233836e-05,3548.1961857633223
4,234,8.681818181818182,15,1.0,0.002639613634197634,3289.048847657283
4,235,6.954545454545454,19,1.0,0.002124318187601272,3273.777673766639
4,236,74.68181818181819,160,1.0,0.022078170513850637,3382.6089953860487
4,237,9.772727272727273,17,1.0,0.002961795452971604,3299.595609454455
4,238,96.13636363636364,145,1.0,0.029094590928500773,3304.2693012119107
4,239,1.5,9,0.5454545454545454,0.0004668977212118493,3212.6950547256856
4,240,9.590909090909092,21,1.0,0.002906954548300498,3299.2979186813413
4,241,6.363636363636363,10,1.0,0.0019139090886297213,3324.941817478102
4,242,24.90909090909091,41,1.0,0.007556772716766732,3296.260433216867
4,243,0.0,0,0.0,0.0,0.0
4,244,347.6363636363636,413,1.0,0.10582678389222235,3284.956330057318
4,245,1.5909090909090908,5,0.7272727272727273,0.00047768181883095,3330.478632832597
4,246,2.090909090909091,13,0.7727272727272727,0.0006528295383428816,3202.840815408839
4,247,5.454545454545454,17,0.9545454545454546,0.0017106590768724511,3188.5637110802013
4,248,0.6818181818181818,3,0.4090909090909091,0.00021027272635943848,3242.542167131496
4,249,3.0,15,0.7727272727272727,0.000887749999740415,3379.3297672511667
4,250,0.0,0,0.0,0.0,0.0
4,251,9.772727272727273,24,0.9545454545454546,0.0030029090650548988,3254.419984425539
4,252,363.0,434,1.0,0.11027537484716793,3291.759384206006
4,253,0.13636363636363635,1,0.13636363636363635,4.184090886900032e-05,3259.0983334175935
4,254,0.22727272727272727,1,0.22727272727272727,6.915908968287773e-05,3286.230751660616
4,255,1.2727272727272727,8,0.5,0.00039878409006632864,3191.5196830334517
5,0,6.909090909090909,11,1.0,0.001987159080189568,3476.86854966428
5,1,0.7272727272727273,2,0.5454545454545454,0.00021262499847745693,3420.4478893850983
5,2,0.045454545454545456,1,0.045454545454545456,1.560227246955037e-05,2913.3285259089807
5,3,0.0,0,0.0,0.0,0.0
5,4,9.045454545454545,22,1.0,0.0026038067986850033,3473.9346060632292
5,5,10.590909090909092,25,1.0,0.003093806807142259,3423.2612929997026
5,6,0.5454545454545454,3,0.45454545454545453,0.0001606818153628741,3394.62523635748
5,7,1.5,7,0.5,0.0004237840833163566,3539.5383145625215
5,8,24.545454545454547,55,1.0,0.007140386324449951,3437.5527359642365
5,9,1.1818181818181819,4,0.6818181818181818,0.0003487159093228084,3389.0572532616106
5,10,0.0,0,0.0,0.0,0.0
5,11,7.818181818181818,18,1.0,0.002288818176814609,3415.81603002757
5,12,1.9090909090909092,8,0.7727272727272727,0.0005684772662458603,3358.2537463604535
5,13,7.090909090909091,15,0.9545454545454546,0.0020518522677858446,3455.857520659076
5,14,11.454545454545455,16,1.0,0.0033264204433759337,3443.5050077194724
5,15,0.18181818181818182,1,0.18181818181818182,5.135227217000317e-05,3540.6063672561077
5,16,0.045454545454545456,1,0.045454545454545456,1.3102273276837712e-05,3469.210609039907
5,17,2.272727272727273,9,0.7272727272727273,0.0006595568173162809,3445.840014170333
5,18,5.0,12,1.0,0.0014714999865232544,3397.8933372698225
5,19,3.6818181818181817,9,0.8636363636363636,0.001058931814358485,3476.917146028591
5,20,3.5,11,0.8636363636363636,0.0010234886285616085,3419.6764891455937
5,21,3.272727272727273,7,1.0,0.0009515909015052868,3439.2166502961154
5,22,5.0,12,1.0,0.00144535226916725,3459.364271715425
5,23,4.2727272727272725,19,0.8181818181818182,0.0013098522613290697,3261.991751949077
5,24,0.45454545454545453,3,0.3181818181818182,0.00013353408906947482,3403.9656668415555
5,25,4.2272727272727275,8,1.0,0.0012286249945067209,3440.653369557999
5,26,59.68181818181818,110,1.0,0.017206409020053052,3468.5806964290196
5,27,15.409090909090908,47,1.0,0.004539920443097468,3394.132364702341
5,28,8.090909090909092,14,1.0,0.0023379886300641706,3460.628074434657
5,29,7.5,17,1.0,0.0021705567976989023,3455.3345979939627
5,30,7.181818181818182,15,0.9545454545454546,0.002072284073537131,3465.653321149022
5,31,3.3636363636363638,9,0.9090909090909091,0.0010004659058970653,3362.0699554177886
5,32,0.4090909090909091,3,0.3181818181818182,0.00011387499795422296,3592.4559072691363
5,33,7.636363636363637,12,1.0,0.002191409082363614,3484.6819326527543
5,34,0.09090909090909091,1,0.09090909090909091,2.7534090225923467e-05,3301.692199130647
5,35,0.2727272727272727,2,0.18181818181818182,7.664772882972929e-05,3558.1911804996657
5,36,2.6818181818181817,8,0.9090909090909091,0.0007793749986872585,3440.985644054924
5,37,0.09090909090909091,1,0.09090909090909091,2.5113635770553216e-05,3619.9095877501577
5,38,0.0,0,0.0,0.0,0.0
5,39,4.7272727272727275,11,1.0,0.0013483636271716518,3505.9331414840426
5,40,17.454545454545453,40,1.0,0.00516385224446739,3380.140373545051
5,41,38.72727272727273,84,1.0,0.011162715875384905,3469.3414362243952
5,42,0.0,0,0.0,0.0,0.0
5,43,43.81818181818182,65,1.0,0.012663204450456595,3460.275950658119
5,44,5.863636363636363,11,1.0,0.0016817386203911155,3486.651428789023
5,45,0.9090909090909091,3,0.7272727272727273,0.00025956817923791027,3502.320322005538
5,46,183.3181818181818,213,1.0,0.0531161132490855,3451.2725160916775
5,47,14.818181818181818,26,1.0,0.004287295412557962,3456.300625979196
5,48,1.0454545454545454,3,0.6818181818181818,0.00030668181584174323,3408.9225100781014
5,49,0.0,0,0.0,0.0,0.0
5,50,3.5,14,0.7272727272727273,0.0010479772635418076,3339.767113048987
5,51,0.0,0,0.0,0.0,0.0
5,52,0.0,0,0.0,0.0,0.0
5,53,9.272727272727273,18,1.0,0.0026627840786452657,3482.3429158570466
5,54,0.045454545454545456,1,0.045454545454545456,1.2806817804547874e-05,3549.2458898262717
5,55,3.6363636363636362,13,0.9090909090909091,0.001063102262295698,3420.5210216664887
5,56,0.22727272727272727,2,0.18181818181818182,6.56590921359814e-05,3461.405265885196
5,57,1.6818181818181819,9,0.7272727272727273,0.0004914545398523015,3422.1236054175515
5,58,45.5,94,1.0,0.01312122721389063,3467.663447808599
5,59,1.2727272727272727,4,0.7272727272727273,0.0003758977228161794,3385.833952895902
5,60,6.045454545454546,14,1.0,0.0017264090764166956,3501.7509048332768
5,61,3.1363636363636362,10,0.9090909090909091,0.0008968409079402177,3497.123746916217
5,62,6.590909090909091,16,0.9545454545454546,0.0018895227192181417,3488.134344124911
5,63,10.954545454545455,18,1.0,0.003165556799186478,3460.5430101145816
5,64,0.045454545454545456,1,0.045454545454545456,1.3227272905747999e-05,3436.426070470874
5,65,0.13636363636363635,1,0.13636363636363635,3.8613636702807113e-05,3531.489080222352
5,66,0.045454545454545456,1,0.045454545454545456,1.2465908763591539e-05,3646.308208776718
5,67,0.9090909090909091,4,0.5454545454545454,0.00027765908850018275,3274.126245971274
5,68,3.4545454545454546,8,0.9090909090909091,0.0009974999953886834,3463.203479213416
5,69,5.318181818181818,14,0.9090909090909091,0.0015400454404615712,3453.262922286171
5,70,0.0,0,0.0,0.0,0.0
5,71,1.3181818181818181,4,0.5909090909090909,0.00037709090313662523,3495.660614502341
5,72,2.590909090909091,9,0.9090909090909091,0.0007644090854393488,3389.427389419305
5,73,1.2272727272727273,6,0.6818181818181818,0.0003786931788040833,3240.8102283449266
5,74,4.045454545454546,22,0.9545454545454546,0.0011747499864379113,3443.6727747673476
5,75,1.2727272727272727,4,0.6363636363636364,0.000379045452890833,3357.7167672654405
5,76,3.590909090909091,9,0.8181818181818182,0.001061147723124701,3383.986048931195
5,77,2.090909090909091,6,0.7272727272727273,0.0006075113593727689,3441.761308081335
5,78,0.09090909090909091,1,0.09090909090909091,2.4727271838029e-05,3676.470720448764
5,79,1.6363636363636365,5,0.6818181818181818,0.00047298863434910095,3459.625702455839
5,80,0.5454545454545454,3,0.4090909090909091,0.00015763636408585378,3460.2076025901833
5,81,23.818181818181817,50,1.0,0.006937852233849381,3433.0771275257607
5,82,0.5909090909090909,4,0.36363636363636365,0.0001686590893024748,3503.570980686069
5,83,2.1363636363636362,6,0.8181818181818182,0.0006149318161822686,3474.147182084344
5,84,0.4090909090909091,3,0.2727272727272727,0.00012374999906486747,3305.785148947526
5,85,0.18181818181818182,1,0.18181818181818182,5.459090805908834e-05,3330.5579313937164
5,86,2.909090909090909,17,0.7272727272727273,0.0008359886388379065,3479.8211051465805
5,87,0.13636363636363635,1,0.13636363636363635,4.034090803047134e-05,3380.2817789979995
5,88,0.0,0,0.0,0.0,0.0
5,89,5.590909090909091,21,0.9090909090909091,0.0016924431719499726,3303.4545464043235
5,90,8.727272727272727,21,1.0,0.002580159075230106,3382.4552955109575
5,91,0.0,0,0.0,0.0,0.0
5,92,0.13636363636363635,2,0.09090909090909091,4.407954508100044e-05,3093.58084601497
5,93,0.5,1,0.5,0.00014492045474154028,3450.1685831149894
5,94,1.8181818181818181,6,0.8181818181818182,0.0005324886283646761,3414.498866887787
5,95,0.0,0,0.0,0.0,0.0
5,96,0.5,2,0.45454545454545453,0.00014525000005960464,3442.3407903257867
5,97,0.045454545454545456,1,0.045454545454545456,1.560227246955037e-05,2913.3285259089807
5,98,0.09090909090909091,1,0.09090909090909091,2.5340908905491233e-05,3587.4439724374456
5,99,0.2727272727272727,1,0.2727272727272727,7.819318059112199e-05,3487.8651906153314
5,100,0.0,0,0.0,0.0,0.0
5,101,0.0,0,0.0,0.0,0.0
5,102,0.0,0,0.0,0.0,0.0
5,103,0.0,0,0.0,0.0,0.0
5,104,2.8181818181818183,8,0.8181818181818182,0.0008434886324473403,3341.1023098260425
5,105,0.7272727272727273,9,0.3181818181818182,0.00021787500405811113,3338.027372239317
5,106,0.0,0,0.0,0.0,0.0
5,107,0.045454545454545456,1,0.045454545454545456,1.5738635821352627e-05,2888.086742109962
5,108,1.2272727272727273,4,0.5454545454545454,0.00033773863370614975,3633.794315460276
5,109,1.0909090909090908,6,0.3181818181818182,0.00031430681437169284,3470.841359548139
5,110,1.0,5,0.4090909090909091,0.0002998295438539406,3335.2283672456956
5,111,0.09090909090909091,1,0.09090909090909091,2.6090909324755724e-05,3484.3205262621505
5,112,0.22727272727272727,1,0.22727272727272727,6.720454522027549e-05,3381.8058961309584
5,113,0.3181818181818182,2,0.2727272727272727,9.364772598597814e-05,3397.645963442396
5,114,0.6818181818181818,6,0.3181818181818182,0.00020461363733788445,3332.22257660312
5,115,1.3636363636363635,12,0.36363636363636365,0.0004076363666999069,3345.227450327667
5,116,0.0,0,0.0,0.0,0.0
5,117,0.0,0,0.0,0.0,0.0
5,118,2.0454545454545454,7,0.6818181818181818,0.0005922045397297056,3453.966338029312
5,119,0.5454545454545454,3,0.36363636363636365,0.0001717045419023965,3176.7042351424975
5,120,0.0,0,0.0,0.0,0.0
5,121,0.3181818181818182,2,0.22727272727272727,9.734090946784073e-05,3268.736854024755
5,122,0.2727272727272727,2,0.22727272727272727,8.217045449948108e-05,3319.0430111226297
5,123,0.13636363636363635,1,0.13636363636363635,3.670454580887136e-05,3715.170242773519
5,124,0.4090909090909091,2,0.3181818181818182,0.00011902272473724389,3437.0823722446576
5,125,0.2727272727272727,2,0.22727272727272727,7.6374999480322e-05,3570.8972122159007
5,126,0.9090909090909091,3,0.6363636363636364,0.0002685113616859202,3385.6701756787475
5,127,1.5,6,0.6818181818181818,0.0004441931814653799,3376.909107545382
5,128,42.68181818181818,77,1.0,0.01241679540941153,3437.426225889712
5,129,0.3181818181818182,3,0.18181818181818182,9.777272564613007e-05,3254.3003795702416
5,130,44.63636363636363,98,1.0,0.012874852144953118,3466.941843977671
5,131,0.36363636363636365,2,0.3181818181818182,0.0001137386346024207,3197.122639175979
5,132,14.318181818181818,23,1.0,0.004143624968657439,3455.47242486595
5,133,5.5,8,1.0,0.0015739318081283602,3494.4334764670148
5,134,6.2272727272727275,19,1.0,0.0018195227113954554,3422.47595387079
5,135,0.045454545454545456,1,0.045454545454545456,1.298863604791801e-05,3499.5626397454957
5,136,0.18181818181818182,1,0.18181818181818182,5.373863677959889e-05,3383.3791237370297
5,137,1.3636363636363635,5,0.6363636363636364,0.00039714771926149047,3433.574706590513
5,138,0.09090909090909091,1,0.09090909090909091,2.429545433683829e-05,3741.8148122979883
5,139,0.045454545454545456,1,0.045454545454545456,1.299999977080998e-05,3496.5035581468596
5,140,0.9090909090909091,5,0.5,0.0002713749960424717,3349.943518556998
5,141,2.0454545454545454,5,0.8181818181818182,0.0005886022673538802,3475.104767519991
5,142,0.09090909090909091,1,0.09090909090909091,2.5284090291031383e-05,3595.5057058682323
5,143,3.0454545454545454,8,0.8181818181818182,0.0008819204522296786,3453.2077555917904
5,144,13.454545454545455,31,1.0,0.00391319316457322,3438.2523143379844
5,145,0.0,0,0.0,0.0,0.0
5,146,3.5454545454545454,10,0.9090909090909091,0.0010487499993442643,3380.6479596389577
5,147,0.45454545454545453,2,0.4090909090909091,0.00013326136236587033,3410.93206969846
5,148,1.2272727272727273,7,0.5909090909090909,0.0003744431795150211,3277.594023377035
5,149,0.18181818181818182,2,0.13636363636363635,5.392045370006765e-05,3371.9705481252972
5,150,2.9545454545454546,7,1.0,0.0008694090885745192,3398.33743789097
5,151,0.0,0,0.0,0.0,0.0
5,152,3.772727272727273,10,0.9090909090909091,0.0010898863600397651,3461.578574659493
5,153,6.7727272727272725,13,1.0,0.001953147716862573,3467.5960319102755
5,154,3.5454545454545454,8,0.9545454545454546,0.001033136349922808,3431.7392333736475
5,155,0.0,0,0.0,0.0,0.0
5,156,0.0,0,0.0,0.0,0.0
5,157,0.13636363636363635,1,0.13636363636363635,4.046590765938163e-05,3369.8400518151175
5,158,1.0,3,0.6818181818181818,0.0002874204523819075,3479.22352676301
5,159,1.3181818181818181,6,0.5454545454545454,0.0003878409003267403,3398.7694878784137
5,160,0.13636363636363635,1,0.13636363636363635,3.838636489077048e-05,3552.397752474428
5,161,0.045454545454545456,1,0.045454545454545456,1.5738635821352627e-05,2888.086742109962
5,162,0.3181818181818182,2,0.18181818181818182,9.057954594027251e-05,3512.7336406789336
5,163,0.09090909090909091,2,0.045454545454545456,2.4931817527183078e-05,3646.308208776718
5,164,4.681818181818182,10,1.0,0.001362443176648495,3436.3401439868435
5,165,1.2727272727272727,5,0.5454545454545454,0.0003792045423655178,3356.3080884734823
5,166,16.5,25,1.0,0.004788159055434252,3446.00081345952
5,167,126.68181818181819,192,1.0,0.037074215688996694,3416.979046691371
5,168,2.409090909090909,8,0.9090909090909091,0.0007143409086645327,3372.4666750427723
5,169,0.6818181818181818,6,0.36363636363636365,0.00019451136309230193,3505.287151242866
5,170,0.5909090909090909,4,0.4090909090909091,0.00017112499732651156,3453.0845881132077
5,171,0.9090909090909091,3,0.5909090909090909,0.0002611477248137817,3481.13662387509
5,172,2.590909090909091,11,0.6818181818181818,0.000766204543073069,3381.4848976456788
5,173,0.0,0,0.0,0.0,0.0
5,174,0.13636363636363635,2,0.09090909090909091,4.664772661106492e-05,2923.26435327913
5,175,470.0,493,1.0,0.13635697641505182,3446.8350087888784
5,176,0.8636363636363636,5,0.5,0.0002537954543103379,3402.8834991674826
5,177,17.5,51,1.0,0.004976352234900167,3516.6320979590137
5,178,0.13636363636363635,1,0.13636363636363635,4.085227159190584e-05,3337.9694947160397
5,179,29.227272727272727,52,1.0,0.008448499917655929,3459.4629830311883
5,180,3.590909090909091,7,1.0,0.0010412840797057884,3448.5393188030794
5,181,2.3636363636363638,7,0.9090909090909091,0.000679159083202566,3480.239640601826
5,182,1.2272727272727273,7,0.5909090909090909,0.0003628522721225057,3382.293075068239
5,183,6.863636363636363,18,1.0,0.0020051136340374465,3423.066028340707
5,184,0.45454545454545453,4,0.2727272727272727,0.00013796590660190717,3294.621589788989
5,185,4.454545454545454,11,1.0,0.0012839318171080033,3469.456395729105
5,186,89.4090909090909,120,1.0,0.025845079374531368,3459.4241175826182
5,187,0.2727272727272727,2,0.18181818181818182,8.064772621516816e-05,3381.710626281468
5,188,2.8181818181818183,9,0.9545454545454546,0.0008111363594335588,3474.3625845472397
5,189,0.0,0,0.0,0.0,0.0
5,190,1.7272727272727273,4,0.7272727272727273,0.0005060568179363723,3413.1992022482764
5,191,4.2727272727272725,21,0.6818181818181818,0.0012315227253235537,3469.466851782791
5,192,44.0,86,1.0,0.012792181748822755,3439.6009112401216
5,193,9.681818181818182,18,1.0,0.0028497840711762283,3397.3865878975453
5,194,0.13636363636363635,1,0.13636363636363635,4.0886362760581754e-05,3335.186286003008
5,195,7.2272727272727275,17,1.0,0.002071715892684138,3488.5443283002446
5,196,21.818181818181817,59,0.9545454545454546,0.0062100908610525285,3513.343412576724
5,197,4.454545454545454,11,1.0,0.001305136357338845,3413.0881646943085
5,198,7.818181818181818,18,1.0,0.002277272708438845,3433.133760928208
5,199,3.1363636363636362,10,0.8636363636363636,0.0009035454488846219,3471.174184137951
5,200,13.409090909090908,29,1.0,0.00388785223714711,3448.9713320304695
5,201,0.6818181818181818,3,0.45454545454545453,0.00020472727059809998,3330.3730364122266
5,202,11.727272727272727,23,1.0,0.003372545422859151,3477.2764357108845
5,203,0.045454545454545456,1,0.045454545454545456,1.560227246955037e-05,2913.3285259089807
5,204,12.090909090909092,34,1.0,0.0035021931716156278,3452.3821212669795
5,205,1.2727272727272727,4,0.6818181818181818,0.00037136363310062074,3427.172612732459
5,206,93.77272727272727,145,1.0,0.027194579319753262,3448.2139315394297
5,207,8.090909090909092,14,1.0,0.0023235340711173853,3482.1564234770103
5,208,0.3181818181818182,2,0.22727272727272727,8.932954568246549e-05,3561.887791446298
5,209,6.5,14,1.0,0.0018758181686280295,3465.154623571052
5,210,423.8636363636364,481,1.0,0.1227936469129583,3451.8368581730465
5,211,3.1818181818181817,9,1.0,0.0009172840866747058,3468.738014798399
5,212,1.3181818181818181,3,0.6363636363636364,0.00036756818008143455,3586.2239704475387
5,213,0.13636363636363635,2,0.09090909090909091,3.880681734616783e-05,3513.9092996788163
5,214,0.045454545454545456,1,0.045454545454545456,1.2375000303357162e-05,3673.094492144318
5,215,1.5454545454545454,6,0.7272727272727273,0.00044376136528709054,3482.625271929017
5,216,1.6363636363636365,11,0.7272727272727273,0.0004742613633755933,3450.341441935491
5,217,18.5,29,1.0,0.005389988615537401,3432.289253203828
5,218,0.09090909090909091,1,0.09090909090909091,2.603409071029587e-05,3491.9249502783096
5,219,397.8181818181818,471,1.0,0.1154209992012263,3446.670749441538
5,220,0.22727272727272727,2,0.18181818181818182,6.431818077213724e-05,3533.5689620621583
5,221,0.6363636363636364,3,0.4090909090909091,0.00018299999911422756,3477.3969368514686
5,222,2.3636363636363638,7,0.8636363636363636,0.0006832499956627461,3459.4019445893427
5,223,96.5909090909091,143,1.0,0.028089874824879436,3438.6379324609065
5,224,0.0,0,0.0,0.0,0.0
5,225,0.6818181818181818,3,0.5454545454545454,0.00019607954362237996,3477.253002644999
5,226,0.0,0,0.0,0.0,0.0
5,227,3.090909090909091,11,0.9090909090909091,0.0009049772660628977,3415.4549587262964
5,228,0.0,0,0.0,0.0,0.0
5,229,17.954545454545453,41,1.0,0.005237102245287547,3428.3358646857287
5,230,4.636363636363637,12,0.9090909090909091,0.0013012045462594622,3563.1320607445364
5,231,0.045454545454545456,1,0.045454545454545456,1.560227246955037e-05,2913.3285259089807
5,232,18.863636363636363,32,1.0,0.005428784051962959,3474.744285843454
5,233,0.45454545454545453,3,0.3181818181818182,0.00013234091007193044,3434.655650307968
5,234,1.1363636363636365,3,0.7727272727272727,0.0003306818173520944,3436.426125460929
5,235,98.31818181818181,153,1.0,0.02848357944193677,3451.7495253221787
5,236,2.0,6,0.9090909090909091,0.0005834659029708498,3427.792420802216
5,237,5.7272727272727275,34,0.8181818181818182,0.0017461363511922007,3279.968785577568
5,238,0.045454545454545456,1,0.045454545454545456,1.3102273276837712e-05,3469.210609039907
5,239,72.63636363636364,113,1.0,0.021021238471307283,3455.3798405126263
5,240,14.272727272727273,28,1.0,0.004202102243487554,3396.5682997949993
5,241,0.5,2,0.4090909090909091,0.0001472045431993055,3396.634296286848
5,242,0.0,0,0.0,0.0,0.0
5,243,5.0,10,1.0,0.001444420453150418,3461.595956422886
5,244,89.5909090909091,194,1.0,0.02629428392075087,3407.2389786666113
5,245,492.8636363636364,508,1.0,0.14302416955814062,3446.01641726913
5,246,3.227272727272727,8,0.9545454545454546,0.0009138863586651331,3531.37203184282
5,247,190.86363636363637,248,1.0,0.05500509053077125,3469.926774447583
5,248,156.13636363636363,218,1.0,0.0453168065512066,3445.440566513316
5,249,0.0,0,0.0,0.0,0.0
5,250,0.09090909090909091,1,0.09090909090909091,2.4522727471776307e-05,3707.1362071661883
5,251,2.3636363636363638,7,0.7727272727272727,0.000685749998824163,3446.790182558115
5,252,31.59090909090909,59,1.0,0.00905056811593981,3490.4890705447933
5,253,14.909090909090908,33,1.0,0.004292636337182062,3473.178191208741
5,254,0.0,0,0.0,0.0,0.0
5,255,0.0,0,0.0,0.0,0.0
6,0,453.22727272727275,494,1.0,0.11636607843948613,3894.8401355895535
6,1,10.090909090909092,18,1.0,0.002581806788591414,3908.467951784458
6,2,2.090909090909091,6,0.8636363636363636,0.0005416249941018494,3860.4368588571956
6,3,236.0909090909091,304,1.0,0.060605010788342704,3895.567478990052
6,4,63.40909090909091,119,1.0,0.01624063630945536,3904.3476930872403
6,5,36.59090909090909,70,1.0,0.009518795358334583,3844.069308504503
6,6,16.363636363636363,27,1.0,0.0042087272191896445,3888.0249328173486
6,7,0.0,0,0.0,0.0,0.0
6,8,0.4090909090909091,1,0.4090909090909091,0.00010571590841705488,3869.719470006574
6,9,39.0,94,1.0,0.010265193059405481,3799.246616629997
6,10,0.7272727272727273,4,0.5,0.00018893181814663959,3849.3925184600403
6,11,184.45454545454547,283,1.0,0.046871101832287175,3935.3575709518286
6,12,40.54545454545455,68,1.0,0.010433113550375723,3886.227668249082
6,13,17.772727272727273,36,1.0,0.004547568124756005,3908.182744086071
6,14,77.04545454545455,122,1.0,0.019724147555693475,3906.1487614563594
6,15,24.454545454545453,36,1.0,0.006335681748169009,3859.812791514147
6,16,4.2727272727272725,18,0.9090909090909091,0.0011149090919802388,3832.3548560701884
6,17,1.9545454545454546,4,0.9090909090909091,0.0005025227232677439,3889.4668122382072
6,18,1.5454545454545454,7,0.7727272727272727,0.00041359090788649735,3736.6743707012724
6,19,0.9545454545454546,6,0.5454545454545454,0.00024315909038043836,3925.6005319480573
6,20,58.54545454545455,72,1.0,0.015032283955819863,3894.6479934466797
6,21,137.27272727272728,238,1.0,0.0352097608801242,3898.7122843602524
6,22,1.0,5,0.5,0.00026309090356913987,3800.9675987797946
6,23,227.1818181818182,356,1.0,0.05811235192893285,3909.355079272044
6,24,1.0909090909090908,7,0.36363636363636365,0.0002778977194049565,3925.577702634553
6,25,0.13636363636363635,2,0.09090909090909091,3.540909065949646e-05,3851.0911696362537
6,26,2.909090909090909,11,0.6818181818181818,0.0007749204451101832,3754.051048010839
6,27,1.4090909090909092,7,0.5454545454545454,0.00036577271583320743,3852.367462349093
6,28,0.13636363636363635,1,0.13636363636363635,3.407954566434703e-05,4001.3337532928376
6,29,366.5,424,1.0,0.0941808172845578,3891.450621973872
6,30,0.18181818181818182,3,0.09090909090909091,4.4704543887002565e-05,4067.1074125653654
6,31,0.6818181818181818,2,0.5454545454545454,0.00018077272530221805,3771.687242521292
6,32,0.09090909090909091,1,0.09090909090909091,2.4670453885019842e-05,3684.9379153211225
6,33,0.22727272727272727,1,0.22727272727272727,5.93295454481532e-05,3830.683777466928
6,34,1.1818181818181819,4,0.7272727272727273,0.0003047613605634648,3877.84783357428
6,35,0.045454545454545456,1,0.045454545454545456,1.1909090310589157e-05,3816.7940849460874
6,36,9.318181818181818,36,0.9545454545454546,0.0024754999738599345,3764.161549819127
6,37,0.0,0,0.0,0.0,0.0
6,38,0.18181818181818182,2,0.13636363636363635,4.948863484473391e-05,3673.938115056514
6,39,0.7727272727272727,3,0.5,0.00020906818099319935,3696.053933488847
6,40,7.409090909090909,19,0.9545454545454546,0.001936602253408637,3825.8196261261596
6,41,0.4090909090909091,2,0.3181818181818182,0.00011132954320849173,3674.594337684352
6,42,0.0,0,0.0,0.0,0.0
6,43,0.13636363636363635,1,0.13636363636363635,3.246590825834904e-05,4200.2101182112665
6,44,0.0,0,0.0,0.0,0.0
6,45,0.0,0,0.0,0.0,0.0
6,46,1.5,8,0.5909090909090909,0.00040201136090962046,3731.2378351845323
6,47,0.0,0,0.0,0.0,0.0
6,48,28.181818181818183,49,1.0,0.00727231809287332,3875.218028407699
6,49,2.909090909090909,7,0.8181818181818182,0.0007519659021371891,3868.647369279482
6,50,0.09090909090909091,2,0.045454545454545456,2.3113635093481704e-05,3933.1368926356486
6,51,3.227272727272727,11,0.8181818181818182,0.00080152271468912,4026.427034603084
6,52,0.0,0,0.0,0.0,0.0
6,53,1.8181818181818181,6,0.7727272727272727,0.00046507954539265484,3909.3996633345237
6,54,1.2272727272727273,6,0.5454545454545454,0.0003342159034218639,3672.0955367692445
6,55,2.5454545454545454,8,0.8181818181818182,0.0006709090792521073,3794.0380063004645
6,56,21.454545454545453,53,1.0,0.005664897660608403,3787.278559987483
6,57,0.0,0,0.0,0.0,0.0
6,58,2.4545454545454546,8,0.8181818181818182,0.0006444090858250009,3808.9864164516507
6,59,0.0,0,0.0,0.0,0.0
6,60,0.7727272727272727,6,0.45454545454545453,0.00020652272360166535,3741.6089583327653
6,61,0.0,0,0.0,0.0,0.0
6,62,0.13636363636363635,1,0.13636363636363635,3.726136227752167e-05,3659.6524664880335
6,63,0.18181818181818182,2,0.09090909090909091,4.831818197007206e-05,3762.9350775407634
6,64,41.59090909090909,110,1.0,0.010624045313637576,3914.790257673397
6,65,1.4545454545454546,6,0.5909090909090909,0.00037862499845108357,3841.651926037246
6,66,0.0,0,0.0,0.0,0.0
6,67,1.1363636363636365,4,0.6363636363636364,0.0003002954492165538,3784.1520386949455
6,68,6.363636363636363,16,1.0,0.0016394204371450046,3881.637815079591
6,69,0.0,0,0.0,0.0,0.0
6,70,0.0,0,0.0,0.0,0.0
6,71,2.1363636363636362,11,0.8181818181818182,0.0005477840849462981,3900.010414820785
6,72,0.36363636363636365,2,0.3181818181818182,9.306818008719182e-05,3907.203979874619
6,73,0.0,0,0.0,0.0,0.0
6,74,0.0,0,0.0,0.0,0.0
6,75,0.8636363636363636,3,0.5909090909090909,0.00022409090624106202,3853.955424265728
6,76,0.5909090909090909,4,0.3181818181818182,0.00016260227460985664,3634.076413302961
6,77,0.0,0,0.0,0.0,0.0
6,78,1.1363636363636365,4,0.45454545454545453,0.0002913636337986893,3900.1560405743003
6,79,0.0,0,0.0,0.0,0.0
6,80,0.0,0,0.0,0.0,0.0
6,81,0.0,0,0.0,0.0,0.0
6,82,2.4545454545454546,7,0.8636363636363636,0.0006378749960938214,3848.0038715680107
6,83,0.45454545454545453,3,0.3181818181818182,0.00012248863442271778,3710.9194390785915
6,84,0.0,0,0.0,0.0,0.0
6,85,0.2727272727272727,3,0.18181818181818182,7.223863477437672e-05,3775.3658216144745
6,86,0.0,0,0.0,0.0,0.0
6,87,0.0,0,0.0,0.0,0.0
6,88,0.0,0,0.0,0.0,0.0
6,89,0.0,0,0.0,0.0,0.0
6,90,8.909090909090908,16,1.0,0.0023196136244223453,3840.765037457281
6,91,0.8636363636363636,3,0.5909090909090909,0.00021655681418699467,3988.0359658903285
6,92,6.545454545454546,11,1.0,0.0016832727057838135,3888.5288895637764
6,93,0.0,0,0.0,0.0,0.0
6,94,0.8636363636363636,3,0.6363636363636364,0.00022205681637966666,3889.258513729846
6,95,173.6818181818182,285,1.0,0.04489885177926309,3868.2908648909947
6,96,0.0,0,0.0,0.0,0.0
6,97,15.318181818181818,29,1.0,0.0038814431470448403,3946.5171169245145
6,98,0.6363636363636364,3,0.45454545454545453,0.00015864772484002805,4011.174046178801
6,99,10.590909090909092,21,1.0,0.0027559658926541238,3842.9028164457986
6,100,9.045454545454545,21,1.0,0.0023602045264190315,3832.487584954581
6,101,0.0,0,0.0,0.0,0.0
6,102,0.045454545454545456,1,0.045454545454545456,1.2875000141899694e-05,3530.450093481605
6,103,44.5,75,1.0,0.01145812488407087,3883.7070157844128
6,104,1.1818181818181819,7,0.5454545454545454,0.00031301135922231794,3775.6399152875133
6,105,4.409090909090909,10,1.0,0.0011416818015277386,3861.9262417872437
6,106,5.954545454545454,19,1.0,0.0015219431780596178,3912.4623970108573
6,107,0.0,0,0.0,0.0,0.0
6,108,0.8181818181818182,5,0.3181818181818182,0.00022578409169165587,3623.7354547510627
6,109,0.0,0,0.0,0.0,0.0
6,110,0.22727272727272727,2,0.18181818181818182,6.206818149869584e-05,3661.6624135750244
6,111,26.863636363636363,80,1.0,0.0068541135902209635,3919.34507796366
6,112,4.681818181818182,7,1.0,0.0012103863495708952,3868.036171655418
6,113,0.0,0,0.0,0.0,0.0
6,114,2.272727272727273,6,0.9090909090909091,0.0005785454466769642,3928.3470050301335
6,115,2.090909090909091,11,0.7727272727272727,0.0005425340879645029,3853.9681418983864
6,116,1.7272727272727273,7,0.8181818181818182,0.0004335340821522881,3984.1682543103634
6,117,0.6818181818181818,2,0.5,0.00017982954225524074,3791.469261765925
6,118,2.772727272727273,7,0.8181818181818182,0.0006901022696349008,4017.849809701664
6,119,1.5,4,0.7272727272727273,0.00038761363314485857,3869.832925715029
6,120,0.0,0,0.0,0.0,0.0
6,121,0.6363636363636364,3,0.36363636363636365,0.0001636249971025708,3889.159038241096
6,122,0.045454545454545456,1,0.045454545454545456,1.1227272228676487e-05,4048.583175746493
6,123,2.272727272727273,8,0.7272727272727273,0.000587249992267144,3870.1188636089314
6,124,0.7272727272727273,5,0.36363636363636365,0.00019142045361646026,3799.3470056754113
6,125,0.0,0,0.0,0.0,0.0
6,126,0.0,0,0.0,0.0,0.0
6,127,2.0,5,0.8181818181818182,0.0005114090864398432,3910.763521866479
6,128,7.045454545454546,12,1.0,0.0018009545284175229,3912.066870253133
6,129,5.954545454545454,9,1.0,0.0015174999868825332,3923.9179611316754
6,130,0.0,0,0.0,0.0,0.0
6,131,2.3181818181818183,8,0.6363636363636364,0.0006135340954642743,3778.4074843103886
6,132,0.22727272727272727,1,0.22727272727272727,5.515909089643339e-05,4120.313144744429
6,133,1.2727272727272727,5,0.6363636363636364,0.0003302386341436597,3853.9623809539307
6,134,1.5909090909090908,7,0.6818181818181818,0.0004174545452273874,3810.975611829841
6,135,0.9545454545454546,4,0.5,0.0002477386343261142,3853.034296172495
6,136,1.3181818181818181,4,0.7272727272727273,0.00034355681418674067,3836.8670442534694
6,137,0.36363636363636365,2,0.3181818181818182,9.595454453533007e-05,3789.6731769955327
6,138,1.3636363636363635,4,0.6818181818181818,0.00035721590723948214,3817.4010059472635
6,139,1.5909090909090908,4,0.7272727272727273,0.0004146136283948594,3837.088271960951
6,140,0.0,0,0.0,0.0,0.0
6,141,1.0454545454545454,4,0.45454545454545453,0.00027162500059189784,3848.8892523751356
6,142,6.409090909090909,22,1.0,0.0016764545315791938,3823.003122580155
6,143,4.5,13,0.8636363636363636,0.0011574659021624195,3887.803512477506
6,144,5.045454545454546,16,0.9090909090909091,0.0012711704455961642,3969.14085198723
6,145,4.0,10,0.9545454545454546,0.001030454535132528,3881.7821297526293
6,146,8.272727272727273,16,1.0,0.0021186136231831783,3904.7833839082236
6,147,7.090909090909091,17,1.0,0.001870568153125615,3790.7782611719213
6,148,66.68181818181819,124,1.0,0.017319386180712503,3850.1259505419125
6,149,4.045454545454546,11,0.9090909090909091,0.0010315113567313265,3921.8710672016855
6,150,0.13636363636363635,1,0.13636363636363635,3.570454480888491e-05,3819.2234936349864
6,151,12.909090909090908,44,1.0,0.003424068119122901,3770.103414997965
6,152,2.8181818181818183,6,0.9090909090909091,0.0007242840828522193,3890.9895784039086
6,153,0.7272727272727273,2,0.5,0.00018130681895523924,4011.281712753867
6,154,15.727272727272727,37,1.0,0.004094193139198152,3841.3607254378126
6,155,288.59090909090907,386,1.0,0.07368202211695131,3916.7072346744912
6,156,2.0,5,0.8181818181818182,0.0005006363584966907,3994.9156030249055
6,157,0.7272727272727273,3,0.45454545454545453,0.00018738636307799342,3881.1400964648847
6,158,0.4090909090909091,3,0.2727272727272727,0.0001086590894953009,3764.902788998621
6,159,0.09090909090909091,1,0.09090909090909091,2.370454537661069e-05,3835.091096022076
6,160,1.1818181818181819,5,0.5909090909090909,0.0003028181798237545,3902.7319380428903
6,161,51.04545454545455,118,1.0,0.013428227096896577,3801.3547266602127
6,162,0.36363636363636365,2,0.3181818181818182,9.757954500276934e-05,3726.5634270588525
6,163,0.2727272727272727,3,0.13636363636363635,7.843182009475476e-05,3477.2528853440667
6,164,0.3181818181818182,1,0.3181818181818182,8.01477283609777e-05,3969.941814804254
6,165,302.6363636363636,353,1.0,0.07777295373208207,3891.2803116480236
6,166,10.954545454545455,51,0.9545454545454546,0.0027798294977401383,3940.7256680494074
6,167,2.3181818181818183,6,0.8181818181818182,0.0006089204530739648,3807.035560193659
6,168,0.045454545454545456,1,0.045454545454545456,1.2875000141899694e-05,3530.450093481605
6,169,0.045454545454545456,1,0.045454545454545456,1.4079545508138835e-05,3228.4099957821763
6,170,0.13636363636363635,1,0.13636363636363635,3.5022726726972245e-05,3893.575660932702
6,171,0.7727272727272727,3,0.5454545454545454,0.0002011022707764906,3842.4592111448533
6,172,48.5,73,1.0,0.012397170312231703,3912.1830852115777
6,173,0.0,0,0.0,0.0,0.0
6,174,0.045454545454545456,1,0.045454545454545456,1.0829545234710993e-05,4197.271858549884
6,175,5.590909090909091,8,1.0,0.0014267840762675571,3918.5390304711095
6,176,1.0,5,0.5,0.0002529545441079377,3953.2794460228874
6,177,0.045454545454545456,1,0.045454545454545456,1.1909090310589157e-05,3816.7940849460874
6,178,2.0454545454545454,8,0.8181818181818182,0.000524727269128727,3898.128924862014
6,179,8.363636363636363,16,1.0,0.0021336363318947738,3919.8978001134074
6,180,0.45454545454545453,3,0.2727272727272727,0.0001260568176142194,3605.877596692407
6,181,0.0,0,0.0,0.0,0.0
6,182,0.13636363636363635,3,0.045454545454545456,3.692045389801603e-05,3693.444201425813
6,183,0.0,0,0.0,0.0,0.0
6,184,15.863636363636363,25,1.0,0.0041169999491433955,3853.202953509153
6,185,7.590909090909091,16,1.0,0.0019564658908744936,3879.908730489615
6,186,0.0,0,0.0,0.0,0.0
6,187,0.9545454545454546,6,0.4090909090909091,0.0002380340877359479,4010.1208344761753
6,188,1.5454545454545454,4,0.9090909090909091,0.000398795455112122,3875.3063146620825
6,189,0.0,0,0.0,0.0,0.0
6,190,0.6363636363636364,4,0.4090909090909091,0.00016339772727488625,3894.568467853124
6,191,1.3181818181818181,5,0.5909090909090909,0.00034603408659512007,3809.3987536094014
6,192,1.5,4,0.7272727272727273,0.0003893181757038374,3852.889727761084
6,193,0.0,0,0.0,0.0,0.0
6,194,1.7272727272727273,5,0.7727272727272727,0.0004575681754927659,3774.8969875638463
6,195,0.8181818181818182,7,0.3181818181818182,0.00020961363704621115,3903.2852523876722
6,196,4.818181818181818,8,1.0,0.001223931807379069,3936.6423759339064
6,197,1.1363636363636365,5,0.6363636363636364,0.0003009431800984947,3776.007271511253
6,198,2.0454545454545454,4,0.9090909090909091,0.0005197499948818321,3935.4585196669223
6,199,16.318181818181817,23,1.0,0.004168784045429096,3914.3744651570632
6,200,0.18181818181818182,1,0.18181818181818182,4.894318276042627e-05,3714.8826774950485
6,201,0.045454545454545456,1,0.045454545454545456,1.0852272680494934e-05,4188.481693446763
6,202,0.4090909090909091,3,0.3181818181818182,0.00010549999834355813,3877.6390096113055
6,203,1.5,4,0.6818181818181818,0.00039745454308682713,3774.01649091809
6,204,8.272727272727273,39,1.0,0.002150340894083704,3847.170137296961
6,205,500.22727272727275,507,1.0,0.12864080558607716,3888.558303473595
6,206,71.81818181818181,106,1.0,0.01864893165144498,3851.061452767838
6,207,6.863636363636363,15,0.9545454545454546,0.001780011345875788,3855.9509070204085
6,208,2.3181818181818183,10,0.6818181818181818,0.0005992840848524462,3868.2519305557626
6,209,0.4090909090909091,3,0.3181818181818182,0.00010463636135682464,3909.643873183356
6,210,0.0,0,0.0,0.0,0.0
6,211,0.2727272727272727,4,0.13636363636363635,6.690908974798566e-05,4076.0870272560137
6,212,0.9545454545454546,6,0.5,0.0002578409052644433,3702.0714520315023
6,213,1.0,4,0.5,0.00025249999585370955,3960.3961046374357
6,214,0.5,3,0.36363636363636365,0.000131215908781583,3810.513562286726
6,215,0.09090909090909091,1,0.09090909090909091,2.486363651273264e-05,3656.30710787364
6,216,0.0,0,0.0,0.0,0.0
6,217,0.2727272727272727,1,0.2727272727272727,6.826136285036972e-05,3995.338817437565
6,218,0.0,0,0.0,0.0,0.0
6,219,5.181818181818182,15,0.9545454545454546,0.0013313977205226283,3892.0137100611114
6,220,2.727272727272727,7,0.8636363636363636,0.0007023408979875967,3883.11820525777
6,221,0.22727272727272727,1,0.22727272727272727,5.75568179060197e-05,3948.667343698955
6,222,1.5,4,0.8181818181818182,0.0003878181768496606,3867.791892027489
6,223,0.36363636363636365,1,0.36363636363636365,9.336363555948165e-05,3894.839371424136
6,224,0.0,0,0.0,0.0,0.0
6,225,0.09090909090909091,1,0.09090909090909091,2.49999998645349e-05,3636.3636560676514
6,226,0.045454545454545456,1,0.045454545454545456,1.3818181204524906e-05,3289.4738302940254
6,227,0.0,0,0.0,0.0,0.0
6,228,0.45454545454545453,3,0.2727272727272727,0.00011819318024208769,3845.7841105082166
6,229,0.0,0,0.0,0.0,0.0
6,230,3.090909090909091,8,0.9090909090909091,0.0008025795323192142,3851.2184356076095
6,231,39.54545454545455,68,1.0,0.010287795320354317,3843.919257142898
6,232,0.13636363636363635,2,0.09090909090909091,3.4170454124581404e-05,3990.688442900723
6,233,0.0,0,0.0,0.0,0.0
6,234,1.2727272727272727,7,0.7272727272727273,0.00033957953829402953,3747.9504186888453
6,235,0.0,0,0.0,0.0,0.0
6,236,0.0,0,0.0,0.0,0.0
6,237,0.6363636363636364,3,0.45454545454545453,0.00016269318042428824,3911.433993140099
6,238,0.8636363636363636,4,0.36363636363636365,0.00021668181447735563,3985.7353314097254
6,239,0.045454545454545456,1,0.045454545454545456,1.1227272228676487e-05,4048.583175746493
6,240,3.8636363636363638,20,1.0,0.0010079318076763725,3833.2319053839237
6,241,0.045454545454545456,1,0.045454545454545456,1.2306817966005342e-05,3693.4442014258134
6,242,0.09090909090909091,1,0.09090909090909091,2.245454578025436e-05,4048.5829372256894
6,243,0.4090909090909091,1,0.4090909090909091,0.00010851136242060669,3770.0283174513097
6,244,0.0,0,0.0,0.0,0.0
6,245,1.3181818181818181,7,0.6363636363636364,0.0003626818136333234,3634.5407148385975
6,246,0.0,0,0.0,0.0,0.0
6,247,1.3636363636363635,12,0.45454545454545453,0.00036190908113812014,3767.8976149148934
6,248,0.0,0,0.0,0.0,0.0
6,249,0.09090909090909091,1,0.09090909090909091,2.56704542235556e-05,3541.3900399811137
6,250,0.045454545454545456,1,0.045454545454545456,1.1306818288920278e-05,4020.1004644327795
6,251,0.13636363636363635,2,0.09090909090909091,3.404545317276973e-05,4005.340615430634
6,252,0.0,0,0.0,0.0,0.0
6,253,0.3181818181818182,2,0.2727272727272727,8.403408917894757e-05,3786.3422010115614
6,254,2.0454545454545454,8,0.8181818181818182,0.0005471022615727799,3738.706068540795
6,255,2.1818181818181817,12,0.5,0.000575374981880569,3791.9934834272362
7,0,2.909090909090909,7,0.8636363636363636,0.0008401818248041144,3462.4539869916302
7,1,0.09090909090909091,1,0.09090909090909091,2.5011363587426867e-05,3634.711501886711
7,2,1.3636363636363635,3,0.7272727272727273,0.00040448863794815475,3371.2599952217874
7,3,0.0,0,0.0,0.0,0.0
7,4,3.3636363636363638,6,1.0,0.0009591022707437249,3507.067459060513
7,5,0.0,0,0.0,0.0,0.0
7,6,0.09090909090909091,1,0.09090909090909091,2.44431827344339e-05,3719.200232505906
7,7,2.772727272727273,6,0.9545454545454546,0.0007792045481354845,3558.407454579133
7,8,0.45454545454545453,2,0.3181818181818182,0.0001269886389226568,3579.4182723881163
7,9,0.8636363636363636,3,0.5454545454545454,0.0002462500018406321,3507.1527195166937
7,10,6.7272727272727275,18,1.0,0.001926659093111415,3491.677770771927
7,11,8.727272727272727,17,1.0,0.002499181822217493,3492.051938633711
7,12,0.0,0,0.0,0.0,0.0
7,13,0.045454545454545456,1,0.045454545454545456,1.2238636951554906e-05,3714.02024869857
7,14,0.36363636363636365,3,0.2727272727272727,0.00010043181828223169,3620.7286680251
7,15,0.18181818181818182,1,0.18181818181818182,5.513636411210014e-05,3297.6092048528876
7,16,0.0,0,0.0,0.0,0.0
7,17,2.0,8,0.8181818181818182,0.0005597500024702061,3573.0236555138813
7,18,1.4545454545454546,5,0.7272727272727273,0.00041823864210693335,3477.7882962176486
7,19,1.0,4,0.5909090909090909,0.0003005227296274494,3327.535328990507
7,20,0.0,0,0.0,0.0,0.0
7,21,6.318181818181818,15,1.0,0.0017868295491842384,3535.973434660474
7,22,0.09090909090909091,1,0.09090909090909091,2.7409091919914566e-05,3316.7494630874394
7,23,0.8636363636363636,3,0.5909090909090909,0.00024353409191297197,3546.26474204272
7,24,3.590909090909091,8,0.9090909090909091,0.0010217159155713903,3514.586624503045
7,25,0.3181818181818182,3,0.22727272727272727,8.840909206562422e-05,3598.971675284692
7,26,0.8636363636363636,4,0.5909090909090909,0.0002483522747008299,3477.4650833245523
7,27,0.09090909090909091,1,0.09090909090909091,2.4397726519964635e-05,3726.129597964798
7,28,0.0,0,0.0,0.0,0.0
7,29,0.7727272727272727,4,0.5454545454545454,0.00021781818544365126,3547.579239783789
7,30,0.13636363636363635,1,0.13636363636363635,3.776136410041627e-05,3611.1946592028203
7,31,0.13636363636363635,1,0.13636363636363635,3.7647728194397956e-05,3622.0946894725903
7,32,0.0,0,0.0,0.0,0.0
7,33,23.363636363636363,39,1.0,0.006653022732776167,3511.732531520632
7,34,5.0,7,1.0,0.0014111136419656264,3543.300731637173
7,35,5.181818181818182,10,1.0,0.0014667613643475554,3532.8297484322934
7,36,0.0,0,0.0,0.0,0.0
7,37,0.8181818181818182,4,0.5454545454545454,0.00022875000087713653,3576.751104019756
7,38,1.7272727272727273,4,0.8181818181818182,0.0004944090958981013,3493.6103352530586
7,39,0.5,3,0.36363636363636365,0.00014131818501151759,3538.1150696157715
7,40,0.18181818181818182,1,0.18181818181818182,5.627272714098746e-05,3231.0177781618586
7,41,0.045454545454545456,1,0.045454545454545456,1.517045496835966e-05,2996.254598121676
7,42,0.0,0,0.0,0.0,0.0
7,43,0.0,0,0.0,0.0,0.0
7,44,0.3181818181818182,2,0.2727272727272727,9.528409017630938e-05,3339.296388233008
7,45,1.1363636363636365,5,0.5909090909090909,0.0003162613601571965,3593.1156300561383
7,46,6.181818181818182,16,1.0,0.0017541818193752658,3524.0464320966307
7,47,27.136363636363637,48,1.0,0.007699045482282104,3524.639995803745
7,48,0.18181818181818182,2,0.13636363636363635,5.36590907193551e-05,3388.394759969332
7,49,19.09090909090909,50,1.0,0.005378136375590905,3549.725733537491
7,50,34.09090909090909,58,1.0,0.009689647773153742,3518.2815607974717
7,51,0.09090909090909091,1,0.09090909090909091,3.0045454464429483e-05,3025.7186163290453
7,52,0.0,0,0.0,0.0,0.0
7,53,6.590909090909091,9,1.0,0.0018579318248984318,3547.443992606886
7,54,1.8181818181818181,5,0.7727272727272727,0.0005205227273770354,3492.9921837300226
7,55,47.13636363636363,65,1.0,0.013317829595921054,3539.3427507737765
7,56,2.5454545454545454,5,0.9090909090909091,0.0007228750010571358,3521.2928123563006
7,57,0.18181818181818182,1,0.18181818181818182,5.194318179168146e-05,3500.3281575503993
7,58,0.045454545454545456,1,0.045454545454545456,1.2159090891311115e-05,3738.3177624757514
7,59,5.545454545454546,11,0.9545454545454546,0.0015485000132519583,3581.178235709991
7,60,100.0,140,1.0,0.02854611369945236,3503.1038218669482
7,61,0.0,0,0.0,0.0,0.0
7,62,298.04545454545456,347,1.0,0.08472375027089253,3517.8501139585446
7,63,4.454545454545454,10,0.9545454545454546,0.0012576363687086005,3541.997961715745
7,64,20.40909090909091,35,1.0,0.005772636377845298,3535.488739151943
7,65,0.5,2,0.36363636363636365,0.00013723863892003217,3643.2888283841544
7,66,0.13636363636363635,2,0.09090909090909091,3.7068182295611635e-05,3678.7246613864836
7,67,2.5,5,0.9090909090909091,0.0007044090968768367,3549.073984257639
7,68,3.727272727272727,10,0.8636363636363636,0.001067056819341484,3493.040538903027
7,69,67.0,82,1.0,0.019039034147598697,3519.0860776123136
7,70,59.04545454545455,87,1.0,0.016762784157022412,3522.413340907853
7,71,63.81818181818182,86,1.0,0.018108943214015613,3524.125127787084
7,72,2.1363636363636362,5,1.0,0.0006071136356860569,3518.8859396140565
7,73,0.7727272727272727,2,0.6818181818181818,0.0002175909096629105,3551.284720140072
7,74,0.3181818181818182,2,0.22727272727272727,9.151136328000575e-05,3476.9651197113953
7,75,4.454545454545454,9,1.0,0.0012551590969616716,3548.988702172057
7,76,0.0,0,0.0,0.0,0.0
7,77,413.3181818181818,448,1.0,0.11738679569415664,3520.993816843373
7,78,6.590909090909091,13,1.0,0.0018730795418377966,3518.7555806852356
7,79,1.6363636363636365,5,0.7272727272727273,0.0004622272721131925,3540.171112973437
7,80,349.45454545454544,393,1.0,0.09929776156257669,3519.259044266792
7,81,0.13636363636363635,1,0.13636363636363635,4.0034091481092304e-05,3406.187859365799
7,82,0.45454545454545453,3,0.3181818181818182,0.0001252954561178657,3627.7888171607965
7,83,2.409090909090909,7,0.7727272727272727,0.0006834886325205761,3524.697843483717
7,84,0.7727272727272727,3,0.5909090909090909,0.00021843181986531073,3537.61312433212
7,85,1.7272727272727273,5,0.6363636363636364,0.0004868068221681328,3548.1686957052625
7,86,0.045454545454545456,1,0.045454545454545456,1.176136323589493e-05,3864.7344311092343
7,87,0.0,0,0.0,0.0,0.0
7,88,10.818181818181818,17,1.0,0.0030812954739138313,3510.9199717353526
7,89,7.0,12,1.0,0.001996034094852141,3506.954123706256
7,90,0.09090909090909091,1,0.09090909090909091,2.4795454175380822e-05,3666.3611912926244
7,91,3.1818181818181817,9,1.0,0.00091025000305804,3495.543170698897
7,92,0.5,2,0.45454545454545453,0.00014164772503797641,3529.883729978351
7,93,13.772727272727273,28,1.0,0.0038967840942363678,3534.3829526244876
7,94,5.181818181818182,10,1.0,0.0014889886422844772,3480.0924833570184
7,95,0.2727272727272727,1,0.2727272727272727,7.580681862732904e-05,3597.661498868811
7,96,0.0,0,0.0,0.0,0.0
7,97,503.04545454545456,508,1.0,0.14294373893591744,3519.184948499024
7,98,0.045454545454545456,1,0.045454545454545456,1.2659090729853647e-05,3590.664323729905
7,99,0.8636363636363636,4,0.5,0.00024272727287924764,3558.052432229183
7,100,0.22727272727272727,2,0.18181818181818182,6.470454602756284e-05,3512.4692347878254
7,101,0.0,0,0.0,0.0,0.0
7,102,0.0,0,0.0,0.0,0.0
7,103,2.6363636363636362,7,0.7272727272727273,0.0007432954549916427,3546.858276421559
7,104,0.0,0,0.0,0.0,0.0
7,105,0.5,3,0.4090909090909091,0.0001412500013512644,3539.8229749859347
7,106,0.0,0,0.0,0.0,0.0
7,107,3.6363636363636362,8,1.0,0.001022715911279771,3555.595054557515
7,108,0.045454545454545456,1,0.045454545454545456,1.2943182479251515e-05,3511.85232282795
7,109,1.4545454545454546,4,0.7727272727272727,0.00041782954543701965,3481.193396757294
7,110,0.0,0,0.0,0.0,0.0
7,111,55.22727272727273,94,1.0,0.015611863708314062,3537.519527400279
7,112,0.0,0,0.0,0.0,0.0
7,113,0.8181818181818182,3,0.6363636363636364,0.00023497727207458493,3481.961514652857
7,114,0.0,0,0.0,0.0,0.0
7,115,0.09090909090909091,1,0.09090909090909091,2.5147726939229127e-05,3615.0023073169896
7,116,1.2727272727272727,7,0.6363636363636364,0.00035213636610106647,3614.3022852743015
7,117,0.5454545454545454,2,0.45454545454545453,0.00015339772587388077,3555.8189819776244
7,118,0.0,0,0.0,0.0,0.0
7,119,0.8636363636363636,2,0.5909090909090909,0.00023802272996611217,3628.377692161255
7,120,0.13636363636363635,1,0.13636363636363635,3.677272814622318e-05,3708.28174133286
7,121,0.0,0,0.0,0.0,0.0
7,122,0.045454545454545456,1,0.045454545454545456,1.2159090891311115e-05,3738.3177624757514
7,123,19.636363636363637,36,1.0,0.005531522745679302,3549.9019961007466
7,124,0.0,0,0.0,0.0,0.0
7,125,0.0,0,0.0,0.0,0.0
7,126,0.7272727272727273,3,0.45454545454545453,0.00020387499931861055,3567.248214363765
7,127,1.4090909090909092,5,0.7272727272727273,0.0003935227313459936,3580.710329670909
7,128,0.4090909090909091,2,0.3181818181818182,0.00011894318264570425,3439.380887507165
7,129,28.045454545454547,42,1.0,0.008029045472291975,3492.9998394253307
7,130,33.36363636363637,54,1.0,0.009500556823861023,3511.755887806731
7,131,5.909090909090909,13,1.0,0.0016860113669694824,3504.775249358011
7,132,5.5,11,1.0,0.001573261361706748,3495.9226317192088
7,133,0.18181818181818182,1,0.18181818181818182,5.115909152664244e-05,3553.975967761179
7,134,10.272727272727273,20,1.0,0.002905704562594606,3535.3653654156747
7,135,0.22727272727272727,1,0.22727272727272727,6.176136296496473e-05,3679.8528458909154
7,136,1.3181818181818181,4,0.7272727272727273,0.0003740568182282996,3524.014946246179
7,137,0.0,0,0.0,0.0,0.0
7,138,3.1818181818181817,7,0.9545454545454546,0.0009076249976219101,3505.6528744304524
7,139,119.86363636363636,214,1.0,0.034203522744726135,3504.4237185223333
7,140,3.1363636363636362,7,0.9545454545454546,0.0008886136466489089,3529.501992447808
7,141,0.0,0,0.0,0.0,0.0
7,142,7.2272727272727275,33,0.9545454545454546,0.0020763068115973674,3480.830813107318
7,143,13.863636363636363,25,1.0,0.0039320568241898645,3525.7975618123824
7,144,1.7272727272727273,5,0.7727272727272727,0.00048721591354644096,3545.1894719528395
7,145,0.0,0,0.0,0.0,0.0
7,146,0.09090909090909091,1,0.09090909090909091,2.7329545859670773e-05,3326.4032770936815
7,147,0.045454545454545456,1,0.045454545454545456,1.2602272115393795e-05,3606.853195863173
7,148,0.45454545454545453,2,0.3181818181818182,0.00012984090955631638,3500.7876646790037
7,149,0.18181818181818182,3,0.09090909090909091,5.0045453297736294e-05,3633.0609443476856
7,150,25.863636363636363,46,1.0,0.007358011370260184,3515.030768798854
7,151,0.045454545454545456,1,0.045454545454545456,1.2147727168419145e-05,3741.8148122979883
7,152,0.0,0,0.0,0.0,0.0
7,153,0.9090909090909091,6,0.5,0.0002568636383247477,3539.1965753500817
7,154,3.772727272727273,9,0.9545454545454546,0.001060261371259747,3558.2992788322717
7,155,0.0,0,0.0,0.0,0.0
7,156,14.590909090909092,22,1.0,0.004131784096402539,3531.3822674357793
7,157,5.545454545454546,15,0.9545454545454546,0.0015598749966805124,3555.063423194509
7,158,69.72727272727273,171,1.0,0.019912443167413585,3501.6934959232112
7,159,5.818181818181818,13,1.0,0.0016571363667026162,3510.985538117714
7,160,0.045454545454545456,1,0.045454545454545456,1.4772727312943475e-05,3076.9230685466846
7,161,18.136363636363637,29,1.0,0.00512493182561064,3538.849735665054
7,162,1.2272727272727273,4,0.6818181818181818,0.0003515454564793882,3491.07833610896
7,163,6.681818181818182,10,1.0,0.001884329545480961,3545.9923652116263
7,164,5.090909090909091,10,1.0,0.0014377840932204642,3540.80220730921
7,165,4.2727272727272725,9,1.0,0.001215454541538334,3515.3328460310136
7,166,2.0,5,0.8636363636363636,0.0005548863647907803,3604.341585784144
7,167,1.4545454545454546,6,0.6818181818181818,0.0004106477281311527,3542.0759811945236
7,168,0.0,0,0.0,0.0,0.0
7,169,2.8636363636363638,6,0.9090909090909091,0.0008231818236791613,3478.741003825272
7,170,0.0,0,0.0,0.0,0.0
7,171,41.22727272727273,63,1.0,0.011691897739762102,3526.1403789964716
7,172,4.045454545454546,10,0.9545454545454546,0.0011541704549348321,3505.0754662429513
7,173,0.7727272727272727,3,0.45454545454545453,0.00022947727385061708,3367.336816238698
7,174,0.0,0,0.0,0.0,0.0
7,175,2.0454545454545454,5,0.7272727272727273,0.0005697954541326246,3589.804956531733
7,176,3.9545454545454546,8,1.0,0.0011223977304656398,3523.3013638622247
7,177,0.18181818181818182,1,0.18181818181818182,5.438636369283565e-05,3343.083991514087
7,178,0.0,0,0.0,0.0,0.0
7,179,0.0,0,0.0,0.0,0.0
7,180,5.090909090909091,12,1.0,0.0014633181867380204,3479.0171659504717
7,181,5.863636363636363,10,1.0,0.001652818187722005,3547.659632011864
7,182,0.5,3,0.3181818181818182,0.00014537500101141632,3439.3808875071645
7,183,2.909090909090909,7,1.0,0.0008233863627538085,3533.0812370531376
7,184,6.545454545454546,16,1.0,0.0018433295481372625,3550.886791821308
7,185,0.0,0,0.0,0.0,0.0
7,186,1.7727272727272727,5,0.7272727272727273,0.0005134318198543042,3452.7023923650017
7,187,5.545454545454546,17,1.0,0.001572113642892377,3527.387838993631
7,188,1.9090909090909092,7,0.7272727272727273,0.0005541363590799102,3445.164493917652
7,189,0.5909090909090909,5,0.2727272727272727,0.00016625000386160207,3554.3403138865747
7,190,0.0,0,0.0,0.0,0.0
7,191,4.636363636363637,9,1.0,0.0013040568182160232,3555.338672057463
7,192,1.3181818181818181,4,0.8636363636363636,0.00037330681913193655,3531.0949348501927
7,193,0.5454545454545454,3,0.36363636363636365,0.00015479545717508617,3523.7115830705047
7,194,8.409090909090908,13,1.0,0.002375772729547779,3539.5182394788885
7,195,0.045454545454545456,1,0.045454545454545456,1.2636363284069706e-05,3597.1224024438006
7,196,1.4545454545454546,4,0.7272727272727273,0.0004226590906248682,3441.415284348962
7,197,0.22727272727272727,1,0.22727272727272727,6.49545452853834e-05,3498.9503240178947
7,198,0.18181818181818182,2,0.13636363636363635,5.028409015556628e-05,3615.8192632238597
7,199,0.7727272727272727,4,0.5,0.00022004545660985804,3511.671109380472
7,200,5.2727272727272725,10,0.9545454545454546,0.0014866250011519614,3546.776940143965
7,201,0.09090909090909091,1,0.09090909090909091,2.5261362845247444e-05,3598.7405535483263
7,202,0.2727272727272727,1,0.2727272727272727,8.24772723717615e-05,3306.6960737737595
7,203,5.181818181818182,8,1.0,0.0014592272769236429,3551.069983246572
7,204,101.9090909090909,133,1.0,0.02896615914836399,3518.2120759302234
7,205,31.681818181818183,51,1.0,0.009006125026975165,3517.8079459173323
7,206,0.18181818181818182,1,0.18181818181818182,4.868181845681234e-05,3734.827243141714
7,207,4.181818181818182,9,0.9545454545454546,0.0012071136377265,3464.31193478544
7,208,1.1363636363636365,4,0.5909090909090909,0.0003281136371449313,3463.323396892804
7,209,0.09090909090909091,1,0.09090909090909091,2.7431818042797122e-05,3314.001673795779
7,210,11.818181818181818,21,1.0,0.0033538977321851153,3523.7156174353872
7,211,0.13636363636363635,1,0.13636363636363635,3.6488636396825314e-05,3737.153531325184
7,212,1.5909090909090908,5,0.7272727272727273,0.00045444318146275526,3500.7876799653923
7,213,0.5,3,0.3181818181818182,0.00014995454297274011,3334.3437957121037
7,214,0.13636363636363635,1,0.13636363636363635,4.213636434129016e-05,3236.2459005513024
7,215,125.81818181818181,163,1.0,0.035771556865339255,3517.2688259507368
7,216,3.727272727272727,7,1.0,0.0010500000048936768,3549.7835332392706
7,217,0.13636363636363635,1,0.13636363636363635,4.1579545888287775e-05,3279.584551741042
7,218,1.1363636363636365,3,0.8181818181818182,0.00032403409105344593,3506.926177641616
7,219,0.45454545454545453,2,0.4090909090909091,0.00012768181808165866,3559.985762849577
7,220,25.363636363636363,63,1.0,0.007245579551884227,3500.566956999389
7,221,1.3181818181818181,3,0.7727272727272727,0.0003725000014211136,3538.743122558019
7,222,0.045454545454545456,1,0.045454545454545456,1.2636363284069706e-05,3597.1224024438006
7,223,17.045454545454547,30,1.0,0.0048375341019974176,3523.583335240258
7,224,0.22727272727272727,1,0.22727272727272727,6.504545374561779e-05,3494.060140798679
7,225,0.7272727272727273,2,0.5909090909090909,0.00020782954842698845,3499.3711566871916
7,226,68.86363636363636,99,1.0,0.019577750060389833,3517.4438406465765
7,227,438.95454545454544,456,1.0,0.12465612525093919,3521.3235175640775
7,228,0.18181818181818182,1,0.18181818181818182,5.1181817649524995e-05,3552.397905506375
7,229,15.636363636363637,23,1.0,0.004444727275933308,3517.957945593028
7,230,27.045454545454547,43,1.0,0.007714772735859945,3505.6709343803973
7,231,0.0,0,0.0,0.0,0.0
7,232,0.0,0,0.0,0.0,0.0
7,233,0.13636363636363635,1,0.13636363636363635,4.040909036782316e-05,3374.578222929255
7,234,0.0,0,0.0,0.0,0.0
7,235,5.7272727272727275,11,1.0,0.0016339772753946652,3505.111615392192
7,236,10.454545454545455,18,1.0,0.0029697045564799655,3520.3991695852
7,237,0.8181818181818182,3,0.5454545454545454,0.00023313636087219823,3509.456075924308
7,238,5.590909090909091,7,1.0,0.001585079551494511,3527.2104076023415
7,239,6.681818181818182,12,1.0,0.0018878522744423456,3539.375549811984
7,240,4.090909090909091,10,0.9545454545454546,0.0011412727352845568,3584.514870487196
7,241,38.22727272727273,62,1.0,0.010845568210987205,3524.690637097854
7,242,5.954545454545454,11,1.0,0.0016979659055571326,3506.869858256466
7,243,45.45454545454545,61,1.0,0.012923522746529092,3517.194680278124
7,244,16.772727272727273,32,1.0,0.004740715905261988,3538.0156938133073
7,245,12.272727272727273,20,1.0,0.0035095795451938598,3496.922384772265
7,246,22.727272727272727,38,1.0,0.006489261370998892,3502.2896178666815
7,247,0.9545454545454546,6,0.4090909090909091,0.0002691704523220489,3546.2490266330906
7,248,12.727272727272727,20,1.0,0.003612409106360494,3523.2091251412735
7,249,25.5,55,1.0,0.007264556836823679,3510.193473983404
7,250,0.13636363636363635,1,0.13636363636363635,3.773863665463234e-05,3613.3694391659483
7,251,79.0,98,1.0,0.02241979551168201,3523.671746195742
7,252,7.318181818181818,16,1.0,0.002050977278320881,3568.1437798146435
7,253,14.954545454545455,24,1.0,0.004260511379636062,3510.035327220013
7,254,0.0,0,0.0,0.0,0.0
7,255,113.63636363636364,129,1.0,0.032267022791943004,3521.749259889523
8,0,0.0,0,0.0,0.0,0.0
8,1,0.22727272727272727,1,0.22727272727272727,4.6352273123127155e-05,4903.162497964551
8,2,0.3181818181818182,1,0.3181818181818182,6.670454604318365e-05,4770.016993681831
8,3,0.8181818181818182,2,0.5909090909090909,0.00017286363766867328,4733.105407338601
8,4,36.63636363636363,64,1.0,0.007796125045305499,4699.304259931608
8,5,4.818181818181818,7,1.0,0.0010154886437124912,4744.692959408377
8,6,0.0,0,0.0,0.0,0.0
8,7,0.5909090909090909,3,0.36363636363636365,0.00012472727328052068,4737.6093084316335
8,8,0.0,0,0.0,0.0,0.0
8,9,4.818181818181818,7,1.0,0.0010155000074353832,4744.639864996162
8,10,0.0,0,0.0,0.0,0.0
8,11,5.136363636363637,7,1.0,0.0010815113710123114,4749.246077325956
8,12,0.0,0,0.0,0.0,0.0
8,13,59.13636363636363,91,1.0,0.012600022825856948,4693.35369099553
8,14,2.772727272727273,6,0.9545454545454546,0.000589795460241889,4701.167539658769
8,15,0.0,0,0.0,0.0,0.0
8,16,0.0,0,0.0,0.0,0.0
8,17,5.318181818181818,17,1.0,0.0011318863749197176,4698.512090985304
8,18,11.363636363636363,16,1.0,0.0024171818361289547,4701.192187442088
8,19,8.318181818181818,18,1.0,0.0017798181890446524,4673.613220374348
8,20,31.40909090909091,44,1.0,0.006663477328732948,4713.61863477118
8,21,129.63636363636363,199,1.0,0.027499647880507506,4714.109947867856
8,22,0.5,2,0.4090909090909091,0.00010561363755682991,4734.23708875621
8,23,0.4090909090909091,2,0.36363636363636365,9.093181936557151e-05,4498.875222613203
8,24,168.27272727272728,237,1.0,0.0358128297739313,4698.671630668391
8,25,1.4090909090909092,4,0.6818181818181818,0.0003047272720405917,4624.105022353263
8,26,4.045454545454546,8,1.0,0.0008642954562674277,4680.638450797101
8,27,0.2727272727272727,2,0.22727272727272727,5.596590993015773e-05,4873.096373624959
8,28,0.18181818181818182,1,0.18181818181818182,3.872727327027612e-05,4694.835614923877
8,29,0.0,0,0.0,0.0,0.0
8,30,0.0,0,0.0,0.0,0.0
8,31,0.18181818181818182,1,0.18181818181818182,3.7011363681151785e-05,4912.496156167669
8,32,0.0,0,0.0,0.0,0.0
8,33,0.0,0,0.0,0.0,0.0
8,34,0.0,0,0.0,0.0,0.0
8,35,2.8181818181818183,5,1.0,0.0005941818228827535,4742.96201877908
8,36,0.09090909090909091,1,0.09090909090909091,2.0613636562219735e-05,4410.143287172691
8,37,0.13636363636363635,2,0.09090909090909091,3.1352273336696356e-05,4349.401872687463
8,38,0.0,0,0.0,0.0,0.0
8,39,1.9545454545454546,6,0.7727272727272727,0.0004242159120622091,4607.430789297763
8,40,0.0,0,0.0,0.0,0.0
8,41,0.0,0,0.0,0.0,0.0
8,42,0.0,0,0.0,0.0,0.0
8,43,0.0,0,0.0,0.0,0.0
8,44,1.5,8,0.6363636363636364,0.00032782954804133624,4575.548509772719
8,45,0.0,0,0.0,0.0,0.0
8,46,6.7727272727272725,13,1.0,0.0014512272828142159,4666.896324877258
8,47,0.0,0,0.0,0.0,0.0
8,48,0.0,0,0.0,0.0,0.0
8,49,0.0,0,0.0,0.0,0.0
8,50,0.0,0,0.0,0.0,0.0
8,51,0.0,0,0.0,0.0,0.0
8,52,0.09090909090909091,1,0.09090909090909091,1.9488636594773695e-05,4664.722976745853
8,53,0.5909090909090909,2,0.5,0.0001268409092021598,4658.663317899248
8,54,0.0,0,0.0,0.0,0.0
8,55,0.8636363636363636,5,0.4090909090909091,0.0001869545462382534,4619.499129674826
8,56,3.772727272727273,10,0.9545454545454546,0.0008082159130770543,4667.969550814308
8,57,0.0,0,0.0,0.0,0.0
8,58,0.0,0,0.0,0.0,0.0
8,59,0.13636363636363635,1,0.13636363636363635,2.9886363666843284e-05,4562.737637932237
8,60,0.0,0,0.0,0.0,0.0
8,61,0.045454545454545456,1,0.045454545454545456,9.85227300340987e-06,4613.610020633172
8,62,0.13636363636363635,2,0.09090909090909091,2.812499984760176e-05,4848.484874756868
8,63,1.2727272727272727,3,0.6818181818181818,0.0002642272751968862,4816.789908532014
8,64,0.0,0,0.0,0.0,0.0
8,65,0.0,0,0.0,0.0,0.0
8,66,0.5,3,0.36363636363636365,0.00010864772709531032,4602.029083971349
8,67,0.09090909090909091,1,0.09090909090909091,2.104545472486114e-05,4319.654390821946
8,68,0.0,0,0.0,0.0,0.0
8,69,51.18181818181818,79,1.0,0.01094373870265289,4676.812885655896
8,70,1.2727272727272727,4,0.7727272727272727,0.0002757727276978337,4615.1310296419515
8,71,0.0,0,0.0,0.0,0.0
8,72,0.0,0,0.0,0.0,0.0
8,73,0.0,0,0.0,0.0,0.0
8,74,6.2272727272727275,21,0.8636363636363636,0.001320659098300067,4715.276436809758
8,75,0.0,0,0.0,0.0,0.0
8,76,5.2272727272727275,12,1.0,0.001130454551126935,4624.045010975213
8,77,0.045454545454545456,1,0.045454545454545456,9.534090746786784e-06,4767.580534081315
8,78,5.181818181818182,11,1.0,0.001101704552473331,4703.455359410997
8,79,0.0,0,0.0,0.0,0.0
8,80,0.0,0,0.0,0.0,0.0
8,81,0.0,0,0.0,0.0,0.0
8,82,0.0,0,0.0,0.0,0.0
8,83,15.772727272727273,27,1.0,0.003347045478717932,4712.4329122557765
8,84,0.6818181818181818,3,0.4090909090909091,0.0001425454558391886,4783.163221894418
8,85,0.0,0,0.0,0.0,0.0
8,86,0.0,0,0.0,0.0,0.0
8,87,0.045454545454545456,1,0.045454545454545456,9.761363881724803e-06,4656.577298552032
8,88,0.5454545454545454,2,0.4090909090909091,0.00011372727352533151,4796.163035888233
8,89,20.772727272727273,37,1.0,0.0044015909370500594,4719.3679671307955
8,90,0.0,0,0.0,0.0,0.0
8,91,0.0,0,0.0,0.0,0.0
8,92,0.0,0,0.0,0.0,0.0
8,93,0.0,0,0.0,0.0,0.0
8,94,0.18181818181818182,2,0.13636363636363635,3.6750000700439244e-05,4947.43342456613
8,95,0.3181818181818182,2,0.18181818181818182,6.942045398649167e-05,4583.401575618222
8,96,0.045454545454545456,1,0.045454545454545456,9.534090746786784e-06,4767.580534081315
8,97,0.045454545454545456,1,0.045454545454545456,9.534090746786784e-06,4767.580534081315
8,98,1.6818181818181819,6,0.8181818181818182,0.0003610227319189686,4658.482785498574
8,99,0.7727272727272727,3,0.45454545454545453,0.00016675000105434182,4634.046583756543
8,100,0.22727272727272727,1,0.22727272727272727,4.7829546515872195e-05,4751.7223939663945
8,101,0.0,0,0.0,0.0,0.0
8,102,7.318181818181818,14,1.0,0.0015741022824923593,4649.1145458442215
8,103,0.13636363636363635,1,0.13636363636363635,2.9250000476498496e-05,4662.004586058058
8,104,0.9090909090909091,4,0.6363636363636364,0.00018547727482986045,4901.360071873087
8,105,0.0,0,0.0,0.0,0.0
8,106,0.0,0,0.0,0.0,0.0
8,107,0.045454545454545456,1,0.045454545454545456,9.761363881724803e-06,4656.577298552032
8,108,0.0,0,0.0,0.0,0.0
8,109,0.0,0,0.0,0.0,0.0
8,110,0.0,0,0.0,0.0,0.0
8,111,0.09090909090909091,2,0.045454545454545456,1.906818149357357e-05,4767.580534081315
8,112,10.0,20,1.0,0.0021390000157142904,4675.081779585978
8,113,0.0,0,0.0,0.0,0.0
8,114,4.863636363636363,8,1.0,0.0010276818277568302,4732.6285551360315
8,115,0.9090909090909091,4,0.5,0.00019268181958151135,4718.093855794895
8,116,0.09090909090909091,1,0.09090909090909091,1.910227266224948e-05,4759.071997163372
8,117,0.0,0,0.0,0.0,0.0
8,118,0.18181818181818182,2,0.13636363636363635,3.661363668718629e-05,4965.859670580412
8,119,0.0,0,0.0,0.0,0.0
8,120,6.0,17,1.0,0.0012910113708296028,4647.519096709741
8,121,0.0,0,0.0,0.0,0.0
8,122,0.045454545454545456,1,0.045454545454545456,1.1465909086506475e-05,3964.3211115321087
8,123,0.0,0,0.0,0.0,0.0
8,124,0.0,0,0.0,0.0,0.0
8,125,0.3181818181818182,2,0.2727272727272727,6.83750007407401e-05,4653.481751148777
8,126,0.13636363636363635,1,0.13636363636363635,2.967045491624793e-05,4595.940195340983
8,127,0.0,0,0.0,0.0,0.0
8,128,0.045454545454545456,1,0.045454545454545456,9.761363881724803e-06,4656.577298552032
8,129,0.13636363636363635,1,0.13636363636363635,2.9886363666843284e-05,4562.737637932237
8,130,2.5,7,0.9090909090909091,0.0005407954575441016,4622.8198945183
8,131,496.1818181818182,502,1.0,0.10531278478645784,4711.506007441769
8,132,9.772727272727273,30,1.0,0.0020629204736906104,4737.326231119151
8,133,1.9090909090909092,4,0.8636363636363636,0.00041075000362153247,4647.817144878121
8,134,3.6363636363636362,11,1.0,0.0007605909155575897,4780.971691855951
8,135,85.5,107,1.0,0.01816184101798254,4707.672526994597
8,136,0.045454545454545456,1,0.045454545454545456,9.136363752821291e-06,4975.1243146934885
8,137,0.22727272727272727,2,0.18181818181818182,4.862499984235249e-05,4673.989264978304
8,138,0.09090909090909091,1,0.09090909090909091,1.7693182268306952e-05,5138.085932225574
8,139,190.9090909090909,266,1.0,0.04033607982141389,4732.960955906771
8,140,0.0,0,0.0,0.0,0.0
8,141,4.409090909090909,8,1.0,0.0009351022798165849,4715.089465887868
8,142,0.09090909090909091,1,0.09090909090909091,2.1136363846546207e-05,4301.075226046789
8,143,14.454545454545455,29,1.0,0.0030128636631574905,4797.610204305443
8,144,0.0,0,0.0,0.0,0.0
8,145,0.0,0,0.0,0.0,0.0
8,146,160.9090909090909,180,1.0,0.03411173886243804,4717.117809736609
8,147,0.0,0,0.0,0.0,0.0
8,148,0.0,0,0.0,0.0,0.0
8,149,4.318181818181818,11,0.9545454545454546,0.000936886369758709,4609.077426640274
8,150,0.0,0,0.0,0.0,0.0
8,151,0.0,0,0.0,0.0,0.0
8,152,0.0,0,0.0,0.0,0.0
8,153,0.0,0,0.0,0.0,0.0
8,154,0.0,0,0.0,0.0,0.0
8,155,0.045454545454545456,1,0.045454545454545456,9.465909070885656e-06,4801.920778464926
8,156,0.0,0,0.0,0.0,0.0
8,157,0.0,0,0.0,0.0,0.0
8,158,2.1363636363636362,9,0.9090909090909091,0.00044997727673035115,4747.714488800402
8,159,0.6818181818181818,2,0.45454545454545453,0.0001452272739367221,4694.83564165269
8,160,0.0,0,0.0,0.0,0.0
8,161,1.1818181818181819,5,0.6363636363636364,0.0002480681842743334,4764.0860728485595
8,162,0.09090909090909091,1,0.09090909090909091,1.83068180128678e-05,4965.859760292106
8,163,0.09090909090909091,2,0.045454545454545456,1.8250000059858642e-05,4981.320033474842
8,164,0.0,0,0.0,0.0,0.0
8,165,0.13636363636363635,1,0.13636363636363635,3.139772756681354e-05,4343.105279624397
8,166,0.0,0,0.0,0.0,0.0
8,167,4.454545454545454,14,0.9545454545454546,0.0009455454617802224,4711.0854365042105
8,168,0.0,0,0.0,0.0,0.0
8,169,1.5909090909090908,6,0.7727272727272727,0.00033226136623521927,4788.125411435381
8,170,0.22727272727272727,1,0.22727272727272727,5.037500060015273e-05,4511.617361093157
8,171,0.0,0,0.0,0.0,0.0
8,172,0.0,0,0.0,0.0,0.0
8,173,228.36363636363637,275,1.0,0.048271750324188775,4730.792540771084
8,174,0.18181818181818182,1,0.18181818181818182,3.9909091190731324e-05,4555.808623885881
8,175,0.9545454545454546,3,0.5909090909090909,0.00020798863724022257,4589.411552530989
8,176,0.0,0,0.0,0.0,0.0
8,177,0.09090909090909091,1,0.09090909090909091,2.0250000075479463e-05,4489.337805937685
8,178,0.2727272727272727,1,0.2727272727272727,5.918181837345897e-05,4608.294915953134
8,179,0.0,0,0.0,0.0,0.0
8,180,0.0,0,0.0,0.0,0.0
8,181,0.18181818181818182,1,0.18181818181818182,4.004545454253358e-05,4540.295119513922
8,182,0.0,0,0.0,0.0,0.0
8,183,3.5,8,0.9545454545454546,0.0007461136430554853,4690.974401254474
8,184,0.045454545454545456,1,0.045454545454545456,8.727273035963828e-06,5208.333149110135
8,185,1.5909090909090908,5,0.9545454545454546,0.0003394318198181943,4686.97687730399
8,186,0.0,0,0.0,0.0,0.0
8,187,0.22727272727272727,1,0.22727272727272727,5.0340909431476824e-05,4514.672655687458
8,188,0.0,0,0.0,0.0,0.0
8,189,0.0,0,0.0,0.0,0.0
8,190,0.0,0,0.0,0.0,0.0
8,191,0.36363636363636365,1,0.36363636363636365,7.82613642513752e-05,4646.435276394685
8,192,189.0909090909091,236,1.0,0.04010140934406081,4715.318293892188
8,193,0.045454545454545456,1,0.045454545454545456,9.125000029929321e-06,4981.320033474842
8,194,5.7272727272727275,12,1.0,0.0012225113717828538,4684.842087742987
8,195,0.0,0,0.0,0.0,0.0
8,196,1.4090909090909092,5,0.6363636363636364,0.0002924204567203891,4818.715232492351
8,197,86.04545454545455,123,1.0,0.01836627283972286,4684.970940829873
8,198,25.863636363636363,47,1.0,0.005479329585134771,4720.219136626404
8,199,389.1363636363636,413,1.0,0.08263260283340722,4709.235220641521
8,200,0.2727272727272727,3,0.18181818181818182,6.0647727381861344e-05,4496.908367399775
8,201,501.90909090909093,507,1.0,0.10651802343371938,4711.963991909809
8,202,3.5454545454545454,7,0.9545454545454546,0.0007507954598457383,4722.264231836205
8,203,5.2272727272727275,12,1.0,0.0010976704625963148,4762.1512151367215
8,204,0.045454545454545456,1,0.045454545454545456,9.17045426004651e-06,4956.629646208488
8,205,0.45454545454545453,3,0.3181818181818182,0.00010213636414846405,4450.3782598402795
8,206,26.227272727272727,36,1.0,0.005528863677516876,4743.700379867554
8,207,285.95454545454544,363,1.0,0.06068736401489745,4711.928917926798
8,208,18.09090909090909,26,1.0,0.003821170481387526,4734.389417857117
8,209,0.3181818181818182,2,0.22727272727272727,6.890909108650786e-05,4617.414236132872
8,210,0.045454545454545456,1,0.045454545454545456,9.045454631136222e-06,5025.125580540975
8,211,81.95454545454545,188,1.0,0.017381806942549618,4714.961207739896
8,212,0.0,0,0.0,0.0,0.0
8,213,61.36363636363637,93,1.0,0.012968250089960004,4731.836287699602
8,214,3.727272727272727,6,1.0,0.0007918068228966811,4707.3005933911745
8,215,7.454545454545454,14,1.0,0.0015788295561585321,4721.5644180637155
8,216,3.590909090909091,9,0.9090909090909091,0.0007639204618912613,4700.6321600798165
8,217,4.136363636363637,10,1.0,0.0008876477341717956,4659.9157268429235
8,218,24.818181818181817,30,1.0,0.0052822841217593204,4698.380709198933
8,219,0.2727272727272727,1,0.2727272727272727,5.546590943016451e-05,4917.025169679325
8,220,3.8181818181818183,12,1.0,0.0007922159149364398,4819.622714204314
8,221,0.0,0,0.0,0.0,0.0
8,222,3.5454545454545454,12,0.9545454545454546,0.0007623522767310285,4650.677454073434
8,223,464.27272727272725,484,1.0,0.09854606883494522,4711.225244817604
8,224,0.0,0,0.0,0.0,0.0
8,225,0.0,0,0.0,0.0,0.0
8,226,4.318181818181818,8,1.0,0.0009122954625953836,4733.315022632087
8,227,0.0,0,0.0,0.0,0.0
8,228,10.318181818181818,22,1.0,0.002227704555976247,4631.755046018695
8,229,0.0,0,0.0,0.0,0.0
8,230,0.0,0,0.0,0.0,0.0
8,231,0.0,0,0.0,0.0,0.0
8,232,0.9545454545454546,4,0.5454545454545454,0.00020251136646203867,4713.540139606865
8,233,0.0,0,0.0,0.0,0.0
8,234,0.0,0,0.0,0.0,0.0
8,235,2.909090909090909,10,0.9545454545454546,0.000616943187196739,4715.330308304741
8,236,0.0,0,0.0,0.0,0.0
8,237,0.0,0,0.0,0.0,0.0
8,238,0.045454545454545456,1,0.045454545454545456,8.988636678127063e-06,5056.8898357138505
8,239,0.0,0,0.0,0.0,0.0
8,240,0.0,0,0.0,0.0,0.0
8,241,0.0,0,0.0,0.0,0.0
8,242,0.0,0,0.0,0.0,0.0
8,243,0.0,0,0.0,0.0,0.0
8,244,0.0,0,0.0,0.0,0.0
8,245,0.8181818181818182,2,0.5454545454545454,0.00017596591020595622,4649.660932757894
8,246,0.0,0,0.0,0.0,0.0
8,247,0.0,0,0.0,0.0,0.0
8,248,2.9545454545454546,9,1.0,0.0006330227313975973,4667.360756575618
8,249,4.818181818181818,9,1.0,0.0010257159169255333,4697.384274413689
8,250,3.0454545454545454,10,0.9090909090909091,0.0006529999994778667,4663.789506722305
8,251,0.0,0,0.0,0.0,0.0
8,252,0.5454545454545454,3,0.45454545454545453,0.00011746590925295922,4643.513585545282
8,253,2.0454545454545454,6,0.8636363636363636,0.00043013636737172914,4755.362951412194
8,254,4.681818181818182,7,1.0,0.0009870340978853744,4743.319599442944
8,255,0.0,0,0.0,0.0,0.0
9,0,0.0,0,0.0,0.0,0.0
9,1,0.2727272727272727,3,0.18181818181818182,6.035227323247289e-05,4518.922952193459
9,2,0.0,0,0.0,0.0,0.0
9,3,3.6818181818181817,7,1.0,0.0008351477286355062,4408.583123172311
9,4,18.90909090909091,33,1.0,0.004340431817002933,4356.49993049485
9,5,26.09090909090909,49,1.0,0.005963363639073743,4375.200083381407
9,6,0.0,0,0.0,0.0,0.0
9,7,510.77272727272725,512,1.0,0.11702222744431558,4364.749658484973
9,8,17.0,28,1.0,0.0039018750030663796,4356.879701845946
9,9,2.4545454545454546,6,0.9545454545454546,0.0005674090928302824,4325.883186506553
9,10,0.4090909090909091,3,0.3181818181818182,9.54772714811208e-05,4284.694176370559
9,11,2.8636363636363638,6,1.0,0.0006565000049621714,4361.97462603427
9,12,0.45454545454545453,2,0.4090909090909091,0.00010365909177132629,4385.003252278049
9,13,0.0,0,0.0,0.0,0.0
9,14,0.7727272727272727,3,0.5,0.0001789318187299862,4318.557080634958
9,15,0.09090909090909091,1,0.09090909090909091,1.9727272129702296e-05,4608.295070468155
9,16,0.13636363636363635,2,0.09090909090909091,3.08636365595951e-05,4418.262122168578
9,17,0.0,0,0.0,0.0,0.0
9,18,0.0,0,0.0,0.0,0.0
9,19,0.7727272727272727,5,0.45454545454545453,0.0001776931841794232,4348.660171157843
9,20,1.2727272727272727,4,0.5909090909090909,0.00028972727357706225,4392.845923732997
9,21,45.13636363636363,69,1.0,0.010286238666264002,4388.033867462004
9,22,4.5,9,1.0,0.0010287613675411028,4374.1922490301995
9,23,1.7727272727272727,5,0.7272727272727273,0.0004154545505033721,4266.95837265329
9,24,5.590909090909091,12,1.0,0.0012810113740587522,4364.449218897154
9,25,11.409090909090908,24,1.0,0.0026396477372724225,4322.202068098696
9,26,2.090909090909091,7,0.7727272727272727,0.000481340910482686,4343.92557410576
9,27,375.22727272727275,411,1.0,0.08597997738252161,4364.123882679116
9,28,1.4545454545454546,3,0.8636363636363636,0.00033086363625691524,4396.20827178482
9,29,0.0,0,0.0,0.0,0.0
9,30,0.2727272727272727,2,0.22727272727272727,6.189772763966836e-05,4406.095072099062
9,31,2.090909090909091,7,0.9090909090909091,0.00046939772768051955,4454.450815603864
9,32,0.8181818181818182,3,0.5,0.00018680682114791125,4379.828387176463
9,33,0.0,0,0.0,0.0,0.0
9,34,1.5909090909090908,4,0.8181818181818182,0.00037244318016085094,4271.548455316079
9,35,0.22727272727272727,1,0.22727272727272727,5.443181924585422e-05,4175.365262847381
9,36,0.0,0,0.0,0.0,0.0
9,37,28.0,45,1.0,0.00646129546591758,4333.496300810888
9,38,0.0,0,0.0,0.0,0.0
9,39,0.18181818181818182,2,0.13636363636363635,4.124999924732203e-05,4407.713579048987
9,40,11.681818181818182,22,1.0,0.0026325795452893626,4437.403687467367
9,41,9.863636363636363,24,1.0,0.0022436363697951574,4396.272273183425
9,42,0.0,0,0.0,0.0,0.0
9,43,0.09090909090909091,1,0.09090909090909091,2.017045401523567e-05,4507.042371997333
9,44,0.5909090909090909,5,0.2727272727272727,0.00013064772594423795,4522.919068344888
9,45,19.954545454545453,36,1.0,0.004604090910023925,4334.090235077864
9,46,0.6363636363636364,2,0.5454545454545454,0.00014478409072828734,4395.259404280018
9,47,0.8636363636363636,4,0.5,0.0002054886393704113,4202.842387211408
9,48,32.31818181818182,47,1.0,0.007449954548395577,4338.037448180387
9,49,2.590909090909091,6,0.8181818181818182,0.0006018977318572896,4304.566961756548
9,50,0.22727272727272727,1,0.22727272727272727,5.2465909737458624e-05,4331.817143932289
9,51,0.045454545454545456,1,0.045454545454545456,1.0000000078104097e-05,4545.454509952683
9,52,4.2272727272727275,7,0.9545454545454546,0.0009693409083411098,4360.97629935696
9,53,0.0,0,0.0,0.0,0.0
9,54,0.0,0,0.0,0.0,0.0
9,55,0.0,0,0.0,0.0,0.0
9,56,0.0,0,0.0,0.0,0.0
9,57,0.13636363636363635,2,0.09090909090909091,3.4636364117349416e-05,3937.007819343589
9,58,0.0,0,0.0,0.0,0.0
9,59,0.0,0,0.0,0.0,0.0
9,60,4.136363636363637,13,1.0,0.000960431823014832,4306.774866517265
9,61,4.681818181818182,8,1.0,0.001085897735637528,4311.472460221586
9,62,0.0,0,0.0,0.0,0.0
9,63,0.8636363636363636,4,0.5909090909090909,0.00020326136555840176,4248.895805967714
9,64,0.0,0,0.0,0.0,0.0
9,65,0.0,0,0.0,0.0,0.0
9,66,0.0,0,0.0,0.0,0.0
9,67,0.0,0,0.0,0.0,0.0
9,68,0.0,0,0.0,0.0,0.0
9,69,20.0,29,1.0,0.004581136376972691,4365.729014427728
9,70,1.9090909090909092,13,0.6818181818181818,0.0004332727290933359,4406.210640318541
9,71,0.0,0,0.0,0.0,0.0
9,72,23.954545454545453,58,1.0,0.0054611704505408525,4386.33909552724
9,73,19.454545454545453,27,1.0,0.004465556825214828,4356.577738456959
9,74,10.090909090909092,25,1.0,0.0023110568277347325,4366.3612983502735
9,75,0.13636363636363635,1,0.13636363636363635,3.1784090837887064e-05,4290.311057162254
9,76,0.0,0,0.0,0.0,0.0
9,77,18.181818181818183,28,1.0,0.004148568183485291,4382.673100130487
9,78,0.0,0,0.0,0.0,0.0
9,79,10.0,15,1.0,0.0022889886379495942,4368.741650442483
9,80,36.90909090909091,82,1.0,0.008393920438803352,4397.121842907617
9,81,160.13636363636363,205,1.0,0.036546215968635144,4381.749502432662
9,82,0.0,0,0.0,0.0,0.0
9,83,1.5909090909090908,4,0.8181818181818182,0.00036660227421882814,4339.605078280183
9,84,0.5454545454545454,2,0.36363636363636365,0.00012522727113471112,4355.716933796169
9,85,76.18181818181819,97,1.0,0.01741779549047351,4373.792207141546
9,86,0.5454545454545454,3,0.4090909090909091,0.00012602272710699418,4328.223630579353
9,87,0.0,0,0.0,0.0,0.0
9,88,58.22727272727273,79,1.0,0.013355681835409168,4359.737933625975
9,89,0.0,0,0.0,0.0,0.0
9,90,5.409090909090909,12,0.9545454545454546,0.0012467386404750869,4338.592495239981
9,91,0.0,0,0.0,0.0,0.0
9,92,0.0,0,0.0,0.0,0.0
9,93,0.045454545454545456,1,0.045454545454545456,1.2193182059987025e-05,3727.8657229033306
9,94,0.0,0,0.0,0.0,0.0
9,95,136.6818181818182,170,1.0,0.0312608636926267,4372.298204097811
9,96,0.0,0,0.0,0.0,0.0
9,97,0.0,0,0.0,0.0,0.0
9,98,0.2727272727272727,2,0.22727272727272727,6.399999983841553e-05,4261.363647122545
9,99,1.5,5,0.6818181818181818,0.0003502500000071119,4282.655246165717
9,100,0.09090909090909091,1,0.09090909090909091,1.9863636142955247e-05,4576.65908974739
9,101,4.5,6,1.0,0.0010268863651700403,4382.179131626558
9,102,0.0,0,0.0,0.0,0.0
9,103,0.0,0,0.0,0.0,0.0
9,104,0.0,0,0.0,0.0,0.0
9,105,32.54545454545455,45,1.0,0.007407772721886762,4393.419691359701
9,106,0.0,0,0.0,0.0,0.0
9,107,2.0454545454545454,6,0.8181818181818182,0.0004668068187046711,4381.800915270301
9,108,0.0,0,0.0,0.0,0.0
9,109,6.318181818181818,15,1.0,0.0014276022735760887,4425.729725377234
9,110,1.9545454545454546,7,0.9090909090909091,0.00044339772483164614,4408.1088943060695
9,111,0.13636363636363635,2,0.09090909090909091,3.4693182731809266e-05,3930.5600013056205
9,112,0.0,0,0.0,0.0,0.0
9,113,0.0,0,0.0,0.0,0.0
9,114,3.1818181818181817,9,0.7727272727272727,0.000722034094161989,4406.742295889892
9,115,0.7272727272727273,3,0.5454545454545454,0.00016314772669416428,4457.755814373487
9,116,0.0,0,0.0,0.0,0.0
9,117,0.0,0,0.0,0.0,0.0
9,118,0.0,0,0.0,0.0,0.0
9,119,3.272727272727273,9,0.9090909090909091,0.0007417159028012644,4412.37306678615
9,120,0.18181818181818182,1,0.18181818181818182,4.412500063401901e-05,4120.525307777687
9,121,1.6363636363636365,4,0.7727272727272727,0.0003689886375055225,4434.726357499682
9,122,0.3181818181818182,1,0.3181818181818182,7.35454536466436e-05,4326.328853861643
9,123,0.0,0,0.0,0.0,0.0
9,124,24.40909090909091,54,1.0,0.005570670430395033,4381.715129997376
9,125,0.045454545454545456,1,0.045454545454545456,1.2238636951554906e-05,3714.02024869857
9,126,181.72727272727272,225,1.0,0.04167468185981058,4360.615717201751
9,127,0.0,0,0.0,0.0,0.0
9,128,0.2727272727272727,2,0.22727272727272727,6.164772705894642e-05,4423.963148981891
9,129,5.181818181818182,7,1.0,0.0011797159121752802,4392.42882827902
9,130,0.0,0,0.0,0.0,0.0
9,131,2.272727272727273,4,1.0,0.0005260681831383739,4320.214271786644
9,132,0.0,0,0.0,0.0,0.0
9,133,0.0,0,0.0,0.0,0.0
9,134,0.9545454545454546,4,0.6363636363636364,0.00021769318118458614,4384.820182934795
9,135,0.0,0,0.0,0.0,0.0
9,136,0.0,0,0.0,0.0,0.0
9,137,1.6818181818181819,4,0.8636363636363636,0.0003916818194821562,4293.8377483073355
9,138,404.72727272727275,421,1.0,0.0927555683057025,4363.3744056570085
9,139,1.0454545454545454,4,0.5909090909090909,0.00023956818371185693,4363.912307787818
9,140,0.18181818181818182,2,0.13636363636363635,3.963636316422542e-05,4587.15601794378
9,141,0.045454545454545456,1,0.045454545454545456,1.0363636564844372e-05,4385.9648271280375
9,142,0.0,0,0.0,0.0,0.0
9,143,0.045454545454545456,1,0.045454545454545456,1.1636363606984643e-05,3906.250009862333
9,144,0.09090909090909091,1,0.09090909090909091,2.029545430559665e-05,4479.283367607195
9,145,1.7272727272727273,5,0.8636363636363636,0.00038825000162680885,4448.867276330381
9,146,357.3636363636364,398,1.0,0.08198403428435665,4358.941829138857
9,147,0.045454545454545456,1,0.045454545454545456,1.0249999997375363e-05,4434.58980157899
9,148,9.590909090909092,15,1.0,0.0022156704700054515,4328.671262602283
9,149,2.409090909090909,6,0.8636363636363636,0.0005519545454510742,4364.654533503526
9,150,279.45454545454544,374,1.0,0.06411435234093171,4358.689361291993
9,151,506.1818181818182,508,1.0,0.11597988653308923,4364.39311429576
9,152,0.22727272727272727,2,0.18181818181818182,5.26704554266127e-05,4314.9945340684035
9,153,4.409090909090909,11,1.0,0.0010171363689799116,4334.8080390762125
9,154,3.8636363636363638,9,0.9545454545454546,0.0008922500055632554,4330.2172480204645
9,155,5.136363636363637,20,0.9090909090909091,0.0011741818221211856,4374.41931019225
9,156,1.8181818181818181,6,0.8181818181818182,0.00042563636750194496,4271.678730961611
9,157,0.045454545454545456,1,0.045454545454545456,9.82954555762593e-06,4624.277408153527
9,158,101.86363636363636,136,1.0,0.023381034076340835,4356.677982292996
9,159,0.0,0,0.0,0.0,0.0
9,160,0.0,0,0.0,0.0,0.0
9,161,2.590909090909091,4,1.0,0.0005844431824781085,4433.123986361392
9,162,0.0,0,0.0,0.0,0.0
9,163,0.22727272727272727,2,0.13636363636363635,6.148863890716298e-05,3696.1743065392793
9,164,0.5,2,0.4090909090909091,0.0001175568183746443,4253.262438649364
9,165,0.22727272727272727,1,0.22727272727272727,5.242045484589074e-05,4335.573354731074
9,166,2.409090909090909,7,0.9545454545454546,0.0005511704538631337,4370.8636633289725
9,167,0.5909090909090909,3,0.4090909090909091,0.00013807954647662964,4279.4831384321205
9,168,0.0,0,0.0,0.0,0.0
9,169,4.7727272727272725,7,1.0,0.001088420456984419,4385.003278926422
9,170,0.0,0,0.0,0.0,0.0
9,171,0.0,0,0.0,0.0,0.0
9,172,0.0,0,0.0,0.0,0.0
9,173,0.09090909090909091,1,0.09090909090909091,2.222727264531634e-05,4089.97956518282
9,174,0.0,0,0.0,0.0,0.0
9,175,0.0,0,0.0,0.0,0.0
9,176,0.0,0,0.0,0.0,0.0
9,177,0.0,0,0.0,0.0,0.0
9,178,0.045454545454545456,1,0.045454545454545456,1.0363636564844372e-05,4385.9648271280375
9,179,0.0,0,0.0,0.0,0.0
9,180,0.0,0,0.0,0.0,0.0
9,181,4.7727272727272725,7,1.0,0.001088420456984419,4385.003278926422
9,182,0.0,0,0.0,0.0,0.0
9,183,0.0,0,0.0,0.0,0.0
9,184,0.0,0,0.0,0.0,0.0
9,185,5.2272727272727275,10,1.0,0.0011907613668220372,4389.857508749659
9,186,0.7727272727272727,3,0.5454545454545454,0.00017563636290353978,4399.585939681851
9,187,0.045454545454545456,1,0.045454545454545456,1.0000000078104097e-05,4545.454509952683
9,188,0.0,0,0.0,0.0,0.0
9,189,0.8181818181818182,4,0.4090909090909091,0.00018270454430338842,4478.16895469876
9,190,0.0,0,0.0,0.0,0.0
9,191,0.0,0,0.0,0.0,0.0
9,192,0.0,0,0.0,0.0,0.0
9,193,0.045454545454545456,1,0.045454545454545456,1.0249999997375363e-05,4434.58980157899
9,194,1.4090909090909092,3,0.7727272727272727,0.00032476136402692646,4338.850199477791
9,195,0.0,0,0.0,0.0,0.0
9,196,4.7727272727272725,9,1.0,0.0010828749985772777,4407.459105619636
9,197,4.2727272727272725,8,1.0,0.0009832840938046998,4345.363969221212
9,198,0.045454545454545456,1,0.045454545454545456,1.2409091472033072e-05,3663.003496830401
9,199,2.3181818181818183,6,0.9090909090909091,0.0005358863649731079,4325.88319036285
9,200,0.045454545454545456,1,0.045454545454545456,9.920454679311e-06,4581.901427294499
9,201,0.0,0,0.0,0.0,0.0
9,202,5.181818181818182,9,1.0,0.0012026704584555277,4308.593551447738
9,203,4.909090909090909,7,1.0,0.0011206250029235061,4380.672300086101
9,204,0.0,0,0.0,0.0,0.0
9,205,0.0,0,0.0,0.0,0.0
9,206,0.0,0,0.0,0.0,0.0
9,207,0.5454545454545454,2,0.4090909090909091,0.00012595454741544515,4330.566515041593
9,208,9.545454545454545,21,1.0,0.0022104545536091214,4318.3220075116205
9,209,0.0,0,0.0,0.0,0.0
9,210,0.0,0,0.0,0.0,0.0
9,211,0.045454545454545456,1,0.045454545454545456,9.761363881724803e-06,4656.577298552032
9,212,0.0,0,0.0,0.0,0.0
9,213,0.045454545454545456,1,0.045454545454545456,1.0295454227492552e-05,4415.011173879588
9,214,0.36363636363636365,2,0.3181818181818182,9.106818337882446e-05,3993.012160171385
9,215,0.09090909090909091,1,0.09090909090909091,1.9943182203199036e-05,4558.404470401339
9,216,0.0,0,0.0,0.0,0.0
9,217,0.9545454545454546,3,0.5909090909090909,0.0002278409116446379,4189.526137580828
9,218,0.0,0,0.0,0.0,0.0
9,219,0.0,0,0.0,0.0,0.0
9,220,2.9545454545454546,6,0.9545454545454546,0.0006803181875677018,4342.887649540361
9,221,4.0,7,1.0,0.0009054659107774073,4417.615232544441
9,222,0.0,0,0.0,0.0,0.0
9,223,0.13636363636363635,1,0.13636363636363635,3.234090995234014e-05,4216.444019806229
9,224,9.909090909090908,14,1.0,0.0022802045489449733,4345.702631667734
9,225,0.0,0,0.0,0.0,0.0
9,226,0.18181818181818182,1,0.18181818181818182,4.240909104489467e-05,4287.245431072959
9,227,0.3181818181818182,2,0.2727272727272727,6.963636273708703e-05,4569.190659528236
9,228,0.0,0,0.0,0.0,0.0
9,229,0.0,0,0.0,0.0,0.0
9,230,0.0,0,0.0,0.0,0.0
9,231,0.0,0,0.0,0.0,0.0
9,232,2.409090909090909,7,0.7727272727272727,0.0005420909040946175,4444.071816911398
9,233,0.9545454545454546,4,0.5454545454545454,0.00021803409220989454,4377.964220506139
9,234,0.0,0,0.0,0.0,0.0
9,235,0.0,0,0.0,0.0,0.0
9,236,0.4090909090909091,2,0.3181818181818182,9.052272666436197e-05,4519.206658541415
9,237,0.9545454545454546,3,0.6363636363636364,0.00021902272882553834,4358.2027292966195
9,238,1.3181818181818181,7,0.6363636363636364,0.000301704548870806,4369.114828117098
9,239,0.13636363636363635,2,0.09090909090909091,2.9045454125893727e-05,4694.835748567951
9,240,0.045454545454545456,1,0.045454545454545456,1.0181818321474235e-05,4464.285653052592
9,241,2.0,5,0.9090909090909091,0.0004590568205458112,4356.759142848661
9,242,1.5,4,0.6818181818181818,0.0003418522729506631,4387.860250431868
9,243,9.363636363636363,16,1.0,0.0021221022814808584,4412.434049645417
9,244,0.22727272727272727,2,0.18181818181818182,5.3102273589254104e-05,4279.905772598006
9,245,0.09090909090909091,1,0.09090909090909091,2.0215909568254244e-05,4496.9082693092705
9,246,6.863636363636363,14,1.0,0.0015856590881329876,4328.570002848379
9,247,5.5,12,1.0,0.0012418863552738912,4428.746621333967
9,248,0.09090909090909091,1,0.09090909090909091,2.0590909116435796e-05,4415.011032054272
9,249,0.6363636363636364,2,0.45454545454545453,0.00014671590840655634,4337.386744730124
9,250,9.045454545454545,15,1.0,0.002063125000859145,4384.346339503305
9,251,0.5,3,0.36363636363636365,0.0001160909100276926,4306.969424916462
9,252,0.0,0,0.0,0.0,0.0
9,253,161.86363636363637,193,1.0,0.03709132963360224,4363.921109395843
9,254,121.81818181818181,163,1.0,0.02790839779084887,4364.929249293052
9,255,0.36363636363636365,2,0.3181818181818182,8.694318239577115e-05,4182.459781389951
10,0,0.09090909090909091,1,0.09090909090909091,1.765909109963104e-05,5148.0050924585985
10,1,0.8636363636363636,3,0.5909090909090909,0.00016984090986873278,5084.9725446234
10,2,11.0,18,1.0,0.002250681826395025,4887.407838370021
10,3,0.45454545454545453,2,0.36363636363636365,9.380681744501503e-05,4845.548190693996
10,4,0.0,0,0.0,0.0,0.0
10,5,0.18181818181818182,2,0.13636363636363635,3.692045455946672e-05,4924.592180340913
10,6,4.818181818181818,7,1.0,0.0009692727293110114,4970.924769137711
10,7,0.0,0,0.0,0.0,0.0
10,8,0.0,0,0.0,0.0,0.0
10,9,0.0,0,0.0,0.0,0.0
10,10,0.0,0,0.0,0.0,0.0
10,11,0.045454545454545456,1,0.045454545454545456,8.965909232343124e-06,5069.7084117888735
10,12,4.818181818181818,7,1.0,0.0009692159106965515,4971.216181045883
10,13,0.0,0,0.0,0.0,0.0
10,14,3.409090909090909,7,0.9545454545454546,0.0006870568190193312,4961.876244757845
10,15,90.31818181818181,135,1.0,0.018308227334769486,4933.201896977591
10,16,144.9090909090909,181,1.0,0.029238056901456068,4956.180617525044
10,17,0.0,0,0.0,0.0,0.0
10,18,0.0,0,0.0,0.0,0.0
10,19,0.0,0,0.0,0.0,0.0
10,20,0.7727272727272727,5,0.36363636363636365,0.0001532159102763134,5043.387931016544
10,21,1.8181818181818181,5,0.8636363636363636,0.00036893181822961196,4928.232611940879
10,22,1.3181818181818181,6,0.5454545454545454,0.00027020454581361264,4878.459073338838
10,23,13.090909090909092,30,1.0,0.002713420468022708,4824.504438285065
10,24,0.0,0,0.0,0.0,0.0
10,25,0.0,0,0.0,0.0,0.0
10,26,5.045454545454546,11,1.0,0.0010145340942968191,4973.173966077095
10,27,0.0,0,0.0,0.0,0.0
10,28,0.0,0,0.0,0.0,0.0
10,29,4.681818181818182,7,1.0,0.0009404886388272809,4978.069897427001
10,30,0.5454545454545454,2,0.45454545454545453,0.00011012500048805536,4953.0491989755565
10,31,1.7727272727272727,4,0.8636363636363636,0.00035789772796719757,4953.167159780764
10,32,7.636363636363637,13,1.0,0.0015508750015710989,4923.906587331469
10,33,104.27272727272727,195,1.0,0.021242556781957814,4908.671227433904
10,34,0.045454545454545456,1,0.045454545454545456,1.0465909409421412e-05,4343.105188128924
10,35,0.0,0,0.0,0.0,0.0
10,36,0.045454545454545456,1,0.045454545454545456,8.784090988972986e-06,5174.644196150328
10,37,0.13636363636363635,1,0.13636363636363635,2.6170454723548822e-05,5210.59484078941
10,38,1.1363636363636365,5,0.5,0.00022604545401091772,5027.146603482463
10,39,0.4090909090909091,2,0.3181818181818182,8.135227240431546e-05,5028.635304220565
10,40,0.0,0,0.0,0.0,0.0
10,41,0.0,0,0.0,0.0,0.0
10,42,0.0,0,0.0,0.0,0.0
10,43,2.1818181818181817,8,0.7727272727272727,0.0004449204544388604,4903.838787474762
10,44,2.590909090909091,7,0.8636363636363636,0.0005161590915205041,5019.594023379066
10,45,0.045454545454545456,1,0.045454545454545456,8.977272955235094e-06,5063.291010666959
10,46,0.0,0,0.0,0.0,0.0
10,47,46.40909090909091,114,1.0,0.009398056856298354,4938.158134039021
10,48,0.7272727272727273,3,0.5454545454545454,0.0001460909096005542,4978.2202688809075
10,49,0.0,0,0.0,0.0,0.0
10,50,0.09090909090909091,1,0.09090909090909091,1.83068180128678e-05,4965.859760292106
10,51,0.0,0,0.0,0.0,0.0
10,52,0.0,0,0.0,0.0,0.0
10,53,0.0,0,0.0,0.0,0.0
10,54,0.0,0,0.0,0.0,0.0
10,55,33.27272727272727,71,1.0,0.006778284089787948,4908.724218693551
10,56,0.0,0,0.0,0.0,0.0
10,57,497.45454545454544,508,1.0,0.10062413656785131,4943.690076973824
10,58,25.863636363636363,31,1.0,0.0052600000152861785,4917.0411194816725
10,59,0.0,0,0.0,0.0,0.0
10,60,0.0,0,0.0,0.0,0.0
10,61,1.1363636363636365,7,0.5,0.00024419318122619933,4653.543684788676
10,62,2.5,7,0.9090909090909091,0.0005008181800473143,4991.831566026248
10,63,0.0,0,0.0,0.0,0.0
10,64,1.4090909090909092,3,0.6818181818181818,0.0002826477277928709,4985.325444128513
10,65,134.9090909090909,182,1.0,0.02739592050982703,4924.422629299806
10,66,3.0454545454545454,13,0.8181818181818182,0.0006167727247388525,4937.725718568408
10,67,2.772727272727273,6,0.9090909090909091,0.0005650113651592454,4907.383185019286
10,68,0.045454545454545456,1,0.045454545454545456,8.784090988972986e-06,5174.644196150328
10,69,0.0,0,0.0,0.0,0.0
10,70,1.3181818181818181,2,0.8636363636363636,0.0002634431822860444,5003.666470861816
10,71,85.77272727272727,104,1.0,0.017329136408410373,4949.625027540269
10,72,37.95454545454545,56,1.0,0.007659409118456428,4955.283738936026
10,73,25.681818181818183,38,1.0,0.005199420472887472,4939.361668427619
10,74,0.0,0,0.0,0.0,0.0
10,75,0.3181818181818182,2,0.2727272727272727,6.590909007090059e-05,4827.586268290755
10,76,0.0,0,0.0,0.0,0.0
10,77,0.0,0,0.0,0.0,0.0
10,78,2.6363636363636362,7,0.9090909090909091,0.0005303863654262386,4970.647452909077
10,79,0.0,0,0.0,0.0,0.0
10,80,0.9545454545454546,3,0.6363636363636364,0.00019131818209478462,4989.308617162926
10,81,7.954545454545454,18,0.9090909090909091,0.0016147500011191535,4926.177704927887
10,82,0.045454545454545456,1,0.045454545454545456,8.443181948016651e-06,5383.579997967825
10,83,0.2727272727272727,2,0.22727272727272727,5.587499948557127e-05,4881.025060191718
10,84,3.1818181818181817,9,0.9545454545454546,0.0006468977305551314,4918.579910749917
10,85,28.136363636363637,48,1.0,0.005692295477439819,4942.885299590653
10,86,0.2727272727272727,2,0.18181818181818182,5.5170453957874663e-05,4943.357416190798
10,87,0.0,0,0.0,0.0,0.0
10,88,8.636363636363637,14,1.0,0.001753329550741579,4925.693308888136
10,89,53.63636363636363,72,1.0,0.010832954563242807,4951.2220625716145
10,90,0.0,0,0.0,0.0,0.0
10,91,0.045454545454545456,1,0.045454545454545456,9.045454631136222e-06,5025.125580540975
10,92,40.04545454545455,63,1.0,0.008082829576530705,4954.3856104216875
10,93,0.4090909090909091,2,0.36363636363636365,8.20454542091201e-05,4986.149604927594
10,94,0.045454545454545456,1,0.045454545454545456,8.977272955235094e-06,5063.291010666959
10,95,0.0,0,0.0,0.0,0.0
10,96,0.13636363636363635,1,0.13636363636363635,2.931818149094893e-05,4651.162842611311
10,97,0.0,0,0.0,0.0,0.0
10,98,0.0,0,0.0,0.0,0.0
10,99,0.0,0,0.0,0.0,0.0
10,100,0.0,0,0.0,0.0,0.0
10,101,0.0,0,0.0,0.0,0.0
10,102,35.5,48,1.0,0.00720003410374788,4930.532201440678
10,103,6.7272727272727275,14,1.0,0.0013516363661355254,4977.132086573498
10,104,0.36363636363636365,3,0.2727272727272727,7.587500030323017e-05,4792.571494999821
10,105,0.2727272727272727,2,0.22727272727272727,5.389772757718509e-05,5060.088522966193
10,106,0.045454545454545456,1,0.045454545454545456,9.045454631136222e-06,5025.125580540975
10,107,0.0,0,0.0,0.0,0.0
10,108,0.0,0,0.0,0.0,0.0
10,109,0.0,0,0.0,0.0,0.0
10,110,6.090909090909091,12,1.0,0.0012241363669586876,4975.678572512051
10,111,2.772727272727273,8,0.9090909090909091,0.0005565113639353182,4982.3372035391885
10,112,12.090909090909092,19,1.0,0.0024557500060340813,4923.509747002029
10,113,0.0,0,0.0,0.0,0.0
10,114,2.909090909090909,7,0.9545454545454546,0.0005925568197695115,4909.3872722998385
10,115,0.18181818181818182,1,0.18181818181818182,3.776136343896558e-05,4814.926296611563
10,116,163.0909090909091,274,1.0,0.03286054551625222,4963.122386700712
10,117,0.0,0,0.0,0.0,0.0
10,118,0.0,0,0.0,0.0,0.0
10,119,322.04545454545456,396,1.0,0.06498217060355026,4955.904851351023
10,120,0.0,0,0.0,0.0,0.0
10,121,0.6363636363636364,3,0.36363636363636365,0.0001282159090888771,4963.219002117123
10,122,0.045454545454545456,1,0.045454545454545456,8.670454421503978e-06,5242.464033005193
10,123,90.95454545454545,122,1.0,0.018398193203293802,4943.6672639279595
10,124,0.0,0,0.0,0.0,0.0
10,125,0.0,0,0.0,0.0,0.0
10,126,0.4090909090909091,2,0.3181818181818182,8.318181789945811e-05,4918.032803579473
10,127,0.09090909090909091,1,0.09090909090909091,1.7897727296010338e-05,5079.365072757359
10,128,0.0,0,0.0,0.0,0.0
10,129,4.545454545454546,9,1.0,0.0009269772754950365,4903.523166764928
10,130,423.27272727272725,456,1.0,0.08565931837206749,4941.350635481494
10,131,0.0,0,0.0,0.0,0.0
10,132,0.0,0,0.0,0.0,0.0
10,133,47.68181818181818,67,1.0,0.00971435229307231,4908.38881927537
10,134,29.818181818181817,38,1.0,0.006018215931941417,4954.654694246367
10,135,0.0,0,0.0,0.0,0.0
10,136,0.0,0,0.0,0.0,0.0
10,137,0.0,0,0.0,0.0,0.0
10,138,0.0,0,0.0,0.0,0.0
10,139,0.0,0,0.0,0.0,0.0
10,140,0.0,0,0.0,0.0,0.0
10,141,120.04545454545455,152,1.0,0.024231522785901852,4954.102786115374
10,142,0.0,0,0.0,0.0,0.0
10,143,414.04545454545456,449,1.0,0.08375461380439281,4943.553981544817
10,144,0.0,0,0.0,0.0,0.0
10,145,10.454545454545455,24,1.0,0.0020965113733175463,4986.639036449418
10,146,6.818181818181818,12,1.0,0.001376295456959104,4954.010262626637
10,147,455.8181818181818,491,1.0,0.09219250021388606,4944.200241458755
10,148,0.0,0,0.0,0.0,0.0
10,149,0.0,0,0.0,0.0,0.0
10,150,55.40909090909091,71,1.0,0.011161590925687713,4964.264617651441
10,151,92.13636363636364,133,1.0,0.01856600004248321,4962.639417512377
10,152,23.59090909090909,52,1.0,0.004743090928638016,4973.741689932824
10,153,0.0,0,0.0,0.0,0.0
10,154,0.2727272727272727,2,0.22727272727272727,5.547727249160578e-05,4916.018046282626
10,155,0.5909090909090909,3,0.36363636363636365,0.00012315909208899194,4797.933152041374
10,156,2.772727272727273,6,0.9545454545454546,0.0005628636380689303,4926.108359459729
10,157,54.72727272727273,80,1.0,0.011084647745354398,4937.213521305543
10,158,0.0,0,0.0,0.0,0.0
10,159,100.72727272727273,128,1.0,0.020434420489023483,4929.294314041312
10,160,2.6363636363636362,6,0.8181818181818182,0.0005330681841852228,4945.640566400021
10,161,0.0,0,0.0,0.0,0.0
10,162,0.09090909090909091,1,0.09090909090909091,1.8374999688768927e-05,4947.4336026604615
10,163,11.772727272727273,20,1.0,0.002361545456303495,4985.179193270755
10,164,44.27272727272727,60,1.0,0.008972761381301098,4934.125113924237
10,165,0.045454545454545456,1,0.045454545454545456,8.965909232343124e-06,5069.7084117888735
10,166,0.0,0,0.0,0.0,0.0
10,167,0.0,0,0.0,0.0,0.0
10,168,2.8181818181818183,8,0.9090909090909091,0.0005759772717614065,4892.86983419239
10,169,0.045454545454545456,1,0.045454545454545456,8.943181786559183e-06,5082.5921399539975
10,170,0.0,0,0.0,0.0,0.0
10,171,0.18181818181818182,2,0.13636363636363635,3.576136342334476e-05,5084.207211727622
10,172,0.0,0,0.0,0.0,0.0
10,173,0.0,0,0.0,0.0,0.0
10,174,0.0,0,0.0,0.0,0.0
10,175,47.95454545454545,100,1.0,0.009709500019115776,4938.930466052213
10,176,0.0,0,0.0,0.0,0.0
10,177,0.13636363636363635,1,0.13636363636363635,2.6977272434371777e-05,5054.7599537859605
10,178,1.1818181818181819,4,0.6818181818181818,0.00024513636427317664,4821.064330142303
10,179,0.22727272727272727,1,0.22727272727272727,4.630681889300997e-05,4907.975384744776
10,180,0.0,0,0.0,0.0,0.0
10,181,0.0,0,0.0,0.0,0.0
10,182,0.09090909090909091,1,0.09090909090909091,1.7397727457467806e-05,5225.34285764254
10,183,4.7727272727272725,7,1.0,0.0009608068199172108,4967.4161067450805
10,184,0.0,0,0.0,0.0,0.0
10,185,0.0,0,0.0,0.0,0.0
10,186,0.0,0,0.0,0.0,0.0
10,187,0.0,0,0.0,0.0,0.0
10,188,1.7272727272727273,3,0.9090909090909091,0.00035244318198899486,4900.854422902872
10,189,6.818181818181818,11,1.0,0.00137226136906644,4968.573751238279
10,190,0.0,0,0.0,0.0,0.0
10,191,0.0,0,0.0,0.0,0.0
10,192,2.3636363636363638,5,0.9090909090909091,0.0004750227301635525,4975.838446346668
10,193,0.0,0,0.0,0.0,0.0
10,194,0.0,0,0.0,0.0,0.0
10,195,0.13636363636363635,2,0.09090909090909091,2.687500025124543e-05,5073.995724235092
10,196,0.045454545454545456,1,0.045454545454545456,1.0920454356396062e-05,4162.330977366608
10,197,3.9545454545454546,11,1.0,0.0007985681844398972,4952.044836746293
10,198,0.8181818181818182,3,0.45454545454545453,0.00017126136464701796,4777.3870065099045
10,199,0.0,0,0.0,0.0,0.0
10,200,0.0,0,0.0,0.0,0.0
10,201,0.0,0,0.0,0.0,0.0
10,202,0.0,0,0.0,0.0,0.0
10,203,0.2727272727272727,2,0.22727272727272727,5.668181851929562e-05,4811.547685867399
10,204,0.0,0,0.0,0.0,0.0
10,205,0.0,0,0.0,0.0,0.0
10,206,2.272727272727273,7,0.8181818181818182,0.0004665227309239774,4871.632445917468
10,207,0.0,0,0.0,0.0,0.0
10,208,0.0,0,0.0,0.0,0.0
10,209,0.0,0,0.0,0.0,0.0
10,210,0.045454545454545456,1,0.045454545454545456,1.0681818160016768e-05,4255.319157621207
10,211,0.0,0,0.0,0.0,0.0
10,212,0.0,0,0.0,0.0,0.0
10,213,0.09090909090909091,1,0.09090909090909091,1.7829545620109208e-05,5098.788990256617
10,214,1.5909090909090908,6,0.6363636363636364,0.00032300000285348773,4925.415098620679
10,215,0.0,0,0.0,0.0,0.0
10,216,0.0,0,0.0,0.0,0.0
10,217,0.22727272727272727,2,0.18181818181818182,4.981818148569966e-05,4562.043826067116
10,218,4.863636363636363,7,1.0,0.000979681820105973,4964.506091488214
10,219,0.0,0,0.0,0.0,0.0
10,220,0.045454545454545456,1,0.045454545454545456,9.431817902209746e-06,4819.2772513023265
10,221,0.0,0,0.0,0.0,0.0
10,222,0.0,0,0.0,0.0,0.0
10,223,3.772727272727273,8,0.9545454545454546,0.0007513409125914967,5021.325485543605
10,224,0.0,0,0.0,0.0,0.0
10,225,0.13636363636363635,1,0.13636363636363635,2.69659093729305e-05,5056.889959755032
10,226,0.22727272727272727,1,0.22727272727272727,4.678409062431786e-05,4857.906271979419
10,227,1.3181818181818181,4,0.7272727272727273,0.0002728522720810195,4831.119081868606
10,228,0.045454545454545456,1,0.045454545454545456,1.0681818160016768e-05,4255.319157621207
10,229,0.0,0,0.0,0.0,0.0
10,230,0.13636363636363635,1,0.13636363636363635,2.886363654397428e-05,4724.409419301128
10,231,0.0,0,0.0,0.0,0.0
10,232,0.0,0,0.0,0.0,0.0
10,233,0.0,0,0.0,0.0,0.0
10,234,0.0,0,0.0,0.0,0.0
10,235,0.09090909090909091,1,0.09090909090909091,1.7386363734575834e-05,5228.7581403983995
10,236,0.0,0,0.0,0.0,0.0
10,237,0.0,0,0.0,0.0,0.0
10,238,0.22727272727272727,1,0.22727272727272727,4.560227336531336e-05,4983.802571684916
10,239,0.0,0,0.0,0.0,0.0
10,240,0.0,0,0.0,0.0,0.0
10,241,1.0909090909090908,3,0.5909090909090909,0.0002247840920145708,4853.141879979552
10,242,0.0,0,0.0,0.0,0.0
10,243,4.5,10,0.9545454545454546,0.0009145681800542992,4920.354871446357
10,244,0.0,0,0.0,0.0,0.0
10,245,0.0,0,0.0,0.0,0.0
10,246,0.0,0,0.0,0.0,0.0
10,247,0.0,0,0.0,0.0,0.0
10,248,0.0,0,0.0,0.0,0.0
10,249,0.0,0,0.0,0.0,0.0
10,250,0.0,0,0.0,0.0,0.0
10,251,0.13636363636363635,2,0.09090909090909091,2.6386363474144176e-05,5167.958688102594
10,252,0.0,0,0.0,0.0,0.0
10,253,0.22727272727272727,2,0.18181818181818182,4.4556818796660416e-05,5100.739536857636
10,254,0.0,0,0.0,0.0,0.0
10,255,0.09090909090909091,1,0.09090909090909091,1.9897727311631158e-05,4568.817809456574
11,0,0.0,0,0.0,0.0,0.0
11,1,47.86363636363637,68,1.0,0.012763147565155205,3750.1436161648207
11,2,0.0,0,0.0,0.0,0.0
11,3,17.681818181818183,42,1.0,0.004644079468562268,3807.389236449089
11,4,0.0,0,0.0,0.0,0.0
11,5,0.0,0,0.0,0.0,0.0
11,6,6.636363636363637,10,1.0,0.0017684772451916201,3752.5863871912957
11,7,0.0,0,0.0,0.0,0.0
11,8,2.409090909090909,5,0.9545454545454546,0.0006512613564899021,3699.115393664943
11,9,1.6363636363636365,5,0.8181818181818182,0.00043224999734031206,3785.6880195081208
11,10,3.0,7,1.0,0.0008023295310770416,3739.112027913046
11,11,2.409090909090909,12,0.7727272727272727,0.0006340454446300017,3799.5555831124034
11,12,0.0,0,0.0,0.0,0.0
11,13,1.0,6,0.5454545454545454,0.0002749772657724944,3636.6642791021186
11,14,6.636363636363637,12,1.0,0.0017732272482879291,3742.5342086137694
11,15,1.0909090909090908,4,0.5454545454545454,0.00029594317576001316,3686.211341442565
11,16,0.13636363636363635,2,0.09090909090909091,3.6181817201643504e-05,3768.8443232044806
11,17,0.0,0,0.0,0.0,0.0
11,18,0.09090909090909091,1,0.09090909090909091,2.3681817269376055e-05,3838.7717409951156
11,19,0.0,0,0.0,0.0,0.0
11,20,0.6363636363636364,2,0.5909090909090909,0.000171193178340962,3717.2254322903204
11,21,26.636363636363637,46,1.0,0.00713493171364958,3733.233155603518
11,22,0.18181818181818182,1,0.18181818181818182,4.9954544837501914e-05,3639.6724744389453
11,23,506.8636363636364,509,1.0,0.13539593008383896,3743.566265616549
11,24,0.09090909090909091,1,0.09090909090909091,2.5715909115123477e-05,3535.130354603231
11,25,6.409090909090909,18,1.0,0.0016975226925834168,3775.5553649401154
11,26,0.09090909090909091,1,0.09090909090909091,2.3170453707941554e-05,3923.492049615424
11,27,1.1818181818181819,6,0.6818181818181818,0.0003225000003691424,3664.552497567256
11,28,21.454545454545453,42,1.0,0.005774749900658869,3715.233702518892
11,29,0.0,0,0.0,0.0,0.0
11,30,0.09090909090909091,1,0.09090909090909091,2.5772727729583327e-05,3527.3367981434326
11,31,0.0,0,0.0,0.0,0.0
11,32,3.5,6,0.9545454545454546,0.0009235795415324075,3789.6032151088834
11,33,1.1363636363636365,3,0.7272727272727273,0.0002999772709286348,3788.1657928476175
11,34,3.1363636363636362,7,1.0,0.0008313863469414752,3772.4502548084524
11,35,0.045454545454545456,1,0.045454545454545456,1.2079544831067324e-05,3762.935283591243
11,36,35.22727272727273,55,1.0,0.009361238491361622,3763.09958984378
11,37,159.45454545454547,204,1.0,0.04274771546029528,3730.1302242139523
11,38,2.227272727272727,6,0.6818181818181818,0.0005926931798140603,3757.884860378294
11,39,0.0,0,0.0,0.0,0.0
11,40,1.5,6,0.6363636363636364,0.00039842045622539115,3764.866930304985
11,41,30.772727272727273,45,1.0,0.008247420331992378,3731.194244260535
11,42,0.0,0,0.0,0.0,0.0
11,43,11.181818181818182,22,1.0,0.0029816818066385827,3750.171516263861
11,44,4.136363636363637,10,0.9545454545454546,0.0011006136311069977,3758.2340609422404
11,45,1.3181818181818181,4,0.7272727272727273,0.0003569431759057228,3692.973860158574
11,46,24.363636363636363,42,1.0,0.006483681769829921,3757.6854059997254
11,47,17.818181818181817,24,1.0,0.004745340842584317,3754.8792403451503
11,48,0.0,0,0.0,0.0,0.0
11,49,0.18181818181818182,1,0.18181818181818182,4.665909033395689e-05,3896.7365312276734
11,50,0.5454545454545454,2,0.4090909090909091,0.00014582954595839098,3740.356879463768
11,51,1.0454545454545454,4,0.6818181818181818,0.0002789886334953322,3747.301574105302
11,52,15.0,21,1.0,0.003985511318949813,3763.632517785075
11,53,0.0,0,0.0,0.0,0.0
11,54,115.04545454545455,166,1.0,0.030684829181568188,3749.261691003978
11,55,18.90909090909091,35,1.0,0.005045840867255306,3747.460811100954
11,56,243.13636363636363,333,1.0,0.06514561299065297,3732.1985698599324
11,57,30.227272727272727,39,1.0,0.008073761266793801,3743.889833799406
11,58,71.72727272727273,101,1.0,0.019108317886341618,3753.7198802068533
11,59,0.045454545454545456,1,0.045454545454545456,1.107954515398226e-05,4102.564213857459
11,60,69.4090909090909,83,1.0,0.018512454320443794,3749.3186860934265
11,61,3.090909090909091,7,0.9545454545454546,0.0008239545383151959,3751.310232757882
11,62,6.318181818181818,11,1.0,0.0016749090692345899,3772.253631099591
11,63,0.09090909090909091,1,0.09090909090909091,2.5352272628383204e-05,3585.835961992354
11,64,1.7727272727272727,5,0.8636363636363636,0.0004654659053564749,3808.5007995798055
11,65,0.13636363636363635,1,0.13636363636363635,3.6954545066691935e-05,3690.036939097495
11,66,0.5909090909090909,3,0.36363636363636365,0.00016126135993875903,3664.29435503642
11,67,4.136363636363637,8,1.0,0.0010946363512299615,3778.7559601103253
11,68,0.0,0,0.0,0.0,0.0
11,69,0.0,0,0.0,0.0,0.0
11,70,0.0,0,0.0,0.0,0.0
11,71,8.954545454545455,14,1.0,0.002389113603964109,3748.0618082320275
11,72,48.63636363636363,67,1.0,0.013014136190494437,3737.194918237276
11,73,12.318181818181818,23,1.0,0.0032680794908876783,3769.2417985940556
11,74,0.0,0,0.0,0.0,0.0
11,75,0.0,0,0.0,0.0,0.0
11,76,0.18181818181818182,1,0.18181818181818182,4.961363711944696e-05,3664.6815749558277
11,77,0.045454545454545456,1,0.045454545454545456,1.2079544831067324e-05,3762.935283591243
11,78,0.0,0,0.0,0.0,0.0
11,79,0.09090909090909091,1,0.09090909090909091,2.5568180717527866e-05,3555.555708614403
11,80,3.6363636363636362,11,0.9090909090909091,0.0009658522679025984,3764.927367474325
11,81,0.045454545454545456,1,0.045454545454545456,1.174999951300296e-05,3868.4721139131852
11,82,130.95454545454547,147,1.0,0.03494498814159835,3747.448558972547
11,83,0.045454545454545456,1,0.045454545454545456,1.1943181479265066e-05,3805.899251674315
11,84,0.0,0,0.0,0.0,0.0
11,85,1.2727272727272727,3,0.6818181818181818,0.0003400113637326285,3743.1904003305463
11,86,7.045454545454546,14,1.0,0.0018779545154591854,3751.664104458801
11,87,57.22727272727273,81,1.0,0.015259477083666505,3750.2774448626333
11,88,0.0,0,0.0,0.0,0.0
11,89,0.045454545454545456,1,0.045454545454545456,1.174999951300296e-05,3868.4721139131852
11,90,0.0,0,0.0,0.0,0.0
11,91,30.818181818181817,50,1.0,0.008199568067952483,3758.512834186086
11,92,0.0,0,0.0,0.0,0.0
11,93,0.4090909090909091,2,0.36363636363636365,0.00010946590919047594,3737.1535313251843
11,94,2.6363636363636362,6,0.9545454545454546,0.0007074886274164204,3726.36892552041
11,95,0.0,0,0.0,0.0,0.0
11,96,0.22727272727272727,2,0.18181818181818182,6.0977274022827096e-05,3727.1709979630573
11,97,0.6818181818181818,2,0.5909090909090909,0.00018305681375998327,3724.626075444284
11,98,8.954545454545455,12,1.0,0.002388772698891857,3748.596699342485
11,99,0.0,0,0.0,0.0,0.0
11,100,28.5,40,1.0,0.007596113532517021,3751.9186460284964
11,101,47.22727272727273,71,1.0,0.01260824980537026,3745.743735752849
11,102,1.1818181818181819,6,0.45454545454545453,0.0003159545369933105,3740.469097436014
11,103,0.0,0,0.0,0.0,0.0
11,104,16.136363636363637,32,1.0,0.004312079485812733,3742.1303780355256
11,105,0.18181818181818182,1,0.18181818181818182,4.732954601587897e-05,3841.5365690848203
11,106,0.0,0,0.0,0.0,0.0
11,107,47.5,72,1.0,0.012684738473829137,3744.657416311808
11,108,18.863636363636363,28,1.0,0.005017056764865463,3759.9009235332437
11,109,1.8181818181818181,4,0.8636363636363636,0.0004919431772908534,3695.918354218474
11,110,14.590909090909092,27,1.0,0.0038966931302142752,3744.433703997305
11,111,0.0,0,0.0,0.0,0.0
11,112,0.13636363636363635,1,0.13636363636363635,3.665909091730348e-05,3719.7768125578714
11,113,12.590909090909092,27,1.0,0.0033767840306443923,3728.6687501025544
11,114,5.2727272727272725,12,1.0,0.0014135795446980576,3730.0534607364693
11,115,0.0,0,0.0,0.0,0.0
11,116,10.363636363636363,19,1.0,0.002782852234138938,3724.1058783141066
11,117,23.727272727272727,36,1.0,0.006312045359994623,3759.0466123160018
11,118,0.0,0,0.0,0.0,0.0
11,119,52.09090909090909,64,1.0,0.013907590735470876,3745.5020126565023
11,120,0.0,0,0.0,0.0,0.0
11,121,6.818181818181818,15,1.0,0.001821284051402472,3743.6125424430675
11,122,147.13636363636363,187,1.0,0.039309033626605844,3743.0674341680115
11,123,27.045454545454547,45,1.0,0.007226738569443114,3742.4149615444917
11,124,0.3181818181818182,2,0.2727272727272727,8.95227276487276e-05,3554.201559075714
11,125,0.045454545454545456,1,0.045454545454545456,1.3454546040686017e-05,3378.3782312010158
11,126,0.0,0,0.0,0.0,0.0
11,127,10.818181818181818,20,1.0,0.0028813295158959754,3754.5798765809704
11,128,1.7272727272727273,5,0.7727272727272727,0.00045331817818805575,3810.287807510293
11,129,0.0,0,0.0,0.0,0.0
11,130,0.0,0,0.0,0.0,0.0
11,131,2.0,5,0.7727272727272727,0.0005470681776800616,3655.85146714501
11,132,3.6818181818181817,7,1.0,0.0009840568038105796,3741.469158651224
11,133,1.3636363636363635,3,0.7727272727272727,0.0003608749935996126,3778.6945280816694
11,134,0.13636363636363635,1,0.13636363636363635,3.504545417275619e-05,3891.050625037795
11,135,1.3636363636363635,5,0.6818181818181818,0.00036556817278985613,3730.1834928070684
11,136,1.1363636363636365,5,0.5,0.0003014772730900652,3769.3177489506884
11,137,1.7727272727272727,5,0.8636363636363636,0.0004894886263752018,3621.5903234663633
11,138,6.090909090909091,11,1.0,0.001618045445700938,3764.362185927668
11,139,0.0,0,0.0,0.0,0.0
11,140,0.0,0,0.0,0.0,0.0
11,141,1.9090909090909092,6,0.6818181818181818,0.0005082613563651896,3756.1205178841356
11,142,0.13636363636363635,1,0.13636363636363635,3.727272666186433e-05,3658.5366453256315
11,143,4.181818181818182,8,1.0,0.0011166818056319078,3744.8610344750577
11,144,1.6363636363636365,5,0.8181818181818182,0.00043202272288247264,3787.6795587180086
11,145,3.6363636363636362,11,0.9545454545454546,0.000973477262463844,3735.437669247765
11,146,0.0,0,0.0,0.0,0.0
11,147,0.0,0,0.0,0.0,0.0
11,148,1.6363636363636365,7,0.6363636363636364,0.0004334318086462603,3775.365821614475
11,149,0.0,0,0.0,0.0,0.0
11,150,0.0,0,0.0,0.0,0.0
11,151,11.045454545454545,17,1.0,0.002944659047484906,3751.013060370672
11,152,0.9090909090909091,4,0.45454545454545453,0.0002443295432551002,3720.757207579041
11,153,2.6818181818181817,6,1.0,0.0007230908998859708,3708.8257952646013
11,154,9.318181818181818,15,1.0,0.0024744886058298025,3765.700030393565
11,155,0.13636363636363635,1,0.13636363636363635,3.756818213415417e-05,3629.764034807124
11,156,3.8636363636363638,7,0.9545454545454546,0.0010457613494839859,3694.567948550415
11,157,0.0,0,0.0,0.0,0.0
11,158,12.590909090909092,20,1.0,0.003394920406704345,3708.7494204707587
11,159,0.0,0,0.0,0.0,0.0
11,160,0.0,0,0.0,0.0,0.0
11,161,0.22727272727272727,1,0.22727272727272727,6.259090812157162e-05,3631.0821186887197
11,162,0.0,0,0.0,0.0,0.0
11,163,0.0,0,0.0,0.0,0.0
11,164,2.727272727272727,7,1.0,0.000726522717741318,3753.8712289018686
11,165,2.590909090909091,6,0.9545454545454546,0.0006899090830384838,3755.4355415908726
11,166,0.0,0,0.0,0.0,0.0
11,167,5.318181818181818,10,1.0,0.0014333068049216474,3710.4280813573196
11,168,149.77272727272728,214,1.0,0.04002136318674523,3742.319485067687
11,169,0.0,0,0.0,0.0,0.0
11,170,2.1363636363636362,5,0.9090909090909091,0.0005715681697686457,3737.723248704305
11,171,0.0,0,0.0,0.0,0.0
11,172,0.045454545454545456,1,0.045454545454545456,1.3750000190074472e-05,3305.7850782690984
11,173,0.13636363636363635,1,0.13636363636363635,3.778409022329883e-05,3609.022621895772
11,174,0.0,0,0.0,0.0,0.0
11,175,0.0,0,0.0,0.0,0.0
11,176,2.272727272727273,5,0.9090909090909091,0.0006138749952449209,3702.2639630736403
11,177,2.0454545454545454,5,0.9090909090909091,0.0005497159026245671,3720.930276327671
11,178,92.22727272727273,103,1.0,0.024626681493828073,3745.014233866089
11,179,0.0,0,0.0,0.0,0.0
11,180,0.36363636363636365,1,0.36363636363636365,9.584090862931176e-05,3794.166487327625
11,181,3.0,7,0.9090909090909091,0.0007958068163134158,3769.759115532001
11,182,0.9545454545454546,2,0.6818181818181818,0.00025384090391030026,3760.408349643926
11,183,0.0,0,0.0,0.0,0.0
11,184,44.68181818181818,63,1.0,0.011925124835794453,3746.8637684782334
11,185,0.0,0,0.0,0.0,0.0
11,186,134.86363636363637,165,1.0,0.03598232915497978,3748.0518779861113
11,187,2.9545454545454546,9,0.8636363636363636,0.0007965568035036664,3709.145966175726
11,188,0.7272727272727273,3,0.5454545454545454,0.00019634090395728973,3704.1325195840586
11,189,145.63636363636363,165,1.0,0.038874419982841406,3746.328915020349
11,190,0.13636363636363635,2,0.09090909090909091,3.696590746668252e-05,3688.90271357578
11,191,0.0,0,0.0,0.0,0.0
11,192,3.0,7,0.9545454545454546,0.0008007613465782593,3746.4345810637933
11,193,0.3181818181818182,3,0.22727272727272727,8.773863506080075e-05,3626.473308609439
11,194,54.13636363636363,77,1.0,0.014398772511578334,3759.790189950673
11,195,6.590909090909091,12,1.0,0.0017538749790136617,3757.9127188504985
11,196,1.9090909090909092,5,0.9545454545454546,0.0005158068075119941,3701.174318151117
11,197,23.818181818181817,41,1.0,0.006432590805078772,3702.7354202876495
11,198,0.0,0,0.0,0.0,0.0
11,199,193.27272727272728,245,1.0,0.05173119249626656,3736.0965009008014
11,200,1.1363636363636365,5,0.6818181818181818,0.00030744317601519555,3696.1745291997345
11,201,0.0,0,0.0,0.0,0.0
11,202,346.95454545454544,392,1.0,0.09271273731957824,3742.2532813220982
11,203,25.5,34,1.0,0.00681522719704927,3741.6214108079207
11,204,44.77272727272727,57,1.0,0.01194582939470737,3747.9798005958414
11,205,0.0,0,0.0,0.0,0.0
11,206,0.18181818181818182,1,0.18181818181818182,4.8624998519451104e-05,3739.191513711829
11,207,0.18181818181818182,1,0.18181818181818182,4.742045447611335e-05,3834.1720640776934
11,208,15.636363636363637,28,1.0,0.004168897660830143,3750.7189930035374
11,209,8.409090909090908,19,1.0,0.002258318146976473,3723.607730093006
11,210,2.090909090909091,6,0.7727272727272727,0.0005658068045952612,3695.4470570653207
11,211,0.8181818181818182,2,0.7272727272727273,0.00021724999665325,3766.08437646012
11,212,0.09090909090909091,1,0.09090909090909091,2.480681789827279e-05,3664.6816726711486
11,213,4.2727272727272725,7,1.0,0.0011331704418725249,3770.5954151669707
11,214,218.5,262,1.0,0.05835578328564721,3744.2732784591167
11,215,3.5454545454545454,9,1.0,0.0009525454462908039,3722.084399500818
11,216,0.0,0,0.0,0.0,0.0
11,217,4.363636363636363,17,0.9090909090909091,0.0011639999773416837,3748.828564070882
11,218,0.45454545454545453,2,0.36363636363636365,0.00011951136349869722,3803.3659832724566
11,219,67.86363636363636,78,1.0,0.018101215669461948,3749.120368646134
11,220,0.0,0,0.0,0.0,0.0
11,221,0.0,0,0.0,0.0,0.0
11,222,0.0,0,0.0,0.0,0.0
11,223,0.0,0,0.0,0.0,0.0
11,224,0.0,0,0.0,0.0,0.0
11,225,6.090909090909091,11,1.0,0.001621261346206831,3756.89527487942
11,226,0.0,0,0.0,0.0,0.0
11,227,0.6818181818181818,3,0.5454545454545454,0.00017660226942759684,3860.755493279279
11,228,0.13636363636363635,1,0.13636363636363635,3.4840908483602107e-05,3913.894393075771
11,229,0.0,0,0.0,0.0,0.0
11,230,0.8636363636363636,3,0.5909090909090909,0.00022976135898550803,3758.8407704832416
11,231,0.0,0,0.0,0.0,0.0
11,232,0.0,0,0.0,0.0,0.0
11,233,1.6818181818181819,6,0.7272727272727273,0.00044442045063161373,3784.295208350491
11,234,0.045454545454545456,1,0.045454545454545456,1.107954515398226e-05,4102.564213857459
11,235,0.7727272727272727,2,0.5454545454545454,0.00020761363372333687,3721.9485968681547
11,236,0.5,2,0.45454545454545453,0.00013438636167186567,3720.615647150726
11,237,1.5909090909090908,5,0.8636363636363636,0.00042493181271393866,3743.916184454
11,238,0.0,0,0.0,0.0,0.0
11,239,42.27272727272727,67,1.0,0.011213374807001937,3769.848774369963
11,240,0.0,0,0.0,0.0,0.0
11,241,0.2727272727272727,1,0.2727272727272727,7.615908874537457e-05,3581.020692606914
11,242,3.227272727272727,7,1.0,0.0008687954462154514,3714.6519831923706
11,243,0.5,3,0.4090909090909091,0.0001341363624140451,3727.550017023916
11,244,1.5454545454545454,6,0.8636363636363636,0.0004256136268271472,3631.1209229261704
11,245,0.0,0,0.0,0.0,0.0
11,246,1.5,4,0.7272727272727273,0.0003978068098976192,3770.674515064347
11,247,2.727272727272727,7,0.9545454545454546,0.000735556800712154,3707.7663133998985
11,248,0.0,0,0.0,0.0,0.0
11,249,0.36363636363636365,2,0.3181818181818182,9.87840890461071e-05,3681.122811859284
11,250,0.8636363636363636,3,0.5454545454545454,0.00022928408394694668,3766.6651289942906
11,251,0.0,0,0.0,0.0,0.0
11,252,4.7727272727272725,7,1.0,0.0012667158959877931,3767.7961473795744
11,253,13.454545454545455,29,1.0,0.0036060113078829918,3731.143445150292
11,254,0.0,0,0.0,0.0,0.0
11,255,0.5,3,0.36363636363636365,0.00013131817898035726,3807.5459459028184
12,0,0.0,0,0.0,0.0,0.0
12,1,5.409090909090909,11,1.0,0.0016119772877903995,3355.5627303566803
12,2,132.1818181818182,170,1.0,0.03931110277269247,3362.455104506468
12,3,2.727272727272727,6,0.9090909090909091,0.000811284099737267,3361.6740771277905
12,4,11.5,21,1.0,0.003421625041730956,3360.976103384577
12,5,0.0,0,0.0,0.0,0.0
12,6,4.590909090909091,10,1.0,0.0013675454723521727,3357.043099278261
12,7,0.0,0,0.0,0.0,0.0
12,8,0.0,0,0.0,0.0,0.0
12,9,35.63636363636363,52,1.0,0.010660238749220629,3342.92359436781
12,10,0.045454545454545456,1,0.045454545454545456,1.4863635773177851e-05,3058.1040970184686
12,11,26.59090909090909,47,1.0,0.007933840981091966,3351.58079854145
12,12,0.0,0,0.0,0.0,0.0
12,13,0.045454545454545456,1,0.045454545454545456,1.5045454016547989e-05,3021.1481424589465
12,14,0.045454545454545456,1,0.045454545454545456,1.3352272534658285e-05,3404.255368257336
12,15,33.40909090909091,42,1.0,0.009975772825948132,3349.022826801952
12,16,0.0,0,0.0,0.0,0.0
12,17,0.0,0,0.0,0.0,0.0
12,18,2.409090909090909,5,0.9545454545454546,0.0007153068237874487,3367.912662058937
12,19,0.0,0,0.0,0.0,0.0
12,20,0.0,0,0.0,0.0,0.0
12,21,0.0,0,0.0,0.0,0.0
12,22,0.0,0,0.0,0.0,0.0
12,23,2.590909090909091,5,0.9545454545454546,0.0007715227349597791,3358.175946745315
12,24,4.5,7,1.0,0.0013368068294684317,3366.2305583742277
12,25,3.8636363636363638,8,1.0,0.0011367500132605942,3398.8443532576803
12,26,0.0,0,0.0,0.0,0.0
12,27,3.9545454545454546,12,0.9545454545454546,0.0011828068421560931,3343.356931666768
12,28,15.136363636363637,27,1.0,0.004504715978824111,3360.1149789502956
12,29,28.818181818181817,45,1.0,0.008591397837418217,3354.3065242153784
12,30,0.0,0,0.0,0.0,0.0
12,31,0.18181818181818182,2,0.13636363636363635,5.385227268561721e-05,3376.2397156311954
12,32,3.3636363636363638,8,1.0,0.0009991591002538123,3366.4672250714757
12,33,60.22727272727273,75,1.0,0.017943238824955188,3356.5441175262927
12,34,0.0,0,0.0,0.0,0.0
12,35,89.31818181818181,111,1.0,0.026550193475982684,3364.1254591601783
12,36,0.0,0,0.0,0.0,0.0
12,37,0.0,0,0.0,0.0,0.0
12,38,5.318181818181818,12,1.0,0.0015976591054244307,3328.733770630626
12,39,27.454545454545453,43,1.0,0.008202772817722607,3346.983521868139
12,40,4.181818181818182,10,0.9545454545454546,0.0012433522867716172,3363.3413685805294
12,41,0.0,0,0.0,0.0,0.0
12,42,9.454545454545455,16,1.0,0.002804272760510106,3371.4785479090287
12,43,17.954545454545453,28,1.0,0.005348659157541327,3356.8311095745357
12,44,0.0,0,0.0,0.0,0.0
12,45,54.5,77,1.0,0.01629223879717756,3345.151067233405
12,46,39.77272727272727,49,1.0,0.011835670588135888,3360.4118141472754
12,47,36.59090909090909,54,1.0,0.010938863758135332,3345.037464580917
12,48,40.77272727272727,52,1.0,0.012171693322174675,3349.799094793702
12,49,30.40909090909091,41,1.0,0.009064715994596058,3354.6655987037357
12,50,10.318181818181818,23,1.0,0.0030857386803042823,3343.8287837012663
12,51,0.0,0,0.0,0.0,0.0
12,52,4.909090909090909,13,1.0,0.0014525341049937363,3379.6734219277273
12,53,168.72727272727272,211,1.0,0.05024077324064406,3358.3733259657474
12,54,10.136363636363637,18,1.0,0.0029964659360385585,3382.7728573361637
12,55,0.7727272727272727,3,0.5454545454545454,0.0002293863667132841,3368.6713111992585
12,56,0.0,0,0.0,0.0,0.0
12,57,20.318181818181817,38,1.0,0.006073909174037081,3345.157333769801
12,58,4.136363636363637,9,1.0,0.0012335000104609537,3353.3551692617298
12,59,26.772727272727273,44,1.0,0.007953159180363979,3366.3009460225608
12,60,4.2272727272727275,8,1.0,0.0012438295551956717,3398.5948553921594
12,61,4.409090909090909,7,1.0,0.0013088181929726322,3368.7573512993677
12,62,5.954545454545454,22,1.0,0.0018011818306562914,3305.910238043992
12,63,25.09090909090909,33,1.0,0.007504443272905933,3343.4737499445687
12,64,59.36363636363637,80,1.0,0.017651125241007485,3363.1644188735036
12,65,7.2727272727272725,12,1.0,0.0021608863872560587,3365.6222352172535
12,66,0.0,0,0.0,0.0,0.0
12,67,0.6818181818181818,4,0.4090909090909091,0.00020357954913792625,3349.14869742759
12,68,1.1818181818181819,4,0.6363636363636364,0.0003478295508433472,3397.6934362038724
12,69,0.45454545454545453,2,0.36363636363636365,0.000140454546040432,3236.2459411930076
12,70,1.0,3,0.6818181818181818,0.00029605681960343975,3377.729995679456
12,71,4.318181818181818,9,1.0,0.0012885795586043969,3351.1177399544104
12,72,50.54545454545455,78,1.0,0.015019079712642864,3365.41622473087
12,73,17.818181818181817,25,1.0,0.005308068247607232,3356.8109879170993
12,74,2.1363636363636362,6,0.8181818181818182,0.0006325340999121016,3377.4679288602943
12,75,0.8181818181818182,4,0.45454545454545453,0.00024222727700940925,3377.744357626727
12,76,11.136363636363637,16,1.0,0.003310613676810383,3363.8366549288794
12,77,23.227272727272727,33,1.0,0.0069202273655471136,3356.432021715283
12,78,2.8181818181818183,10,0.9090909090909091,0.0008346022858115083,3376.6763715985003
12,79,0.45454545454545453,2,0.4090909090909091,0.0001336704577128826,3400.4929909179723
12,80,0.8636363636363636,3,0.6363636363636364,0.0002533295482862741,3409.141844994784
12,81,0.6818181818181818,4,0.4090909090909091,0.00020580682294993576,3312.903683392653
12,82,9.181818181818182,15,1.0,0.0027129659429192543,3384.4207317760124
12,83,22.181818181818183,32,1.0,0.006636886431475763,3342.2024635859084
12,84,3.3181818181818183,9,0.9545454545454546,0.0009886591062902219,3356.2446318152483
12,85,0.6363636363636364,2,0.45454545454545453,0.00018461363718167624,3447.0023237633195
12,86,0.09090909090909091,1,0.09090909090909091,2.6749999960884452e-05,3398.470693159774
12,87,22.772727272727273,30,1.0,0.006804693277279677,3346.620684397866
12,88,0.045454545454545456,1,0.045454545454545456,1.3602273115380244e-05,3341.687456867006
12,89,0.4090909090909091,2,0.36363636363636365,0.00012459090926726773,3283.473180321228
12,90,2.090909090909091,5,0.8636363636363636,0.0006170568257485601,3388.5195068907638
12,91,20.0,27,1.0,0.005946863696656444,3363.1172699056096
12,92,89.63636363636364,114,1.0,0.026714113923265937,3355.3934782877927
12,93,2.1363636363636362,5,0.9545454545454546,0.0006342272761023858,3368.4512112007537
12,94,65.13636363636364,88,1.0,0.01940227295827671,3357.151184113069
12,95,1.9545454545454546,5,0.7727272727272727,0.0005772954609710723,3385.693438950137
12,96,20.863636363636363,36,1.0,0.006248443263096057,3339.0134926661053
12,97,2.6818181818181817,9,0.8636363636363636,0.0007962954656580802,3367.8682065605567
12,98,0.0,0,0.0,0.0,0.0
12,99,0.045454545454545456,1,0.045454545454545456,1.4852273373187266e-05,3060.4436312493626
12,100,0.0,0,0.0,0.0,0.0
12,101,0.0,0,0.0,0.0,0.0
12,102,50.86363636363637,77,1.0,0.015215920568814247,3342.7906076142253
12,103,6.2272727272727275,11,1.0,0.0018593977504431016,3349.080488985611
12,104,13.136363636363637,21,1.0,0.003915613687819463,3354.8671252293657
12,105,14.136363636363637,22,1.0,0.004212545494242063,3355.777084351015
12,106,13.136363636363637,23,1.0,0.0038946932287548075,3372.8878925243444
12,107,36.31818181818182,46,1.0,0.010825250103318302,3354.9508299165377
12,108,159.0,194,1.0,0.047318545930796645,3360.2046908317393
12,109,13.909090909090908,29,1.0,0.004173045483184978,3333.0791540942237
12,110,39.04545454545455,48,1.0,0.011647238775780848,3352.335716397029
12,111,15.590909090909092,25,1.0,0.0046561364116231825,3348.4648456581454
12,112,21.636363636363637,30,1.0,0.006428715988559733,3365.580883471409
12,113,0.0,0,0.0,0.0,0.0
12,114,0.45454545454545453,2,0.36363636363636365,0.00013585227663332427,3345.880288574829
12,115,0.0,0,0.0,0.0,0.0
12,116,0.0,0,0.0,0.0,0.0
12,117,0.0,0,0.0,0.0,0.0
12,118,0.0,0,0.0,0.0,0.0
12,119,0.0,0,0.0,0.0,0.0
12,120,6.409090909090909,11,1.0,0.0019153977469117804,3346.088779432035
12,121,17.318181818181817,35,1.0,0.005160909131518565,3355.6455610537073
12,122,0.045454545454545456,1,0.045454545454545456,1.3022727216593921e-05,3490.401411205635
12,123,58.86363636363637,73,1.0,0.017553659252536654,3353.3541648947107
12,124,0.0,0,0.0,0.0,0.0
12,125,6.954545454545454,12,1.0,0.0020783977458697996,3346.1090247839015
12,126,119.13636363636364,169,1.0,0.035589579980958,3347.5068742060703
12,127,79.13636363636364,101,1.0,0.02354321611346677,3361.323417113666
12,128,0.13636363636363635,2,0.09090909090909091,4.315909014125778e-05,3159.5577181382705
12,129,29.727272727272727,40,1.0,0.008873534187759187,3350.1051664714087
12,130,33.45454545454545,43,1.0,0.00992031830008438,3372.325810781787
12,131,1.5,4,0.7272727272727273,0.0004365909169957211,3435.7105052066418
12,132,0.045454545454545456,1,0.045454545454545456,1.326136407442391e-05,3427.5920033150933
12,133,0.13636363636363635,1,0.13636363636363635,3.9397728290747516e-05,3461.205563866511
12,134,0.6818181818181818,2,0.5909090909090909,0.00020228409266564995,3370.5971281940647
12,135,13.090909090909092,25,1.0,0.003881545482065783,3372.602266647157
12,136,8.454545454545455,17,1.0,0.0025141363889402287,3362.8030252206236
12,137,11.454545454545455,17,1.0,0.003393795506615954,3375.14309044716
12,138,0.22727272727272727,1,0.22727272727272727,6.461363756732845e-05,3517.411119841464
12,139,0.13636363636363635,1,0.13636363636363635,4.098863626660948e-05,3326.8644381497043
12,140,41.04545454545455,57,1.0,0.012231875134272163,3355.614253324937
12,141,0.0,0,0.0,0.0,0.0
12,142,0.0,0,0.0,0.0,0.0
12,143,40.22727272727273,56,1.0,0.011949375106434507,3366.4750138784343
12,144,0.45454545454545453,2,0.36363636363636365,0.00013862500120674005,3278.957263037731
12,145,26.90909090909091,40,1.0,0.008041829632764513,3346.1403856973357
12,146,0.9090909090909091,5,0.4090909090909091,0.00027331818736539305,3326.1266579218363
12,147,42.59090909090909,62,1.0,0.012713579668674025,3350.03281537238
12,148,0.4090909090909091,3,0.2727272727272727,0.00012077272747939622,3387.278880165225
12,149,25.5,34,1.0,0.007583750075851144,3362.4525788632436
12,150,0.0,0,0.0,0.0,0.0
12,151,16.363636363636363,23,1.0,0.004860272780537012,3366.8143955138958
12,152,1.1363636363636365,4,0.5454545454545454,0.0003429431870410388,3313.5623604840757
12,153,0.18181818181818182,2,0.13636363636363635,5.251136396757581e-05,3462.453992443409
12,154,7.136363636363637,12,1.0,0.0021227954791604793,3361.776349356989
12,155,24.59090909090909,34,1.0,0.007310204625934024,3363.915286812797
12,156,0.0,0,0.0,0.0,0.0
12,157,0.0,0,0.0,0.0,0.0
12,158,0.09090909090909091,1,0.09090909090909091,2.6659091500650074e-05,3410.0596003758837
12,159,0.0,0,0.0,0.0,0.0
12,160,3.5454545454545454,9,1.0,0.001050693191990087,3374.395658488283
12,161,0.45454545454545453,2,0.4090909090909091,0.00013253409071529114,3429.649323372249
12,162,0.0,0,0.0,0.0,0.0
12,163,0.6818181818181818,2,0.6363636363636364,0.00020602272971617904,3309.4318416102333
12,164,2.4545454545454546,5,0.9090909090909091,0.0007438522813820534,3299.7753935566193
12,165,0.9545454545454546,3,0.5909090909090909,0.0002828863679579544,3374.3070103941145
12,166,0.0,0,0.0,0.0,0.0
12,167,0.0,0,0.0,0.0,0.0
12,168,4.363636363636363,8,1.0,0.001293920477936891,3372.4146406539776
12,169,4.0,7,1.0,0.0011823863751487806,3382.9889146825435
12,170,3.3181818181818183,7,0.9090909090909091,0.0009880568355914545,3358.290432954236
12,171,6.454545454545454,10,1.0,0.0019144204720346765,3371.5401338586084
12,172,0.0,0,0.0,0.0,0.0
12,173,4.681818181818182,8,1.0,0.0013880568321011115,3372.929748655378
12,174,0.0,0,0.0,0.0,0.0
12,175,0.6818181818181818,3,0.4090909090909091,0.00020331818483431232,3353.4540079324815
12,176,4.090909090909091,7,1.0,0.0012124886469047685,3373.977233809431
12,177,11.363636363636363,19,1.0,0.0033859318527075547,3356.1326269899528
12,178,0.045454545454545456,1,0.045454545454545456,1.2931818756359545e-05,3514.938332412991
12,179,0.0,0,0.0,0.0,0.0
12,180,0.8181818181818182,3,0.5909090909090909,0.00024595454504544085,3326.557019024213
12,181,0.0,0,0.0,0.0,0.0
12,182,0.0,0,0.0,0.0,0.0
12,183,0.0,0,0.0,0.0,0.0
12,184,0.13636363636363635,1,0.13636363636363635,4.021590972446244e-05,3390.788304875505
12,185,0.7272727272727273,4,0.45454545454545453,0.00021703409650151363,3350.960696941253
12,186,0.13636363636363635,1,0.13636363636363635,3.922727244736796e-05,3476.245679497555
12,187,0.0,0,0.0,0.0,0.0
12,188,0.3181818181818182,3,0.22727272727272727,9.431818166790022e-05,3373.493981278761
12,189,0.22727272727272727,2,0.18181818181818182,7.076136270453307e-05,3211.8195380396182
12,190,17.863636363636363,24,1.0,0.00533567050429569,3347.964674590484
12,191,0.45454545454545453,3,0.22727272727272727,0.000137863638387485,3297.0655632044986
12,192,27.454545454545453,37,1.0,0.008187863723089156,3353.077967959544
12,193,65.27272727272727,82,1.0,0.019399022946758618,3364.7430312274405
12,194,0.13636363636363635,1,0.13636363636363635,3.997727418953384e-05,3411.028868980185
12,195,0.0,0,0.0,0.0,0.0
12,196,1.7272727272727273,4,0.8636363636363636,0.0005090795523508198,3392.9328320034733
12,197,1.0909090909090908,3,0.6818181818181818,0.0003230340926992622,3377.071075667248
12,198,0.0,0,0.0,0.0,0.0
12,199,63.27272727272727,89,1.0,0.01881556835856331,3362.7858625876
12,200,60.0,78,1.0,0.01784427292824892,3362.4233523695534
12,201,11.545454545454545,31,1.0,0.003429250048198314,3366.7578576022433
12,202,0.0,0,0.0,0.0,0.0
12,203,0.0,0,0.0,0.0,0.0
12,204,0.7727272727272727,2,0.6363636363636364,0.0002290795475181023,3373.1831632250382
12,205,0.0,0,0.0,0.0,0.0
12,206,0.0,0,0.0,0.0,0.0
12,207,0.0,0,0.0,0.0,0.0
12,208,0.0,0,0.0,0.0,0.0
12,209,314.3181818181818,381,1.0,0.09356750101935839,3359.2666085327196
12,210,1.4545454545454546,4,0.7272727272727273,0.0004330909154801206,3358.522200663015
12,211,0.0,0,0.0,0.0,0.0
12,212,0.2727272727272727,2,0.22727272727272727,8.32954564512792e-05,3274.215477608855
12,213,0.5909090909090909,2,0.45454545454545453,0.00017169318479401144,3441.6572307050683
12,214,20.454545454545453,32,1.0,0.006089863720593381,3358.7854167206906
12,215,15.681818181818182,22,1.0,0.004672443242849444,3356.2351358290184
12,216,23.636363636363637,35,1.0,0.007068238711905327,3344.0245299797148
12,217,0.0,0,0.0,0.0,0.0
12,218,17.818181818181817,27,1.0,0.005245159148630178,3397.071721424354
12,219,5.181818181818182,10,1.0,0.0015371022851799023,3371.1602876263387
12,220,1.3181818181818181,10,0.6363636363636364,0.00039784091429530895,3313.33900264305
12,221,468.95454545454544,487,1.0,0.1396268765569072,3358.626627040643
12,222,0.0,0,0.0,0.0,0.0
12,223,0.0,0,0.0,0.0,0.0
12,224,0.0,0,0.0,0.0,0.0
12,225,0.0,0,0.0,0.0,0.0
12,226,0.2727272727272727,2,0.22727272727272727,8.159091124649753e-05,3342.618296090916
12,227,0.0,0,0.0,0.0,0.0
12,228,1.3181818181818181,4,0.7272727272727273,0.0003893750055629591,3385.3786179109993
12,229,21.90909090909091,33,1.0,0.00654163644305134,3349.175867509909
12,230,7.681818181818182,15,1.0,0.0022902500336799262,3354.139534483576
12,231,0.09090909090909091,1,0.09090909090909091,2.6784091129560363e-05,3394.1450717645876
12,232,0.0,0,0.0,0.0,0.0
12,233,15.272727272727273,24,1.0,0.004530784143505364,3370.879474498892
12,234,3.727272727272727,9,0.9545454545454546,0.001110500015784055,3356.391422147916
12,235,9.136363636363637,17,0.9545454545454546,0.002735431857714006,3340.0077616990516
12,236,47.45454545454545,60,1.0,0.014136386494183998,3356.9077553212933
12,237,0.22727272727272727,1,0.22727272727272727,6.785227477931502e-05,3349.522591717324
12,238,11.909090909090908,23,1.0,0.0035453523159958422,3359.07121426543
12,239,19.09090909090909,31,1.0,0.0056963296149412845,3351.4403802817633
12,240,23.727272727272727,38,1.0,0.007077511448931711,3352.4880741597603
12,241,9.636363636363637,16,1.0,0.0028784886632241646,3347.7163761242846
12,242,9.318181818181818,15,1.0,0.0027709773024649953,3362.7781107743417
12,243,0.36363636363636365,2,0.3181818181818182,0.00010784090872303668,3371.9705067608047
12,244,47.90909090909091,58,1.0,0.014264113822719082,3358.714849343391
12,245,8.954545454545455,16,1.0,0.002660829584452916,3365.3209160279866
12,246,18.136363636363637,25,1.0,0.00541017052124847,3352.2720892313805
12,247,10.863636363636363,21,1.0,0.0032469091251683,3345.839364405759
12,248,47.68181818181818,63,1.0,0.014201227407532067,3357.5842998281
12,249,81.45454545454545,104,1.0,0.02432710250088183,3348.304445693556
12,250,13.5,28,1.0,0.00401347731531132,3363.666700817723
12,251,3.409090909090909,7,1.0,0.0010196136493256993,3343.51242879638
12,252,4.909090909090909,8,1.0,0.0014618636553429744,3358.104492952296
12,253,40.40909090909091,55,1.0,0.012046943328724328,3354.3023990775173
12,254,4.318181818181818,8,1.0,0.001293159101888622,3339.250222091958
12,255,0.0,0,0.0,0.0,0.0
13,0,6.7727272727272725,13,1.0,0.002251261387507177,3008.4144428145314
13,1,0.0,0,0.0,0.0,0.0
13,2,27.954545454545453,40,1.0,0.009346420541987754,2990.9359769296457
13,3,3.0,8,0.9545454545454546,0.0009912841037889434,3026.3775929960207
13,4,22.318181818181817,36,1.0,0.00746229552499823,2990.793080147695
13,5,2.6363636363636362,7,0.8636363636363636,0.0008770795512563465,3005.8432357558167
13,6,1.5454545454545454,6,0.7727272727272727,0.0005131931856422769,3011.4479082966814
13,7,15.136363636363637,22,1.0,0.005079204605532472,2980.0657409777323
13,8,0.8636363636363636,4,0.5,0.00028160227256276727,3066.865745708302
13,9,0.6363636363636364,2,0.45454545454545453,0.00021205682291606948,3000.910923839995
13,10,10.0,17,1.0,0.003339840947195295,2994.1545594851514
13,11,22.727272727272727,35,1.0,0.007593318252475001,2993.062054242873
13,12,4.545454545454546,10,1.0,0.0015408068350304595,2950.0482747824058
13,13,3.1363636363636362,5,1.0,0.001041340914195065,3011.850964088913
13,14,0.7727272727272727,2,0.5454545454545454,0.0002631818193053319,2936.096705946047
13,15,13.681818181818182,22,1.0,0.004570500048099679,2993.5057516314446
13,16,18.227272727272727,38,1.0,0.006127738710016605,2974.551231676674
13,17,0.13636363636363635,2,0.09090909090909091,4.9113637280904435e-05,2776.492312790994
13,18,19.181818181818183,27,1.0,0.006389159153596583,3002.244539646561
13,19,51.40909090909091,63,1.0,0.017159670596645974,2995.925278375642
13,20,9.181818181818182,13,1.0,0.003080215940082615,2980.900807094685
13,21,14.727272727272727,22,1.0,0.004906068229254081,3001.848331308646
13,22,10.772727272727273,20,1.0,0.003601545486493375,2991.140140566732
13,23,2.0454545454545454,9,0.7727272727272727,0.0006825227279808711,2996.9031969172356
13,24,1.3181818181818181,3,0.6818181818181818,0.00043578409399329263,3024.8506917788213
13,25,9.0,16,1.0,0.0030145113917321646,2985.558463863864
13,26,3.0454545454545454,6,0.9545454545454546,0.0010175227375425907,2993.008837138709
13,27,0.045454545454545456,1,0.045454545454545456,1.50795451852239e-05,3014.3180643860082
13,28,59.04545454545455,88,1.0,0.01966650018981785,3002.3366626271813
13,29,0.13636363636363635,2,0.09090909090909091,4.5579545919529416e-05,2991.7725947596327
13,30,26.272727272727273,36,1.0,0.008767375080920332,2996.6468903448995
13,31,8.045454545454545,14,1.0,0.0027146250239721585,2963.7443383182563
13,32,35.59090909090909,49,1.0,0.011895079649879004,2992.0698421948878
13,33,0.4090909090909091,2,0.36363636363636365,0.00013492045664778826,3032.0895678469774
13,34,0.0,0,0.0,0.0,0.0
13,35,0.0,0,0.0,0.0,0.0
13,36,36.68181818181818,56,1.0,0.01221278420152058,3003.559022786223
13,37,1.9545454545454546,6,0.9090909090909091,0.0006576590941139412,2971.973583333167
13,38,2.727272727272727,6,0.9090909090909091,0.0008985113699137318,3035.3235569345984
13,39,0.0,0,0.0,0.0,0.0
13,40,0.045454545454545456,1,0.045454545454545456,1.4795454758727415e-05,3072.196576298753
13,41,47.27272727272727,63,1.0,0.015787841077491812,2994.248994571043
13,42,0.0,0,0.0,0.0,0.0
13,43,0.0,0,0.0,0.0,0.0
13,44,0.2727272727272727,1,0.2727272727272727,9.355681884864515e-05,2915.0977564605623
13,45,0.18181818181818182,1,0.18181818181818182,6.0329545786688953e-05,3013.750218857076
13,46,0.09090909090909091,1,0.09090909090909091,2.870454574638808e-05,3167.06251728544
13,47,4.181818181818182,7,1.0,0.0014037272802935067,2979.081649637671
13,48,0.0,0,0.0,0.0,0.0
13,49,18.5,27,1.0,0.006186477331952615,2990.3932411501964
13,50,4.318181818181818,14,0.9090909090909091,0.0014204090998232873,3040.0972640340324
13,51,28.318181818181817,37,1.0,0.009433545543949796,3001.859871906134
13,52,0.045454545454545456,1,0.045454545454545456,1.4647727684033187e-05,3103.1806731424535
13,53,1.9545454545454546,7,0.8181818181818182,0.0006506818251430311,3003.8420915104116
13,54,1.5,4,0.7272727272727273,0.0005026363690955226,2984.2647532632786
13,55,0.0,0,0.0,0.0,0.0
13,56,0.0,0,0.0,0.0,0.0
13,57,0.045454545454545456,1,0.045454545454545456,1.438636338041926e-05,3159.557718138271
13,58,20.136363636363637,41,1.0,0.006746215986574746,2984.838267324356
13,59,2.909090909090909,6,0.9090909090909091,0.0009644090962617404,3016.449057114018
13,60,0.0,0,0.0,0.0,0.0
13,61,0.13636363636363635,1,0.13636363636363635,4.6477273413488135e-05,2933.9852867544155
13,62,0.0,0,0.0,0.0,0.0
13,63,8.818181818181818,16,1.0,0.0029386363960590893,3000.7733620966505
13,64,0.0,0,0.0,0.0,0.0
13,65,0.6363636363636364,3,0.5,0.00021055681943173775,3022.2893662674487
13,66,22.545454545454547,34,1.0,0.007523943242796866,2996.4945000135
13,67,19.90909090909091,31,1.0,0.006629215980700048,3003.2346158358987
13,68,0.0,0,0.0,0.0,0.0
13,69,11.181818181818182,17,1.0,0.0037271136640232394,3000.12803198171
13,70,34.27272727272727,49,1.0,0.011460966004630212,2990.3873075691126
13,71,18.90909090909091,26,1.0,0.006297488690258681,3002.639915549286
13,72,0.045454545454545456,1,0.045454545454545456,1.4647727684033187e-05,3103.1806731424535
13,73,51.04545454545455,74,1.0,0.01699471604925665,3003.6073799354403
13,74,28.136363636363637,43,1.0,0.009413852368280377,2988.825672597975
13,75,0.09090909090909091,1,0.09090909090909091,2.962500068613074e-05,3068.6612254375736
13,76,26.318181818181817,33,1.0,0.008804590979707427,2989.1430367224575
13,77,21.954545454545453,31,1.0,0.0073254091509046375,2997.0401655768565
13,78,0.0,0,0.0,0.0,0.0
13,79,2.1363636363636362,8,0.7727272727272727,0.0007055341001515361,3028.009044360554
13,80,0.0,0,0.0,0.0,0.0
13,81,0.22727272727272727,1,0.22727272727272727,7.828409169715914e-05,2903.178951758532
13,82,8.545454545454545,14,1.0,0.0028347841143840924,3014.4992354422016
13,83,24.454545454545453,35,1.0,0.008155204626911489,2998.642777625409
13,84,0.0,0,0.0,0.0,0.0
13,85,5.318181818181818,9,1.0,0.00175950001523068,3022.5528685116697
13,86,3.8636363636363638,9,1.0,0.001278215918732299,3022.6789598022037
13,87,28.454545454545453,37,1.0,0.009508954638890415,2992.3946990103395
13,88,32.18181818181818,49,1.0,0.010710863711375912,3004.595992351033
13,89,26.363636363636363,36,1.0,0.00881522735686634,2990.692729337406
13,90,8.772727272727273,18,1.0,0.0029575568531237714,2966.2074842150605
13,91,0.5909090909090909,3,0.45454545454545453,0.00020436363808006388,2891.4590504480525
13,92,0.18181818181818182,1,0.18181818181818182,6.36931826275858e-05,2854.594076123864
13,93,76.5,113,1.0,0.025587659351665272,2989.7224653735784
13,94,2.090909090909091,5,0.9545454545454546,0.0006922159148168496,3020.6024538778706
13,95,49.45454545454545,75,1.0,0.01650594334668395,2996.1659516104473
13,96,1.7727272727272727,6,0.8181818181818182,0.0005936477338598871,2986.160262418642
13,97,4.2272727272727275,10,0.9545454545454546,0.0014433977445481685,2928.6956718891124
13,98,0.2727272727272727,2,0.22727272727272727,9.228409246795557e-05,2955.3010213756356
13,99,1.3636363636363635,4,0.7727272727272727,0.000450215909619477,3028.8497907346514
13,100,0.0,0,0.0,0.0,0.0
13,101,3.6363636363636362,8,0.9090909090909091,0.001215113647049293,2992.611962834882
13,102,0.0,0,0.0,0.0,0.0
13,103,0.09090909090909091,1,0.09090909090909091,3.410227311013097e-05,2665.7780440472748
13,104,6.590909090909091,16,1.0,0.0021787727508291773,3025.0557743577356
13,105,0.0,0,0.0,0.0,0.0
13,106,8.227272727272727,13,0.9545454545454546,0.002733636392142878,3009.644132233485
13,107,0.0,0,0.0,0.0,0.0
13,108,0.045454545454545456,1,0.045454545454545456,1.709090958518738e-05,2659.5743911687837
13,109,8.818181818181818,16,1.0,0.002931329576478509,3008.2532816986604
13,110,10.409090909090908,17,1.0,0.00347390911933458,2996.3624699211327
13,111,0.3181818181818182,1,0.3181818181818182,0.00010579545712310143,3007.5187237159753
13,112,3.8181818181818183,11,0.7727272727272727,0.0012805795598648149,2981.6045311428265
13,113,0.0,0,0.0,0.0,0.0
13,114,0.22727272727272727,3,0.13636363636363635,8.10113653477112e-05,2805.4424992992463
13,115,14.363636363636363,21,1.0,0.004805909132383848,2988.7448905035058
13,116,13.5,21,1.0,0.004506011406192556,2995.99774235971
13,117,52.81818181818182,72,1.0,0.01766442062349101,2990.0885482732233
13,118,0.0,0,0.0,0.0,0.0
13,119,0.13636363636363635,1,0.13636363636363635,4.5579545919529416e-05,2991.7725947596327
13,120,10.363636363636363,16,1.0,0.0034807727629826827,2977.3952709155706
13,121,2.6818181818181817,10,1.0,0.0008907500106777826,3010.7416779906107
13,122,0.0,0,0.0,0.0,0.0
13,123,0.045454545454545456,1,0.045454545454545456,1.438636338041926e-05,3159.557718138271
13,124,4.318181818181818,9,1.0,0.00145371592159129,2970.4440558475694
13,125,0.0,0,0.0,0.0,0.0
13,126,4.2727272727272725,9,1.0,0.0014374204752543433,2972.496458958008
13,127,0.13636363636363635,1,0.13636363636363635,4.654545442793857e-05,2929.6875073967494
13,128,33.77272727272727,51,1.0,0.011262397836121223,2998.715527914491
13,129,3.090909090909091,12,0.8636363636363636,0.001031193187703717,2997.410308530056
13,130,17.818181818181817,26,1.0,0.0059535114256008955,2992.8861380128124
13,131,4.363636363636363,8,1.0,0.0014462386501360345,3017.2311901814514
13,132,24.136363636363637,37,1.0,0.008049715965171345,2998.4118372367784
13,133,38.77272727272727,54,1.0,0.012928602392838167,2998.9882970030485
13,134,48.13636363636363,54,1.0,0.016037534235775554,3001.4815824357815
13,135,35.36363636363637,47,1.0,0.011780829641131939,3001.795072238946
13,136,4.409090909090909,10,1.0,0.0014740909259258347,2991.0576284985164
13,137,8.636363636363637,13,1.0,0.0028850568474312736,2993.4812702401587
13,138,29.272727272727273,51,1.0,0.009736329630620523,3006.5464485369566
13,139,33.0,67,1.0,0.011078102413607254,2978.8495148290053
13,140,0.09090909090909091,1,0.09090909090909091,3.1897728066806764e-05,2850.0177416614265
13,141,28.636363636363637,39,1.0,0.00958307965431066,2988.2213932639525
13,142,135.04545454545453,157,1.0,0.04512722766164436,2992.5493220634
13,143,68.18181818181819,82,1.0,0.0227982501845955,2990.6601440792947
13,144,29.227272727272727,54,1.0,0.009723318240668794,3005.894901704092
13,145,5.454545454545454,12,1.0,0.0018108181922633032,3012.199390225881
13,146,0.36363636363636365,2,0.3181818181818182,0.00012021591034929521,3024.8605411695867
13,147,38.90909090909091,50,1.0,0.0129394205392931,3007.0195795040268
13,148,20.636363636363637,31,1.0,0.006907727321959101,2987.4317086550773
13,149,5.136363636363637,9,1.0,0.0016940000099235806,3032.0918573048575
13,150,32.90909090909091,48,1.0,0.010964386491898702,3001.4530164005596
13,151,0.0,0,0.0,0.0,0.0
13,152,3.8181818181818183,8,0.9545454545454546,0.0012771022791804915,2989.72281267239
13,153,15.590909090909092,25,1.0,0.005197011414566077,2999.975918315517
13,154,0.0,0,0.0,0.0,0.0
13,155,211.3181818181818,265,1.0,0.07056310288317036,2994.740497283067
13,156,50.59090909090909,70,1.0,0.016899920605779203,2993.5589800113444
13,157,21.90909090909091,36,1.0,0.007349909136378715,2980.8655457590426
13,158,15.363636363636363,22,1.0,0.00513198866577692,2993.700369233083
13,159,2.590909090909091,6,0.9545454545454546,0.0008626704617530446,3003.358994863541
13,160,0.0,0,0.0,0.0,0.0
13,161,101.13636363636364,132,1.0,0.03368014801394152,3002.8479564430468
13,162,0.0,0,0.0,0.0,0.0
13,163,0.7272727272727273,3,0.5,0.00024561363997318864,2961.043724412524
13,164,0.2727272727272727,1,0.2727272727272727,9.296591054986824e-05,2933.626649964106
13,165,6.181818181818182,13,1.0,0.0020433409319428556,3025.3483817506494
13,166,0.2727272727272727,1,0.2727272727272727,9.222727385349572e-05,2957.1216987341913
13,167,24.0,39,1.0,0.008011318243172189,2995.761655137654
13,168,80.22727272727273,104,1.0,0.026854602512850597,2987.4682631732117
13,169,1.3181818181818181,4,0.9090909090909091,0.00044238636672327465,2979.707145917493
13,170,25.40909090909091,51,1.0,0.008508056923429567,2986.474013722113
13,171,17.5,23,1.0,0.005852045507212592,2990.407367548904
13,172,0.13636363636363635,1,0.13636363636363635,4.6090909480963916e-05,2958.579856619148
13,173,25.681818181818183,34,1.0,0.008586284172700041,2991.028210255739
13,174,18.272727272727273,33,1.0,0.006128102320045317,2981.7921304865135
13,175,4.954545454545454,16,1.0,0.0016672386449169028,2971.7074215205676
13,176,4.909090909090909,24,0.9090909090909091,0.001702943204277703,2882.709709143284
13,177,31.90909090909091,49,1.0,0.010635454638924619,3000.256405805829
13,178,3.227272727272727,8,0.9545454545454546,0.001088102283326655,2965.9644839692705
13,179,481.6818181818182,496,1.0,0.16080611510948406,2995.4197814795007
13,180,0.18181818181818182,1,0.18181818181818182,6.330681869506158e-05,2872.0157728027652
13,181,1.0454545454545454,5,0.7272727272727273,0.0003504772771107541,2982.945296976192
13,182,25.772727272727273,37,1.0,0.008595386426102115,2998.4373005571592
13,183,8.5,20,1.0,0.0028275568567385726,3006.1287643935375
13,184,146.3181818181818,182,1.0,0.04876243226119021,3000.6333776470738
13,185,4.954545454545454,11,1.0,0.0016536818253701892,2996.0693638489624
13,186,76.81818181818181,113,1.0,0.02547828423319681,3015.045327035481
13,187,43.18181818181818,78,1.0,0.014539625159655274,2969.9402637723842
13,188,29.045454545454547,40,1.0,0.009691465999243188,2997.0135114463305
13,189,2.727272727272727,8,0.9090909090909091,0.0009127386424965648,2988.0105873604352
13,190,21.09090909090909,42,1.0,0.007034863709122874,2998.0551099459412
13,191,2.5454545454545454,8,0.8636363636363636,0.0008508750033797696,2991.5728342514685
13,192,10.863636363636363,16,1.0,0.003640363668885336,2984.217334243082
13,193,0.5909090909090909,3,0.4090909090909091,0.0001951022740368816,3028.7145233242495
13,194,0.0,0,0.0,0.0,0.0
13,195,15.772727272727273,29,1.0,0.005304318233604797,2973.563534103455
13,196,0.045454545454545456,1,0.045454545454545456,1.50795451852239e-05,3014.3180643860082
13,197,0.13636363636363635,1,0.13636363636363635,4.446590901352465e-05,3066.7007464563535
13,198,0.7727272727272727,4,0.5454545454545454,0.00025417045584287155,3040.1931261632294
13,199,10.363636363636363,15,1.0,0.0034728295722743496,2984.205285043469
13,200,4.7272727272727275,7,1.0,0.001574886375403201,3001.6595489706074
13,201,3.3636363636363638,8,0.9545454545454546,0.0011348750135353343,2963.882650969685
13,202,1.3636363636363635,4,0.7272727272727273,0.00045703409573020923,2983.664405732496
13,203,7.045454545454546,13,1.0,0.002356522743039849,2989.767260368599
13,204,0.6818181818181818,3,0.45454545454545453,0.00022798863938078284,2990.579634450208
13,205,1.5454545454545454,4,0.8181818181818182,0.0005146477355579423,3002.936647101109
13,206,2.0,4,0.9545454545454546,0.0006715568227016113,2978.154539409166
13,207,12.772727272727273,22,1.0,0.004274034122566015,2988.4476600900116
13,208,45.95454545454545,65,1.0,0.015400852421986532,2983.8962282983716
13,209,6.363636363636363,20,1.0,0.0021191363868472927,3002.93855701461
13,210,17.5,33,1.0,0.005803761407150887,3015.2859106919923
13,211,11.318181818181818,19,1.0,0.003761227310116572,3009.1725080638726
13,212,9.909090909090908,17,1.0,0.0033087841227163813,2994.7831413540316
13,213,9.590909090909092,19,1.0,0.0031832159279887987,3012.962145162664
13,214,11.272727272727273,18,1.0,0.003762352310745469,2996.1913031195386
13,215,10.090909090909092,15,1.0,0.0033773863939462567,2987.7863868334352
13,216,90.27272727272727,128,1.0,0.029961568452894095,3012.950654257471
13,217,27.681818181818183,42,1.0,0.009250227361917496,2992.555436613611
13,218,0.09090909090909091,2,0.045454545454545456,3.418181917037476e-05,2659.5743911687837
13,219,37.90909090909091,89,1.0,0.01260357968699695,3007.8034852432856
13,220,86.18181818181819,110,1.0,0.02881007982068695,2991.3772790013486
13,221,34.86363636363637,53,1.0,0.011648238722541877,2993.0393078369557
13,222,0.09090909090909091,1,0.09090909090909091,2.951136345721104e-05,3080.4774927089134
13,223,4.5,7,1.0,0.0015002500109734353,2999.50006137989
13,224,7.181818181818182,15,1.0,0.0024159318352096966,2972.69073454418
13,225,8.0,12,1.0,0.0026588636590697042,3008.8041456022147
13,226,0.6818181818181818,2,0.5454545454545454,0.00023355681994210252,2919.281834661051
13,227,0.0,0,0.0,0.0,0.0
13,228,18.363636363636363,25,1.0,0.00616838642004454,2977.0567395004036
13,229,2.909090909090909,8,0.8636363636363636,0.000958000010789626,3036.629307230495
13,230,0.13636363636363635,1,0.13636363636363635,4.721591010986065e-05,2888.086580272397
13,231,0.09090909090909091,1,0.09090909090909091,2.984091009817679e-05,3046.458389171088
13,232,0.09090909090909091,1,0.09090909090909091,2.8909091435542162e-05,3144.654030784347
13,233,0.2727272727272727,2,0.22727272727272727,9.193181838120587e-05,2966.6254571010186
13,234,0.045454545454545456,1,0.045454545454545456,1.4590909069573337e-05,3115.2648020631264
13,235,13.818181818181818,23,1.0,0.0046204773217058655,2990.639463431062
13,236,5.136363636363637,10,1.0,0.0017123750162268566,2999.55534721675
13,237,14.772727272727273,23,1.0,0.004923784138306722,3000.2792278801203
13,238,0.13636363636363635,1,0.13636363636363635,4.598863597493619e-05,2965.15940237833
13,239,17.545454545454547,29,1.0,0.005841795511183922,3003.435247239374
13,240,0.0,0,0.0,0.0,0.0
13,241,18.363636363636363,35,1.0,0.006076284136559645,3022.181970251599
13,242,0.36363636363636365,2,0.2727272727272727,0.000121409090669741,2995.132914927542
13,243,0.8181818181818182,3,0.5454545454545454,0.00026704545863057405,3063.829740365203
13,244,3.909090909090909,7,1.0,0.001303954560584812,2997.873566497376
13,245,15.227272727272727,20,1.0,0.005063579591065222,3007.2150448946286
13,246,3.4545454545454546,7,0.9545454545454546,0.0011317840994293379,3052.3007491334142
13,247,0.0,0,0.0,0.0,0.0
13,248,0.0,0,0.0,0.0,0.0
13,249,16.09090909090909,26,1.0,0.005402931889296848,2978.1809988730406
13,250,43.13636363636363,64,1.0,0.014332909241519783,3009.6027896001447
13,251,5.681818181818182,12,1.0,0.0018816477452425963,3019.5971568980563
13,252,7.454545454545454,13,1.0,0.0024871136543383313,2997.267712933952
13,253,6.318181818181818,14,1.0,0.002099000022016381,3010.0913539354456
13,254,0.22727272727272727,2,0.18181818181818182,7.552272820083255e-05,3009.328882669017
13,255,12.545454545454545,18,1.0,0.004200397768396546,2986.730123476765
14,0,49.40909090909091,82,1.0,0.016814977225625295,2938.3977299590747
14,1,0.045454545454545456,1,0.045454545454545456,1.703409097072753e-05,2668.4456207647036
14,2,3.727272727272727,6,1.0,0.0012557159035085615,2968.245219207988
14,3,3.8636363636363638,8,1.0,0.0013044545432256366,2961.8788816376987
14,4,152.5,188,1.0,0.0516622610461623,2951.8646089402696
14,5,7.2727272727272725,14,1.0,0.002472022712357681,2942.0147462119958
14,6,9.5,13,1.0,0.003233443163811568,2938.044529844602
14,7,25.90909090909091,40,1.0,0.008786193141449157,2948.8414939188983
14,8,41.36363636363637,52,1.0,0.014030715844869106,2948.077405385032
14,9,41.5,58,1.0,0.014040159000697631,2955.806981811099
14,10,121.0909090909091,153,1.0,0.040957420197876425,2956.50723375364
14,11,1.3636363636363635,5,0.5909090909090909,0.0004668522716118869,2920.9162010247414
14,12,3.9545454545454546,6,1.0,0.0013356818129647184,2960.6942433152026
14,13,33.22727272727273,44,1.0,0.011294363586454314,2941.9340428462247
14,14,3.0454545454545454,6,1.0,0.0010328295452795414,2948.651652514719
14,15,11.0,17,1.0,0.0037656136145497758,2921.170657950041
14,16,0.6818181818181818,2,0.5454545454545454,0.0002300795432264832,2963.4020141765536
14,17,18.545454545454547,26,1.0,0.006315761337067339,2936.3767178171975
14,18,85.72727272727273,114,1.0,0.029015602067705582,2954.5233122247478
14,19,0.18181818181818182,1,0.18181818181818182,6.464772741310298e-05,2812.4450633253105
14,20,42.27272727272727,62,1.0,0.014305715838087384,2954.953652873547
14,21,0.9545454545454546,3,0.5909090909090909,0.0003219886341619051,2964.5315184183855
14,22,0.18181818181818182,1,0.18181818181818182,5.915909158912572e-05,3073.37683751051
14,23,0.2727272727272727,2,0.22727272727272727,8.876136350657113e-05,3072.5899417608916
14,24,7.090909090909091,13,1.0,0.0024186249952022495,2931.793521101909
14,25,4.409090909090909,8,0.9545454545454546,0.0015081704424863512,2923.469910882311
14,26,7.2727272727272725,17,1.0,0.0024614090745506637,2954.700763852074
14,27,1.5909090909090908,4,0.7727272727272727,0.0005318636368346316,2991.19733091236
14,28,0.0,0,0.0,0.0,0.0
14,29,17.045454545454547,27,1.0,0.005825124983940358,2926.1955052377757
14,30,32.45454545454545,48,1.0,0.01106720449355304,2932.4971336213357
14,31,8.681818181818182,13,1.0,0.00294560225632846,2947.3830566111856
14,32,28.59090909090909,40,1.0,0.009628443112226458,2969.4218221639157
14,33,0.22727272727272727,1,0.22727272727272727,7.936363478868522e-05,2863.6884875279084
14,34,4.909090909090909,10,1.0,0.0016635454495289278,2950.9809368184287
14,35,19.59090909090909,28,1.0,0.006623920395875096,2957.600321270302
14,36,32.95454545454545,48,1.0,0.011187693137220445,2945.6068422996564
14,37,0.3181818181818182,2,0.2727272727272727,0.00010436363465322012,3048.78053777136
14,38,0.0,0,0.0,0.0,0.0
14,39,45.36363636363637,71,1.0,0.015397681762062182,2946.1341690673376
14,40,0.0,0,0.0,0.0,0.0
14,41,22.318181818181817,30,1.0,0.007606079506910068,2934.2556566633193
14,42,0.0,0,0.0,0.0,0.0
14,43,72.5,84,1.0,0.024631715814889918,2943.3597133405387
14,44,0.0,0,0.0,0.0,0.0
14,45,12.272727272727273,21,1.0,0.004140579539869743,2964.0119588460693
14,46,2.272727272727273,8,0.9090909090909091,0.0007787386302053081,2918.4724945879298
14,47,12.227272727272727,25,1.0,0.004126011341048235,2963.460765516539
14,48,1.1818181818181819,3,0.7727272727272727,0.00040386363451199776,2926.280261024772
14,49,215.22727272727272,263,1.0,0.07311976101614577,2943.489827322436
14,50,13.863636363636363,23,1.0,0.0047345227172958075,2928.201466430978
14,51,0.0,0,0.0,0.0,0.0
14,52,29.0,39,1.0,0.009863181767286733,2940.2276754327345
14,53,1.2727272727272727,4,0.7272727272727273,0.00042640909139828926,2984.7564191319652
14,54,3.3636363636363638,8,0.9545454545454546,0.0011445568115132946,2938.8111885761937
14,55,36.31818181818182,47,1.0,0.012314761307524432,2949.1584052052294
14,56,25.454545454545453,52,1.0,0.00864503404062072,2944.412403113892
14,57,0.0,0,0.0,0.0,0.0
14,58,0.0,0,0.0,0.0,0.0
14,59,0.0,0,0.0,0.0,0.0
14,60,29.363636363636363,39,1.0,0.009929409045567312,2957.2390692016943
14,61,27.727272727272727,42,1.0,0.009415090854004533,2944.981961111873
14,62,16.40909090909091,23,1.0,0.005573352257752876,2944.204878897589
14,63,9.5,15,1.0,0.003230113632691262,2941.073002464251
14,64,2.4545454545454546,5,0.9090909090909091,0.0008301136298210953,2956.878873407312
14,65,25.727272727272727,35,1.0,0.008725011313799769,2948.6807296835955
14,66,12.590909090909092,18,1.0,0.004286840878194198,2937.106706002329
14,67,16.227272727272727,26,1.0,0.00549343179657378,2953.94087488145
14,68,0.0,0,0.0,0.0,0.0
14,69,8.545454545454545,15,1.0,0.002898738622951152,2947.9907149250234
14,70,0.36363636363636365,1,0.36363636363636365,0.00012047727200710638,3018.298452299903
14,71,2.1818181818181817,7,0.9545454545454546,0.0007331022669942203,2976.1443662748666
14,72,14.727272727272727,24,1.0,0.004976147691856816,2959.5730752471586
14,73,4.818181818181818,9,1.0,0.0016285795387706128,2958.517962112543
14,74,13.0,23,1.0,0.004393647689456967,2958.8171193595945
14,75,4.0,10,1.0,0.0013582613570509818,2944.9413246097834
14,76,1.0,3,0.6363636363636364,0.0003419886343181133,2924.0737838960263
14,77,1.2272727272727273,3,0.6818181818181818,0.0004106249967166646,2988.7920537861405
14,78,34.63636363636363,48,1.0,0.01172885221471502,2953.0906351525896
14,79,5.818181818181818,9,1.0,0.001983556809136644,2933.2065466348904
14,80,5.318181818181818,13,1.0,0.0018113181801957332,2936.0837186579383
14,81,2.4545454545454546,5,0.8636363636363636,0.0008476136307845908,2895.8305593474383
14,82,7.454545454545454,14,1.0,0.0025234545226505197,2954.103348260679
14,83,0.8636363636363636,2,0.6818181818181818,0.00029395454542034054,2937.992887306458
14,84,31.863636363636363,83,1.0,0.01089518172243102,2924.5621757767885
14,85,30.636363636363637,54,1.0,0.010439034043387934,2934.789129820748
14,86,2.909090909090909,8,0.8636363636363636,0.000987159085608172,2946.9322133612004
14,87,13.954545454545455,23,1.0,0.004765352243504656,2928.334515788627
14,88,5.590909090909091,11,1.0,0.001906102255981585,2933.1632515328733
14,89,10.636363636363637,16,1.0,0.0036219999760346996,2936.5995877250493
14,90,5.5,11,1.0,0.0018443977195684884,2982.003253228251
14,91,14.0,29,1.0,0.004761261349565096,2940.3972964598534
14,92,5.7727272727272725,11,1.0,0.0019453977173808116,2967.376398744515
14,93,11.681818181818182,18,1.0,0.003921829525180246,2978.6654689640777
14,94,0.045454545454545456,1,0.045454545454545456,1.4806818481619386e-05,3069.8387713046513
14,95,29.454545454545453,46,1.0,0.009969284050219523,2954.5296639327744
14,96,15.181818181818182,39,1.0,0.0051246136321093545,2962.529328395272
14,97,4.045454545454546,8,0.9545454545454546,0.0013723522596675057,2947.82517896293
14,98,4.636363636363637,9,1.0,0.001586159090617333,2923.0129964826947
14,99,0.0,0,0.0,0.0,0.0
14,100,0.045454545454545456,1,0.045454545454545456,1.4681817529807715e-05,3095.9753696884945
14,101,0.0,0,0.0,0.0,0.0
14,102,0.0,0,0.0,0.0,0.0
14,103,0.5909090909090909,2,0.45454545454545453,0.00020105681853072548,2939.0154247307373
14,104,38.45454545454545,68,1.0,0.01295214766551825,2968.9705867792686
14,105,1.2272727272727273,3,0.5909090909090909,0.0004125454526563937,2974.8788148561034
14,106,0.18181818181818182,1,0.18181818181818182,6.464772741310298e-05,2812.4450633253105
14,107,0.0,0,0.0,0.0,0.0
14,108,8.5,16,1.0,0.0028748522586697204,2956.673677531242
14,109,9.454545454545455,20,1.0,0.0031796590906610204,2973.446267341807
14,110,14.0,30,1.0,0.004765374982856552,2937.859045797032
14,111,0.045454545454545456,1,0.045454545454545456,1.4909090664745731e-05,3048.7805377713603
14,112,13.0,19,1.0,0.004405920446681028,2950.575290071993
14,113,4.7272727272727275,7,1.0,0.0015984659032917327,2957.3810223526316
14,114,7.863636363636363,14,1.0,0.002653795434691181,2963.1659851549352
14,115,0.45454545454545453,2,0.3181818181818182,0.00015161363593175668,2998.051275216772
14,116,0.045454545454545456,1,0.045454545454545456,1.5511364009315994e-05,2930.402859944866
14,117,46.40909090909091,64,1.0,0.01569147720213302,2957.5985938903373
14,118,0.0,0,0.0,0.0,0.0
14,119,2.1818181818181817,5,0.9090909090909091,0.0007460000011964108,2924.689247076477
14,120,2.1818181818181817,5,0.8636363636363636,0.0007472386324397204,2919.8412489656557
14,121,0.2727272727272727,1,0.2727272727272727,9.355681752574377e-05,2915.0977976802933
14,122,0.09090909090909091,1,0.09090909090909091,2.972727286925709e-05,3058.1039609289533
14,123,1.6818181818181819,5,0.7272727272727273,0.0005674318156459115,2963.91237756691
14,124,1.1818181818181819,4,0.6818181818181818,0.000409034090063704,2889.290185163106
14,125,4.454545454545454,16,1.0,0.0014976590808311646,2974.3387607767777
14,126,489.0,498,1.0,0.1656791923107283,2951.4871069801534
14,127,4.454545454545454,10,0.9545454545454546,0.001514113625903106,2942.0153007925696
14,128,47.45454545454545,59,1.0,0.01606587489500684,2953.7479760466695
14,129,0.5,2,0.4090909090909091,0.0001690454545579004,2957.7843504141256
14,130,0.0,0,0.0,0.0,0.0
14,131,51.59090909090909,69,1.0,0.017492545388945888,2949.3082878327746
14,132,0.36363636363636365,2,0.22727272727272727,0.0001278636363250288,2843.938856173319
14,133,0.8636363636363636,4,0.5909090909090909,0.0002924204520902342,2953.406157001171
14,134,17.272727272727273,32,1.0,0.00585097724317827,2952.109802318197
14,135,42.09090909090909,55,1.0,0.01421214762905782,2961.6149641487696
14,136,47.36363636363637,95,1.0,0.016037431758542716,2953.318029765396
14,137,48.59090909090909,71,1.0,0.01651070441717324,2942.9943061889194
14,138,0.045454545454545456,1,0.045454545454545456,1.4886363218961792e-05,3053.4352001197212
14,139,0.18181818181818182,1,0.18181818181818182,6.050000030716712e-05,3005.259188348182
14,140,0.9090909090909091,3,0.5909090909090909,0.00030886363608508623,2943.340694339528
14,141,0.0,0,0.0,0.0,0.0
14,142,2.3636363636363638,5,0.9545454545454546,0.0008043636282143945,2938.5172087944807
14,143,16.318181818181817,25,1.0,0.005550590888808735,2939.899939497075
14,144,0.36363636363636365,2,0.3181818181818182,0.00012385227124799383,2936.0492138916175
14,145,4.0,7,1.0,0.0013456249911211091,2972.596396762366
14,146,2.3181818181818183,6,0.9090909090909091,0.0007907727320509201,2931.5399029623395
14,147,46.40909090909091,60,1.0,0.015712795379592782,2953.585901676374
14,148,72.5909090909091,90,1.0,0.024621272561489604,2948.300454804652
14,149,10.954545454545455,26,1.0,0.00378752270559992,2892.2718901061544
14,150,17.727272727272727,30,1.0,0.005969136332913133,2969.8220544112182
14,151,7.545454545454546,12,1.0,0.002556079534274018,2951.9639135945818
14,152,19.40909090909091,26,1.0,0.006590136322880757,2945.172900551863
14,153,0.0,0,0.0,0.0,0.0
14,154,1.5454545454545454,4,0.7272727272727273,0.0005198863641866906,2972.67759248168
14,155,0.0,0,0.0,0.0,0.0
14,156,143.63636363636363,202,1.0,0.04874073846043426,2946.946808222074
14,157,14.818181818181818,23,1.0,0.004990136347425339,2969.494375805434
14,158,0.09090909090909091,1,0.09090909090909091,3.464772784024138e-05,2623.811042624998
14,159,7.136363636363637,14,1.0,0.0023928295307665726,2982.3953376559234
14,160,3.090909090909091,6,1.0,0.0010506590849465945,2941.8763281014253
14,161,0.09090909090909091,1,0.09090909090909091,2.99999995728616e-05,3030.303073448324
14,162,17.181818181818183,26,1.0,0.005827113601051017,2948.5984585437213
14,163,4.363636363636363,7,1.0,0.0014714090846775268,2965.6173861347984
14,164,3.0454545454545454,7,0.9545454545454546,0.0010354886286553335,2941.0796615017557
14,165,12.227272727272727,19,1.0,0.00414822724997066,2947.5898957462396
14,166,0.8181818181818182,2,0.6363636363636364,0.0002780909099700776,2942.137944278201
14,167,1.1363636363636365,4,0.6818181818181818,0.00039287499914115125,2892.430515680043
14,168,0.09090909090909091,1,0.09090909090909091,2.9545453302985564e-05,3076.9232063163017
14,169,41.95454545454545,55,1.0,0.014213931766624393,2951.6495606837334
14,170,4.136363636363637,9,1.0,0.0014097386288498951,2934.1351309484935
14,171,3.3181818181818183,8,0.9545454545454546,0.0011280795389955695,2941.443137188973
14,172,18.90909090909091,26,1.0,0.006409079511120746,2950.3598568687917
14,173,0.2727272727272727,2,0.22727272727272727,9.059090966316448e-05,3010.5368600594525
14,174,14.136363636363637,25,1.0,0.0047953181638149545,2947.9511376399137
14,175,0.0,0,0.0,0.0,0.0
14,176,7.590909090909091,13,1.0,0.002569965899138796,2953.7003169780696
14,177,1.5454545454545454,4,0.7727272727272727,0.0005195795383770019,2974.4330392263805
14,178,1.8636363636363635,6,0.7727272727272727,0.0006254999990977177,2979.4346384087203
14,179,0.18181818181818182,1,0.18181818181818182,6.217045434327288e-05,2924.5110678181068
14,180,0.09090909090909091,1,0.09090909090909091,3.29090914667838e-05,2762.4308924130696
14,181,0.2727272727272727,2,0.22727272727272727,9.456818357152356e-05,2883.9220806330104
14,182,0.7727272727272727,2,0.5454545454545454,0.00025918181530538607,2981.4100646559314
14,183,0.6818181818181818,2,0.5,0.00023667045355647463,2880.875798277394
14,184,8.136363636363637,16,1.0,0.0027758181663970886,2931.1587246092354
14,185,9.954545454545455,15,1.0,0.003366999984295531,2956.5029702927723
14,186,0.0,0,0.0,0.0,0.0
14,187,0.2727272727272727,2,0.18181818181818182,9.286363704384051e-05,2936.857540896437
14,188,14.727272727272727,24,1.0,0.004971431794481098,2962.3805245848516
14,189,0.6818181818181818,3,0.36363636363636365,0.0002354659095131369,2895.6131408913884
14,190,5.045454545454546,8,1.0,0.0017048295386220243,2959.5067607361343
14,191,17.863636363636363,29,1.0,0.006026965879507109,2963.9517994246994
14,192,0.8636363636363636,3,0.5,0.0002981363610491495,2896.7830713342214
14,193,0.18181818181818182,1,0.18181818181818182,6.464772741310298e-05,2812.4450633253105
14,194,0.3181818181818182,1,0.3181818181818182,0.00010718181676400656,2968.6175117034304
14,195,2.090909090909091,4,0.8636363636363636,0.0007172499979126521,2915.174760535482
14,196,18.545454545454547,24,1.0,0.006287840871002779,2949.415375789708
14,197,0.0,0,0.0,0.0,0.0
14,198,7.954545454545454,14,1.0,0.0026913863548543304,2955.556878780412
14,199,0.6818181818181818,2,0.5909090909090909,0.000233136363518001,2924.546696747018
14,200,0.7727272727272727,3,0.45454545454545453,0.00026018181630537254,2969.951104578082
14,201,17.954545454545453,28,1.0,0.006101420423047702,2942.682885238227
14,202,1.9090909090909092,6,0.8181818181818182,0.0006356249941745773,3003.4862168534687
14,203,12.409090909090908,23,1.0,0.004147977233515121,2991.6005345514086
14,204,3.272727272727273,8,0.9090909090909091,0.0010950908974998376,2988.5439466249954
14,205,0.0,0,0.0,0.0,0.0
14,206,0.0,0,0.0,0.0,0.0
14,207,0.0,0,0.0,0.0,0.0
14,208,2.772727272727273,7,0.8181818181818182,0.0009502272772475739,2917.962196116647
14,209,6.5,15,1.0,0.0022139204494041305,2935.9681833868303
14,210,5.590909090909091,10,1.0,0.0018876704495844685,2961.803577600006
14,211,206.0,275,1.0,0.0696879995507929,2956.0326215111763
14,212,15.409090909090908,24,1.0,0.005202670430828055,2961.765715119188
14,213,10.681818181818182,20,1.0,0.00363471589199352,2938.8316719190843
14,214,4.0,15,0.8636363636363636,0.0013695568169086155,2920.652835001662
14,215,0.0,0,0.0,0.0,0.0
14,216,41.18181818181818,69,1.0,0.013915704448167658,2959.3771795894077
14,217,19.5,36,1.0,0.006568624991235662,2968.6578280870535
14,218,13.818181818181818,22,1.0,0.00467201133671386,2957.651602767958
14,219,3.272727272727273,9,0.9545454545454546,0.0010962045317600396,2985.507884621368
14,220,10.454545454545455,16,1.0,0.003545170426315797,2948.954266610534
14,221,0.0,0,0.0,0.0,0.0
14,222,6.454545454545454,17,1.0,0.002181068164645694,2959.350633405797
14,223,1.3636363636363635,4,0.7272727272727273,0.0004652613676047291,2930.903914624746
14,224,0.045454545454545456,1,0.045454545454545456,1.518181869125163e-05,2994.011875582349
14,225,0.2727272727272727,1,0.2727272727272727,8.912499867041002e-05,3060.0535965878184
14,226,0.22727272727272727,1,0.22727272727272727,7.470454544421624e-05,3042.28780084657
14,227,62.81818181818182,103,1.0,0.02125914761563763,2954.8777285865654
14,228,1.8636363636363635,4,0.7727272727272727,0.000623329539931464,2989.809152701592
14,229,0.0,0,0.0,0.0,0.0
14,230,1.1363636363636365,3,0.7272727272727273,0.00038571590663526547,2946.115565408057
14,231,8.818181818181818,19,1.0,0.003012431813245216,2927.2635415047675
14,232,41.54545454545455,56,1.0,0.014027909005314788,2961.628460072996
14,233,4.318181818181818,11,0.9545454545454546,0.0015030795422551985,2872.8897551907876
14,234,24.681818181818183,36,1.0,0.008286465857633051,2978.5699483794538
14,235,21.863636363636363,36,1.0,0.0074267726912777025,2943.8946460976094
14,236,0.4090909090909091,2,0.3181818181818182,0.00014645454542584378,2793.296089932896
14,237,0.2727272727272727,2,0.18181818181818182,9.336363555948165e-05,2921.1295285681017
14,238,0.09090909090909091,1,0.09090909090909091,3.0034092064438895e-05,3026.8632963514656
14,239,30.09090909090909,39,1.0,0.010154738592311995,2963.2381786460246
14,240,2.4545454545454546,6,1.0,0.0008286363617199557,2962.150308551132
14,241,12.181818181818182,19,1.0,0.00411865906922189,2957.7146292226635
14,242,76.72727272727273,95,1.0,0.02596167030887128,2955.405866203243
14,243,14.272727272727273,25,1.0,0.0048194090552649204,2961.509826009718
14,244,0.0,0,0.0,0.0,0.0
14,245,59.31818181818182,102,1.0,0.020091215776946312,2952.443618979322
14,246,0.0,0,0.0,0.0,0.0
14,247,1.2272727272727273,4,0.6363636363636364,0.00042501136009708387,2887.6233496261975
14,248,14.454545454545455,21,1.0,0.0049122840560316535,2942.5304582696376
14,249,4.318181818181818,10,1.0,0.0014562613650923595,2965.2519263998665
14,250,1.5,3,0.8181818181818182,0.0005032272681339898,2980.760572776848
14,251,16.545454545454547,24,1.0,0.005606784055337564,2950.9705353648415
14,252,60.72727272727273,79,1.0,0.020533647601206958,2957.4517838566203
14,253,2.5,6,0.8636363636363636,0.0008372727236498824,2985.8849206288137
14,254,0.2727272727272727,1,0.2727272727272727,9.425000065344979e-05,2893.6580460096816
14,255,0.0,0,0.0,0.0,0.0
15,0,0.0,0,0.0,0.0,0.0
15,1,3.1363636363636362,11,0.9090909090909091,0.0010495909069008617,2988.1772181357883
15,2,7.863636363636363,14,1.0,0.002620443196395751,3000.8802993525233
15,3,18.136363636363637,29,1.0,0.006011034118604253,3017.1786216004466
15,4,23.363636363636363,36,1.0,0.007735045491823588,3020.4911384597726
15,5,46.95454545454545,73,1.0,0.01549561365523418,3030.183024644844
15,6,0.0,0,0.0,0.0,0.0
15,7,1.0,3,0.7272727272727273,0.00033565909490624273,2979.213181395615
15,8,27.545454545454547,37,1.0,0.00911839774926193,3020.865650183351
15,9,16.0,26,1.0,0.005245568209581755,3050.1938704702743
15,10,0.2727272727272727,2,0.22727272727272727,9.311363630166107e-05,2928.9724207925437
15,11,11.636363636363637,27,1.0,0.003890818211154758,2990.724059788461
15,12,3.227272727272727,7,0.9090909090909091,0.001063829557758502,3033.6370180131285
15,13,3.0,6,0.9545454545454546,0.0009951250011164864,3014.6966427676243
15,14,7.318181818181818,27,0.9545454545454546,0.002449136374211362,2988.0662813389968
15,15,0.0,0,0.0,0.0,0.0
15,16,0.9545454545454546,4,0.6818181818181818,0.0003192272746342827,2990.1751209667573
15,17,7.5,11,1.0,0.002474659104006026,3030.720468875432
15,18,49.31818181818182,88,1.0,0.016520068259772168,2985.349760223205
15,19,0.045454545454545456,1,0.045454545454545456,1.4715908698483624e-05,3088.8031711714307
15,20,15.5,34,1.0,0.005115238650680773,3030.161651976325
15,21,6.318181818181818,15,0.9090909090909091,0.0021087272841462186,2996.2062262308723
15,22,15.863636363636363,23,1.0,0.005238056845634922,3028.534594246749
15,23,2.6363636363636362,6,0.9090909090909091,0.0008544772757555951,3085.352543790423
15,24,5.5,11,1.0,0.0017999090963381934,3055.7098751205926
15,25,3.6818181818181817,8,0.9545454545454546,0.0012125568265963177,3036.408769519819
15,26,9.409090909090908,17,1.0,0.003129931848062287,3006.1647875547173
15,27,16.772727272727273,39,1.0,0.0055399204628139905,3027.6115668649154
15,28,10.136363636363637,24,1.0,0.003363022728907791,3014.063374961377
15,29,2.3636363636363638,4,1.0,0.0007740681837524542,3053.524758217231
15,30,0.22727272727272727,1,0.22727272727272727,7.598863687069917e-05,2990.877802683186
15,31,8.272727272727273,15,1.0,0.0027425568299473857,3016.428750862377
15,32,0.0,0,0.0,0.0,0.0
15,33,0.6818181818181818,3,0.5,0.00022551136498805135,3023.4315767380845
15,34,0.13636363636363635,1,0.13636363636363635,4.549999985928562e-05,2997.003006271599
15,35,0.22727272727272727,2,0.18181818181818182,7.267045624427159e-05,3127.4432419796804
15,36,32.81818181818182,43,1.0,0.010861011421763,3021.650612798513
15,37,0.045454545454545456,1,0.045454545454545456,1.4215908859941093e-05,3197.442098312229
15,38,0.6363636363636364,3,0.45454545454545453,0.0002189204573038627,2906.8258133608797
15,39,9.136363636363637,18,1.0,0.0030250227414812384,3020.2627937566867
15,40,2.8181818181818183,6,1.0,0.000937056824279187,3007.482305408373
15,41,0.045454545454545456,1,0.045454545454545456,1.4727272421375595e-05,3086.419817193807
15,42,0.2727272727272727,2,0.22727272727272727,8.928409079089761e-05,3054.60099678897
15,43,1.3636363636363635,4,0.6363636363636364,0.00045182954768692565,3018.0327307439225
15,44,19.818181818181817,30,1.0,0.006603000037350946,3001.390535525828
15,45,0.045454545454545456,1,0.045454545454545456,1.4284091197292913e-05,3182.1797289532774
15,46,6.863636363636363,12,1.0,0.002263511373629709,3032.2959467307696
15,47,8.181818181818182,12,1.0,0.0026835568304787475,3048.8708451754837
15,48,0.5,2,0.36363636363636365,0.00017059091028799727,2930.988521931698
15,49,52.27272727272727,70,1.0,0.017227431865070354,3034.27276230959
15,50,18.545454545454547,24,1.0,0.00613098866994154,3024.871769275571
15,51,1.4090909090909092,3,0.8636363636363636,0.00047003409285521644,2997.848306133292
15,52,12.181818181818182,30,1.0,0.0039933636594055725,3050.515610599685
15,53,0.0,0,0.0,0.0,0.0
15,54,0.0,0,0.0,0.0,0.0
15,55,34.36363636363637,59,1.0,0.011381511446829378,3019.2506965504367
15,56,4.818181818181818,7,1.0,0.0015859090979740192,3038.119791567493
15,57,15.318181818181818,32,1.0,0.005090261376939121,3009.31144470875
15,58,0.36363636363636365,3,0.2727272727272727,0.00011871591083366762,3063.0802651706313
15,59,66.68181818181819,99,1.0,0.021923204655071128,3041.6090727134547
15,60,14.590909090909092,23,1.0,0.004835534118518064,3017.434834144183
15,61,1.1363636363636365,4,0.6818181818181818,0.0003713977295609022,3059.6946236239564
15,62,23.954545454545453,42,1.0,0.007906420485762117,3029.758599062977
15,63,12.545454545454545,18,1.0,0.00412046592629684,3044.6689209075544
15,64,3.9545454545454546,9,1.0,0.0013018977360016752,3037.523873949164
15,65,22.454545454545453,39,1.0,0.007386090942997147,3040.1122363426775
15,66,79.18181818181819,96,1.0,0.02608676149446348,3035.3257225364414
15,67,19.681818181818183,29,1.0,0.006536409125229428,3011.1056093245006
15,68,72.18181818181819,102,1.0,0.023878147862639955,3022.923662130209
15,69,11.681818181818182,24,1.0,0.0038492159232687713,3034.856556422517
15,70,1.1818181818181819,3,0.6818181818181818,0.0003813636378088797,3098.9272826541733
15,71,18.5,34,1.0,0.0060946250331736255,3035.4615582259344
15,72,326.59090909090907,377,1.0,0.10791165960968514,3026.4654465716076
15,73,31.272727272727273,58,1.0,0.01024537504550112,3052.3750603409626
15,74,50.22727272727273,67,1.0,0.016673511476255953,3012.3992056981683
15,75,0.09090909090909091,1,0.09090909090909091,3.090909078971229e-05,2941.176481947793
15,76,1.8181818181818181,6,0.8181818181818182,0.0006082045491149819,2989.424891391413
15,77,0.9545454545454546,3,0.6818181818181818,0.0003177045503186739,3004.506714140533
15,78,13.227272727272727,21,1.0,0.0043802841219902884,3019.72939628916
15,79,58.0,81,1.0,0.019244750042244876,3013.8089542697107
15,80,24.136363636363637,38,1.0,0.007972579584351148,3027.422101090006
15,81,34.18181818181818,61,1.0,0.01129860232256099,3025.3138579418896
15,82,84.22727272727273,132,1.0,0.0277609092855445,3034.024277120169
15,83,0.045454545454545456,1,0.045454545454545456,1.447727316355502e-05,3139.71733081423
15,84,18.045454545454547,32,1.0,0.005953545462530615,3031.0433772658457
15,85,87.54545454545455,121,1.0,0.028934011507027953,3025.693638235753
15,86,0.0,0,0.0,0.0,0.0
15,87,4.318181818181818,9,1.0,0.0014350909160301935,3008.995297752248
15,88,14.045454545454545,20,1.0,0.004692875036694618,2992.93171789789
15,89,0.0,0,0.0,0.0,0.0
15,90,30.636363636363637,42,1.0,0.010129147768814371,3024.574656782765
15,91,100.77272727272727,155,1.0,0.03354318198530977,3004.268566913558
15,92,18.045454545454547,32,1.0,0.005884545486134646,3066.584256672639
15,93,0.045454545454545456,1,0.045454545454545456,1.4715908698483624e-05,3088.8031711714307
15,94,1.3181818181818181,4,0.7272727272727273,0.00043470454825596374,3032.362609202891
15,95,1.5454545454545454,3,0.9090909090909091,0.0005195454604373398,2974.628137744909
15,96,2.4545454545454546,5,0.9545454545454546,0.0008187159136551517,2998.0429274754815
15,97,7.318181818181818,13,1.0,0.0024237386493372137,3019.3774482174554
15,98,1.2727272727272727,6,0.7272727272727273,0.00042365909691646016,3004.130637086821
15,99,0.09090909090909091,1,0.09090909090909091,3.104545414151455e-05,2928.257724776705
15,100,12.681818181818182,23,1.0,0.004183238665890795,3031.5789259701887
15,101,7.590909090909091,13,1.0,0.0025183181966316292,3014.277187474678
15,102,0.13636363636363635,1,0.13636363636363635,4.377272720872001e-05,3115.264802063126
15,103,0.0,0,0.0,0.0,0.0
15,104,272.90909090909093,324,1.0,0.09037429588682823,3019.7645052841467
15,105,6.2727272727272725,14,1.0,0.0020673068264097146,3034.250742363725
15,106,0.7272727272727273,2,0.5454545454545454,0.00024763636412733996,2936.8575565854617
15,107,1.3181818181818181,5,0.7727272727272727,0.0004319090896222571,3051.9890640289264
15,108,1.9545454545454546,6,0.7727272727272727,0.0006449772719695994,3030.4098136307366
15,109,7.318181818181818,26,0.9545454545454546,0.0024320340863513675,3009.07863884459
15,110,0.0,0,0.0,0.0,0.0
15,111,0.22727272727272727,2,0.13636363636363635,7.5909089487554e-05,2994.012032116269
15,112,1.0454545454545454,3,0.5454545454545454,0.0003558636394287036,2937.7953508621936
15,113,7.409090909090909,14,1.0,0.002435329569958743,3042.336035535604
15,114,2.5,6,1.0,0.0008357727320716632,2991.2437963884636
15,115,0.5,3,0.3181818181818182,0.00016852272727357393,2966.958867146254
15,116,7.7272727272727275,17,1.0,0.00258723865210248,2986.68726249636
15,117,5.181818181818182,14,0.9545454545454546,0.0017342840927250852,2987.8715970207495
15,118,17.454545454545453,27,1.0,0.005762159116619097,3029.167557036636
15,119,29.818181818181817,64,1.0,0.009779795485718007,3048.9576046581965
15,120,2.1818181818181817,6,0.9090909090909091,0.0007281704562377523,2996.3014334459676
15,121,3.409090909090909,10,0.9545454545454546,0.0011530340919059447,2956.626289735929
15,122,0.045454545454545456,1,0.045454545454545456,1.4511363009329546e-05,3132.3415605634104
15,123,1.6818181818181819,4,0.7727272727272727,0.0005637954573930157,2983.0289686882043
15,124,0.0,0,0.0,0.0,0.0
15,125,0.045454545454545456,1,0.045454545454545456,1.4715908698483624e-05,3088.8031711714307
15,126,0.045454545454545456,1,0.045454545454545456,1.4727272421375595e-05,3086.419817193807
15,127,0.45454545454545453,2,0.4090909090909091,0.00014953409051734278,3039.7446694119353
15,128,0.13636363636363635,1,0.13636363636363635,4.593181868337772e-05,2968.827280792716
15,129,7.090909090909091,13,1.0,0.0023478068244664678,3020.226799332385
15,130,0.0,0,0.0,0.0,0.0
15,131,3.1363636363636362,6,1.0,0.0010492954646575856,2989.018576752468
15,132,0.18181818181818182,1,0.18181818181818182,5.881818254816938e-05,3091.190069827151
15,133,24.363636363636363,35,1.0,0.008094681860794399,3009.832477992576
15,134,0.0,0,0.0,0.0,0.0
15,135,5.7727272727272725,14,1.0,0.0019267272794174708,2996.1309700626684
15,136,0.0,0,0.0,0.0,0.0
15,137,0.4090909090909091,2,0.3181818181818182,0.00013278409261891449,3080.8728743207603
15,138,0.0,0,0.0,0.0,0.0
15,139,0.0,0,0.0,0.0,0.0
15,140,9.590909090909092,16,1.0,0.0031398522815751758,3054.573346392462
15,141,117.31818181818181,161,1.0,0.03891248886595184,3014.92362059715
15,142,0.5,2,0.36363636363636365,0.00016438636389053002,3041.614816256691
15,143,2.3181818181818183,7,0.8636363636363636,0.0007523863671601496,3081.1055587459637
15,144,14.681818181818182,20,1.0,0.00486319320175839,3018.966669164955
15,145,0.0,0,0.0,0.0,0.0
15,146,6.2727272727272725,10,1.0,0.0020613863770532507,3042.965327875179
15,147,0.0,0,0.0,0.0,0.0
15,148,0.045454545454545456,1,0.045454545454545456,1.44090908262032e-05,3154.5741506386735
15,149,12.272727272727273,19,1.0,0.004052840919360857,3028.1788791904305
15,150,0.18181818181818182,2,0.13636363636363635,6.160227216737853e-05,2951.484992699078
15,151,128.95454545454547,181,1.0,0.04277980704897676,3014.3788471722405
15,152,1.5454545454545454,4,0.7272727272727273,0.0005189204543553801,2978.2108846997744
15,153,0.0,0,0.0,0.0,0.0
15,154,4.590909090909091,11,1.0,0.0015291363749631935,3002.2888514568194
15,155,7.363636363636363,15,1.0,0.0024336931846019897,3025.70447672952
15,156,10.454545454545455,18,1.0,0.0034564431896962396,3024.654212663112
15,157,1.1818181818181819,3,0.8181818181818182,0.0003971818210133775,2975.5092486430217
15,158,1.5454545454545454,7,0.7272727272727273,0.0005166477335892109,2991.3119616689223
15,159,14.454545454545455,23,1.0,0.004814386395578781,3002.3650506780195
15,160,9.636363636363637,19,1.0,0.0031607727538688446,3048.736618147745
15,161,2.3181818181818183,7,0.9090909090909091,0.0007665340963285416,3024.2383597614034
15,162,25.272727272727273,36,1.0,0.008355363687521523,3024.730965388294
15,163,19.545454545454547,28,1.0,0.006495306854379702,3009.1656920373666
15,164,86.5909090909091,122,1.0,0.028614170635013248,3026.154774688929
15,165,2.6363636363636362,9,0.9090909090909091,0.0008691590985770083,3033.234813603061
15,166,1.5454545454545454,7,0.7727272727272727,0.0005020000045822763,3078.5946839593103
15,167,2.272727272727273,5,0.9090909090909091,0.0007496704612011937,3031.635085482349
15,168,9.318181818181818,17,1.0,0.0030746591126609765,3030.6389998848877
15,169,40.77272727272727,79,1.0,0.013436931864072738,3034.3777645955142
15,170,56.0,81,1.0,0.01844245463937775,3036.472155958598
15,171,13.772727272727273,22,1.0,0.0045635000252249565,3018.018450005016
15,172,0.0,0,0.0,0.0,0.0
15,173,26.772727272727273,37,1.0,0.008836477318916215,3029.796411678101
15,174,0.0,0,0.0,0.0,0.0
15,175,17.09090909090909,25,1.0,0.005632670478503728,3034.2462169825258
15,176,0.6363636363636364,2,0.5,0.00021436363617381588,2968.6174750629975
15,177,0.5454545454545454,2,0.36363636363636365,0.0001755113626131788,3107.8018957479644
15,178,70.95454545454545,94,1.0,0.023334534239521334,3040.7525912546757
15,179,7.7272727272727275,17,1.0,0.0025498750103658744,3030.451569531623
15,180,0.4090909090909091,1,0.4090909090909091,0.00013722727255133742,2981.1195798405606
15,181,7.2727272727272725,14,1.0,0.0024135682033374906,3013.2677678925834
15,182,10.5,17,1.0,0.003464772756243209,3030.501778530769
15,183,0.6818181818181818,2,0.45454545454545453,0.00023190909335178068,2940.0234892210037
15,184,115.0,179,1.0,0.03790852297309109,3033.6185897200844
15,185,13.545454545454545,23,1.0,0.004462704565164379,3035.2568375665287
15,186,37.81818181818182,48,1.0,0.012505102356292562,3024.22009358058
15,187,0.0,0,0.0,0.0,0.0
15,188,18.227272727272727,33,1.0,0.005995590938255191,3040.112795383126
15,189,45.22727272727273,62,1.0,0.014887897807057016,3037.8548612709133
15,190,14.590909090909092,26,1.0,0.00477573865976989,3055.21514688832
15,191,5.7272727272727275,18,1.0,0.0018820681897605855,3043.073974913355
15,192,22.454545454545453,40,1.0,0.007420136397492818,3026.163435773579
15,193,17.181818181818183,38,1.0,0.005682988654536364,3023.3771746320563
15,194,4.681818181818182,7,1.0,0.0015422954615628855,3035.6169090155136
15,195,0.8636363636363636,4,0.36363636363636365,0.00029911364254076034,2887.318533184843
15,196,4.636363636363637,9,1.0,0.0015287841008764437,3032.713143540435
15,197,10.727272727272727,17,1.0,0.0035700341130987827,3004.8095865284254
15,198,0.5454545454545454,2,0.45454545454545453,0.00017678409163967115,3085.4277689551054
15,199,1.8181818181818181,5,0.8181818181818182,0.0005948977314718915,3056.2930769348986
15,200,2.090909090909091,8,0.8636363636363636,0.000710863641209223,2941.3645173247646
15,201,0.22727272727272727,2,0.18181818181818182,7.311363614545289e-05,3108.486176512805
15,202,0.22727272727272727,1,0.22727272727272727,7.548863703215665e-05,3010.687915532422
15,203,0.0,0,0.0,0.0,0.0
15,204,16.545454545454547,38,1.0,0.005517568216997792,2998.6859962117924
15,205,25.5,34,1.0,0.00844430686397986,3019.786041738146
15,206,1.9545454545454546,5,0.8181818181818182,0.0006424659183143045,3042.2554704127665
15,207,29.772727272727273,41,1.0,0.009860840988535942,3019.2888524762316
15,208,1.7272727272727273,6,0.8181818181818182,0.0005751136367590251,3003.359017891731
15,209,0.3181818181818182,1,0.3181818181818182,0.00010644318271343681,2989.2174404293964
15,210,0.045454545454545456,1,0.045454545454545456,1.717045432252979e-05,2647.2535088895925
15,211,24.545454545454547,37,1.0,0.00813644321831155,3016.73026983259
15,212,17.0,24,1.0,0.005612022759371691,3029.210808457819
15,213,3.6363636363636362,6,1.0,0.0011960568239870058,3040.293373555588
15,214,13.363636363636363,29,1.0,0.004401613667141646,3036.0766242155332
15,215,6.7272727272727275,14,1.0,0.002217522738977674,3033.6882725153678
15,216,4.363636363636363,8,1.0,0.0014491477380612525,3011.174257135625
15,217,3.272727272727273,9,0.9090909090909091,0.0010998636412709443,2975.575471287952
15,218,0.9545454545454546,3,0.5909090909090909,0.00030835227120075035,3095.6329617043916
15,219,4.636363636363637,7,1.0,0.0015280113703655925,3034.2468166675612
15,220,0.045454545454545456,1,0.045454545454545456,1.4840909650295295e-05,3062.7870208509107
15,221,0.0,0,0.0,0.0,0.0
15,222,0.0,0,0.0,0.0,0.0
15,223,3.0,11,0.9090909090909091,0.001003147736562162,2990.586421777865
15,224,5.409090909090909,11,1.0,0.0017998636467382312,3005.278160316995
15,225,7.818181818181818,13,1.0,0.0025741591009798208,3037.1789432929486
15,226,0.22727272727272727,2,0.18181818181818182,7.827272665136579e-05,2903.6004876260636
15,227,7.863636363636363,17,1.0,0.0026446477356578475,2973.415422254832
15,228,0.18181818181818182,1,0.18181818181818182,6.380681853360412e-05,2849.510224717231
15,229,28.5,42,1.0,0.009367772766960446,3042.345358815463
15,230,3.1818181818181817,6,1.0,0.0010502613691972908,3029.548905764313
15,231,112.54545454545455,144,1.0,0.037121932007721625,3031.7779398454877
15,232,0.0,0,0.0,0.0,0.0
15,233,0.045454545454545456,1,0.045454545454545456,1.4568181623789398e-05,3120.1248466259894
15,234,0.0,0,0.0,0.0,0.0
15,235,0.0,0,0.0,0.0,0.0
15,236,4.5,10,0.9545454545454546,0.0014869545530845326,3026.319796166748
15,237,0.0,0,0.0,0.0,0.0
15,238,121.4090909090909,167,1.0,0.039939147855462084,3039.8518102705834
15,239,4.318181818181818,14,0.9545454545454546,0.001444000008632429,2990.4306041323675
15,240,20.40909090909091,31,1.0,0.006758136398275383,3019.9288245053963
15,241,0.0,0,0.0,0.0,0.0
15,242,31.681818181818183,50,1.0,0.010462693269470368,3028.0748336820875
15,243,0.0,0,0.0,0.0,0.0
15,244,0.6818181818181818,2,0.5454545454545454,0.00022705681807234544,3002.8527115223606
15,245,0.0,0,0.0,0.0,0.0
15,246,0.0,0,0.0,0.0,0.0
15,247,44.86363636363637,76,1.0,0.01479646599512886,3032.0507868842406
15,248,66.63636363636364,80,1.0,0.022007602400580337,3027.879294775266
15,249,62.04545454545455,115,1.0,0.020261806893606925,3062.187635646224
15,250,0.0,0,0.0,0.0,0.0
15,251,10.636363636363637,16,1.0,0.0035033750159941105,3036.033421430758
15,252,68.72727272727273,85,1.0,0.022703056945994667,3027.22549173704
15,253,0.09090909090909091,1,0.09090909090909091,3.1590908871624954e-05,2877.69786170178
15,254,37.09090909090909,50,1.0,0.012184488702173852,3044.1087843342702
15,255,0.09090909090909091,1,0.09090909090909091,2.9215909307822585e-05,3111.6296929614964
16,0,0.6363636363636364,3,0.45454545454545453,0.00021339772766540673,2982.0544170058442
16,1,7.318181818181818,15,1.0,0.0023866704551354897,3066.2724308816946
16,2,6.590909090909091,18,1.0,0.0021748636301543393,3030.4930385181747
16,3,84.18181818181819,198,1.0,0.027725159060950813,3036.297032480622
16,4,0.13636363636363635,1,0.13636363636363635,4.2636362856931306e-05,3198.294301538153
16,5,49.95454545454545,82,1.0,0.01651511359060268,3024.7775881463062
16,6,3.727272727272727,12,0.9090909090909091,0.0012619090822144326,2953.677709278395
16,7,21.954545454545453,45,1.0,0.007199068170104345,3049.6371107744685
16,8,3.8636363636363638,6,1.0,0.0012624999984506178,3060.3060343587704
16,9,1.8181818181818181,9,0.7272727272727273,0.0006124659041895277,2968.625364685087
16,10,3.4545454545454546,6,1.0,0.0011279090897666968,3062.787139396148
16,11,0.0,0,0.0,0.0,0.0
16,12,3.9545454545454546,6,1.0,0.0012937045433897185,3056.760892393479
16,13,80.9090909090909,121,1.0,0.026335874981172805,3072.2005996357375
16,14,7.090909090909091,29,0.9545454545454546,0.002337034102476371,3034.148745795114
16,15,14.954545454545455,31,1.0,0.004918874998111278,3040.236936349799
16,16,6.2272727272727275,12,1.0,0.002061499989147044,3020.748367720969
16,17,0.22727272727272727,1,0.22727272727272727,8.069318110673603e-05,2816.5047424776167
16,18,0.36363636363636365,2,0.3181818181818182,0.00011842045403847641,3070.7225925532534
16,19,28.318181818181817,73,1.0,0.00924219317940614,3064.011027304821
16,20,1.1818181818181819,3,0.6818181818181818,0.00038956818223761564,3033.6619767816055
16,21,1.5,5,0.6363636363636364,0.0005151590872132642,2911.721907331965
16,22,10.909090909090908,19,1.0,0.0036200340797553176,3013.532654319173
16,23,0.7727272727272727,3,0.5,0.0002527840909103609,3056.8667116052316
16,24,1.0909090909090908,3,0.6818181818181818,0.00035501136418051004,3072.8849861673843
16,25,0.045454545454545456,1,0.045454545454545456,1.702272724783556e-05,2670.226973196965
16,26,9.954545454545455,20,1.0,0.003311897719289515,3005.692294350489
16,27,0.7272727272727273,4,0.45454545454545453,0.0002430227270286361,2992.6119921575505
16,28,4.7727272727272725,11,1.0,0.0015637613594828342,3052.081600421246
16,29,48.22727272727273,89,1.0,0.01585864767680918,3041.0709481740773
16,30,146.22727272727272,184,1.0,0.04787081809031819,3054.622389184675
16,31,0.6363636363636364,3,0.4090909090909091,0.0002144090897424824,2967.988144196431
16,32,1.2727272727272727,4,0.7727272727272727,0.0004092045445841822,3110.247160183836
16,33,10.227272727272727,25,1.0,0.0033721931686159223,3032.8252908093023
16,34,0.5909090909090909,2,0.45454545454545453,0.00020209090673068368,2923.97664233634
16,35,3.0,7,0.9090909090909091,0.0009942500010683116,3017.3497578843653
16,36,14.954545454545455,25,1.0,0.004891499988099729,3057.25145475367
16,37,5.045454545454546,12,0.9545454545454546,0.0016471477296859534,3063.1463435380606
16,38,24.636363636363637,41,1.0,0.008086704540553248,3046.526989185406
16,39,1.8636363636363635,4,0.9090909090909091,0.0006269090875073082,2972.7378351564225
16,40,0.18181818181818182,2,0.13636363636363635,5.8647728027691216e-05,3100.1743449010373
16,41,0.3181818181818182,1,0.3181818181818182,0.0001054659091592343,3016.91627861873
16,42,0.045454545454545456,1,0.045454545454545456,1.437499965752729e-05,3162.055411301784
16,43,0.0,0,0.0,0.0,0.0
16,44,0.045454545454545456,1,0.045454545454545456,1.4068181785246866e-05,3231.0177781618586
16,45,2.272727272727273,6,0.8636363636363636,0.0007776818185282701,2922.4384813680135
16,46,7.909090909090909,12,1.0,0.0025927045485745607,3050.517620081022
16,47,18.818181818181817,64,1.0,0.006179204534749839,3045.4052317502155
16,48,4.363636363636363,11,0.9545454545454546,0.0014138295452787795,3086.3949464119733
16,49,0.045454545454545456,1,0.045454545454545456,1.702272724783556e-05,2670.226973196965
16,50,0.6363636363636364,3,0.5454545454545454,0.0002213295453905382,2875.1861177899514
16,51,58.54545454545455,94,1.0,0.019304840871799653,3032.6825760567262
16,52,8.5,19,1.0,0.0027978295362448657,3038.0692926018496
16,53,0.0,0,0.0,0.0,0.0
16,54,13.136363636363637,20,1.0,0.004363863621785475,3010.259892354036
16,55,0.0,0,0.0,0.0,0.0
16,56,0.0,0,0.0,0.0,0.0
16,57,8.454545454545455,34,1.0,0.0027978068114448847,3021.8474770883963
16,58,1.6363636363636365,4,0.7272727272727273,0.0005379204535116019,3042.0178777015835
16,59,47.77272727272727,68,1.0,0.015815840887212704,3020.56195515675
16,60,6.2272727272727275,12,1.0,0.0020698636362794787,3008.542504020252
16,61,0.18181818181818182,2,0.13636363636363635,7.181818099607798e-05,2531.645598600039
16,62,0.7272727272727273,3,0.4090909090909091,0.0002328522744144059,3123.3224116093625
16,63,12.909090909090908,53,1.0,0.004554329518048855,2834.4657227660073
16,64,18.181818181818183,30,1.0,0.005926147727719085,3068.066983341332
16,65,16.954545454545453,43,1.0,0.0055491704512281685,3055.3297296522933
16,66,27.0,62,1.0,0.008994568116825329,3001.811721175754
16,67,5.863636363636363,11,0.9545454545454546,0.0019570227212336085,2996.2024967907487
16,68,4.090909090909091,8,0.9545454545454546,0.0013584431766172531,3011.4686880728623
16,69,4.2272727272727275,10,0.9545454545454546,0.001432454533642158,2951.0693903313404
16,70,4.0,9,1.0,0.0013161136316326024,3039.2512499381314
16,71,344.27272727272725,420,1.0,0.11354388620714996,3032.067500707476
16,72,2.0454545454545454,5,0.8181818181818182,0.0006570227282777937,3113.21733239906
16,73,4.636363636363637,11,1.0,0.001526840908230621,3036.572842246207
16,74,0.18181818181818182,2,0.13636363636363635,5.720454580362209e-05,3178.386949218106
16,75,5.681818181818182,11,1.0,0.001903227267162451,2985.3598042914164
16,76,0.0,0,0.0,0.0,0.0
16,77,0.13636363636363635,2,0.09090909090909091,4.8806818085722625e-05,2793.9464548607107
16,78,0.0,0,0.0,0.0,0.0
16,79,0.0,0,0.0,0.0,0.0
16,80,39.90909090909091,64,1.0,0.012950761364085007,3081.6019064150637
16,81,27.545454545454547,54,1.0,0.009101511348324659,3026.4703840120924
16,82,16.545454545454547,28,1.0,0.005475477271829732,3021.737416494759
16,83,26.0,40,1.0,0.00859004544723906,3026.7593064198168
16,84,10.363636363636363,41,1.0,0.0033877386317313226,3059.160546378978
16,85,4.409090909090909,8,1.0,0.0014460681810636413,3049.0200716869695
16,86,5.090909090909091,10,1.0,0.0016569999980592083,3072.365176144787
16,87,138.22727272727272,186,1.0,0.04586647714842746,3013.6884566032527
16,88,0.13636363636363635,1,0.13636363636363635,4.5977272252044216e-05,2965.8922699045816
16,89,14.545454545454545,23,1.0,0.0048076022728557955,3025.5112049471395
16,90,12.272727272727273,18,1.0,0.004067318181941201,3017.400341880775
16,91,7.909090909090909,17,0.9545454545454546,0.0026041249935091896,3037.139510893066
16,92,0.36363636363636365,2,0.3181818181818182,0.00011690909212285823,3110.419874394568
16,93,7.181818181818182,15,0.9545454545454546,0.002363409087675708,3038.753730477161
16,94,35.13636363636363,69,1.0,0.011537159072097646,3045.495291933707
16,95,1.0454545454545454,4,0.5909090909090909,0.00033988636542661965,3075.894333514404
16,96,0.045454545454545456,1,0.045454545454545456,1.4363635934635319e-05,3164.557056541653
16,97,1.5,6,0.8181818181818182,0.0004858863606138832,3087.1416067428927
16,98,3.5,8,1.0,0.001147886362477121,3049.082308502258
16,99,70.81818181818181,118,1.0,0.0234176703882192,3024.1343670892443
16,100,0.045454545454545456,1,0.045454545454545456,1.3920454710552638e-05,3265.3060837220974
16,101,0.13636363636363635,1,0.13636363636363635,4.3204545032825657e-05,3156.2335920915475
16,102,0.18181818181818182,2,0.13636363636363635,7.18863633334298e-05,2529.244398897415
16,103,0.0,0,0.0,0.0,0.0
16,104,0.2727272727272727,2,0.22727272727272727,0.00010034090849909593,2718.0068110478587
16,105,4.0,7,0.9545454545454546,0.0013428863643308762,2978.6585866430264
16,106,226.0,297,1.0,0.07494080666616686,3015.7134684544444
16,107,0.09090909090909091,1,0.09090909090909091,2.9068182233128358e-05,3127.4432704458504
16,108,2.3636363636363638,7,0.7727272727272727,0.0007550795456733216,3130.314384994571
16,109,4.318181818181818,11,1.0,0.0014554659097815272,2966.8725245718733
16,110,0.0,0,0.0,0.0,0.0
16,111,0.0,0,0.0,0.0,0.0
16,112,0.045454545454545456,1,0.045454545454545456,1.439772710331123e-05,3157.063967693324
16,113,6.909090909090909,16,1.0,0.0022720454514703965,3040.9122777977714
16,114,0.0,0,0.0,0.0,0.0
16,115,0.0,0,0.0,0.0,0.0
16,116,0.36363636363636365,2,0.3181818181818182,0.00011410227241206236,3186.9335811573346
16,117,87.68181818181819,142,1.0,0.02871225000920028,3053.8121587030714
16,118,0.0,0,0.0,0.0,0.0
16,119,1.5,4,0.7727272727272727,0.0004988409081389281,3006.97071055417
16,120,0.22727272727272727,1,0.22727272727272727,7.152272684668952e-05,3177.6295073297633
16,121,51.18181818181818,77,1.0,0.01692164769073398,3024.6356097961143
16,122,1.9545454545454546,5,0.7727272727272727,0.0006454204558394849,3028.3289549650517
16,123,0.22727272727272727,1,0.22727272727272727,7.380681795025752e-05,3079.2917725554685
16,124,0.0,0,0.0,0.0,0.0
16,125,0.45454545454545453,3,0.36363636363636365,0.00014560227414635435,3121.829361597479
16,126,29.454545454545453,39,1.0,0.009732431786357087,3026.4322526087267
16,127,0.0,0,0.0,0.0,0.0
16,128,0.2727272727272727,2,0.18181818181818182,8.565908964638683e-05,3183.8684470396606
16,129,3.909090909090909,13,1.0,0.0012718068160624666,3073.651485210242
16,130,0.09090909090909091,1,0.09090909090909091,3.0204545262015678e-05,3009.781810005113
16,131,0.7272727272727273,3,0.5,0.00024567045461894435,2960.358942636341
16,132,14.272727272727273,30,1.0,0.00469051135587506,3042.893661231646
16,133,0.6818181818181818,4,0.4090909090909091,0.0002482954534405673,2745.995435560336
16,134,0.2727272727272727,2,0.22727272727272727,8.689772750420326e-05,3138.4856722988625
16,135,4.363636363636363,7,1.0,0.0014446477249624547,3020.553930370652
16,136,0.0,0,0.0,0.0,0.0
16,137,0.09090909090909091,1,0.09090909090909091,2.812499984760176e-05,3232.3232498379125
16,138,2.1363636363636362,6,0.7727272727272727,0.0007120454498693686,3000.319202595245
16,139,1.9545454545454546,7,0.9090909090909091,0.0006478068178032779,3017.1733313541617
16,140,0.13636363636363635,1,0.13636363636363635,4.3261364970186896e-05,3152.088161286864
16,141,7.636363636363637,13,1.0,0.00252803408048666,3020.6727414424713
16,142,1.9545454545454546,11,0.8636363636363636,0.0006412727327022532,3047.9160501791707
16,143,0.045454545454545456,1,0.045454545454545456,1.6829545281573452e-05,2700.8778130395067
16,144,2.409090909090909,8,0.8636363636363636,0.0008088181811300191,2978.5320920025697
16,145,2.909090909090909,11,0.8181818181818182,0.0009422840825705366,3087.2758681808077
16,146,0.3181818181818182,1,0.3181818181818182,0.00011255681668196551,2826.855161343587
16,147,1.2272727272727273,3,0.6818181818181818,0.00041479545259128577,2958.742000679567
16,148,8.181818181818182,15,1.0,0.002677886363182386,3055.326878058766
16,149,31.454545454545453,39,1.0,0.010426613614651036,3016.7556425364087
16,150,42.04545454545455,66,1.0,0.013739715909733522,3060.1400219395077
16,151,0.36363636363636365,3,0.22727272727272727,0.00011745454553006725,3095.9752302074694
16,152,1.6363636363636365,6,0.7272727272727273,0.0005469659068198366,2991.7104813310293
16,153,6.863636363636363,15,1.0,0.002253920449716547,3045.199028430455
16,154,8.181818181818182,18,1.0,0.002695738630295223,3035.0932727191553
16,155,5.954545454545454,15,1.0,0.0019170681811043653,3106.06869032442
16,156,0.0,0,0.0,0.0,0.0
16,157,7.363636363636363,12,1.0,0.0024271818150406366,3033.821495367902
16,158,0.3181818181818182,3,0.18181818181818182,0.00010715908931822263,2969.2471278561966
16,159,6.409090909090909,12,1.0,0.002105215900387107,3044.386520124803
16,160,0.18181818181818182,1,0.18181818181818182,6.299999949987978e-05,2886.0029089131785
16,161,2.090909090909091,5,0.6818181818181818,0.0006744999978268011,3099.939359000557
16,162,6.136363636363637,11,1.0,0.002008920445487919,3054.557809965073
16,163,0.5,2,0.4090909090909091,0.0001717272706710818,2911.593470542463
16,164,1.7727272727272727,5,0.8181818181818182,0.0005921704525297338,2993.609804667283
16,165,0.09090909090909091,1,0.09090909090909091,3.6045453849841245e-05,2522.0681445100267
16,166,8.863636363636363,16,1.0,0.0029345681753263557,3020.4227109668805
16,167,4.318181818181818,10,0.9090909090909091,0.0014561704539863224,2965.437051933467
16,168,20.772727272727273,30,1.0,0.006914045450023629,3004.4244607411833
16,169,0.0,0,0.0,0.0,0.0
16,170,118.95454545454545,210,1.0,0.03951997723859015,3009.9851712057584
16,171,1.1363636363636365,4,0.6363636363636364,0.00037905681793662637,2997.871513166194
16,172,2.0,6,0.6818181818181818,0.0006666250000390309,3000.1875115438215
16,173,0.7272727272727273,3,0.45454545454545453,0.00025484090755608946,2853.8303926447034
16,174,24.5,46,1.0,0.008034534085626628,3049.336742976702
16,175,7.863636363636363,13,1.0,0.0025814318082253026,3046.230521596656
16,176,0.45454545454545453,2,0.4090909090909091,0.00016228408970743078,2800.9243257605767
16,177,23.681818181818183,50,1.0,0.007762193178429946,3050.9184243992613
16,178,0.0,0,0.0,0.0,0.0
16,179,0.0,0,0.0,0.0,0.0
16,180,18.09090909090909,44,1.0,0.005982079533913004,3024.18397955927
16,181,0.7272727272727273,4,0.4090909090909091,0.000231795456122861,3137.5624847764198
16,182,0.0,0,0.0,0.0,0.0
16,183,4.954545454545454,14,0.9090909090909091,0.0016432613536546176,3015.0684451542247
16,184,1.7272727272727273,4,0.9090909090909091,0.000565556817243553,3054.1099932120337
16,185,6.7272727272727275,13,1.0,0.002207602273715152,3047.320981397372
16,186,0.0,0,0.0,0.0,0.0
16,187,0.09090909090909091,2,0.045454545454545456,2.7840909421105277e-05,3265.3060837220974
16,188,9.045454545454545,18,1.0,0.0030726931753716517,2943.819649145564
16,189,0.9545454545454546,3,0.6363636363636364,0.0003189999988535419,2992.305510896575
16,190,0.0,0,0.0,0.0,0.0
16,191,5.954545454545454,21,1.0,0.0019422840903809463,3065.7438240034035
16,192,1.5454545454545454,5,0.7727272727272727,0.0005195113613312556,2974.823383061913
16,193,0.09090909090909091,1,0.09090909090909091,3.829545378473333e-05,2373.887287512239
16,194,6.7727272727272725,12,1.0,0.0022513181770178066,3008.3385555473637
16,195,0.18181818181818182,1,0.18181818181818182,5.899999946863814e-05,3081.664126367129
16,196,52.40909090909091,80,1.0,0.01726392041680149,3035.758370276408
16,197,0.18181818181818182,1,0.18181818181818182,5.952272675296461e-05,3054.601019418623
16,198,0.6363636363636364,3,0.5,0.00020363636378368193,3124.999997739256
16,199,54.22727272727273,102,1.0,0.01788910221975212,3031.3020777195898
16,200,42.59090909090909,95,1.0,0.014182727244174615,3003.012633441343
16,201,188.95454545454547,295,1.0,0.062075568119656636,3043.943876442941
16,202,41.95454545454545,106,1.0,0.013677340912346897,3067.448981744103
16,203,35.54545454545455,74,1.0,0.011713727263585579,3034.512734128152
16,204,2.227272727272727,5,0.9545454545454546,0.0007346931789387864,3031.568539250451
16,205,19.681818181818183,44,1.0,0.0064321818287928845,3059.897668581896
16,206,13.863636363636363,51,1.0,0.0045720340871908275,3032.268810610406
16,207,28.863636363636363,49,1.0,0.009406431801670062,3068.5000404204047
16,208,30.954545454545453,56,1.0,0.010291977257690054,3007.638345820921
16,209,34.86363636363637,84,1.0,0.011322159109774722,3079.2392180337456
16,210,6.363636363636363,13,1.0,0.002068193184889176,3076.906166276415
16,211,0.09090909090909091,1,0.09090909090909091,2.886363654397428e-05,3149.606279534086
16,212,16.272727272727273,27,1.0,0.005388238635284572,3020.045765264784
16,213,14.545454545454545,21,1.0,0.004771624996051701,3048.3230676111884
16,214,26.863636363636363,56,1.0,0.008775568187543699,3061.184847468612
16,215,8.181818181818182,18,1.0,0.002634454552952031,3105.6972201893054
16,216,0.09090909090909091,1,0.09090909090909091,2.8534091225909915e-05,3185.9816452308246
16,217,0.45454545454545453,3,0.2727272727272727,0.0001439772710331123,3157.063967693324
16,218,2.0,7,0.8636363636363636,0.0006419886353383349,3115.31994479307
16,219,20.227272727272727,64,1.0,0.006601000016830353,3064.2740002575238
16,220,13.590909090909092,27,1.0,0.004426772724731232,3070.1619297011125
16,221,0.6363636363636364,3,0.36363636363636365,0.00020801136402455583,3059.273416852905
16,222,28.0,50,1.0,0.009197443169382908,3044.32432844036
16,223,0.0,0,0.0,0.0,0.0
16,224,70.86363636363636,88,1.0,0.023344124974259597,3035.6090211894493
16,225,6.590909090909091,15,1.0,0.0021845454453300176,3017.0620185534326
16,226,2.5454545454545454,6,0.9545454545454546,0.0008354318124474958,3046.872895583587
16,227,1.3636363636363635,5,0.6363636363636364,0.00044692045643883335,3051.1835920470876
16,228,0.9090909090909091,3,0.5909090909090909,0.0003037727252707224,2992.667983212538
16,229,3.8636363636363638,8,0.9090909090909091,0.0012928068079583516,2988.5643700607993
16,230,25.227272727272727,35,1.0,0.008312386357415975,3034.901367976715
16,231,6.545454545454546,13,1.0,0.0021666590896943076,3020.9895855734458
16,232,0.6818181818181818,2,0.45454545454545453,0.00021836363620505753,3122.3980039328094
16,233,0.0,0,0.0,0.0,0.0
16,234,0.0,0,0.0,0.0,0.0
16,235,28.40909090909091,44,1.0,0.009430102267122658,3012.596269304212
16,236,18.181818181818183,27,1.0,0.005998806814948859,3030.905768878838
16,237,10.0,17,1.0,0.0033159090803978456,3015.764231629714
16,238,0.6363636363636364,2,0.5454545454545454,0.00020421590835956687,3116.13155642693
16,239,5.363636363636363,13,1.0,0.0017416818167971955,3079.573037915521
16,240,0.5454545454545454,2,0.5,0.0001762386382324621,3094.97707724614
16,241,8.727272727272727,34,1.0,0.0029241931809916755,2984.506216621798
16,242,0.0,0,0.0,0.0,0.0
16,243,1.9090909090909092,9,0.7272727272727273,0.0006347727295095948,3007.5187863943243
16,244,6.2727272727272725,23,1.0,0.0020980795406186107,2989.747124114171
16,245,31.954545454545453,51,1.0,0.010517545450552874,3038.2132033349762
16,246,9.5,30,1.0,0.00311697728863113,3047.824581414283
16,247,9.727272727272727,17,1.0,0.0032111818026433784,3029.1877959900735
16,248,7.7272727272727275,15,1.0,0.0025092272632967,3079.542790046207
16,249,1.9090909090909092,5,0.9090909090909091,0.000622022727673704,3069.165842590185
16,250,12.681818181818182,25,1.0,0.004102125005870635,3091.524067079617
16,251,0.3181818181818182,1,0.3181818181818182,0.00011169318167958409,2848.7129957009474
16,252,82.9090909090909,103,1.0,0.02737087492741094,3029.0990378996053
16,253,473.1363636363636,488,1.0,0.15592886341487014,3034.309064239886
16,254,10.5,22,1.0,0.003450090914901177,3043.398060801757
16,255,44.36363636363637,101,1.0,0.014340136340417137,3093.669077510729
17,0,0.3181818181818182,1,0.3181818181818182,9.800000010396947e-05,3246.753243308724
17,1,5.545454545454546,15,0.9090909090909091,0.0016753636247647757,3310.0005655388027
17,2,5.454545454545454,13,1.0,0.0016239886277947915,3358.7337750955576
17,3,7.7272727272727275,13,1.0,0.0023205908920234915,3329.8729016964976
17,4,0.18181818181818182,1,0.18181818181818182,5.4227271572348066e-05,3352.891940646628
17,5,0.0,0,0.0,0.0,0.0
17,6,0.045454545454545456,1,0.045454545454545456,1.3193181737072088e-05,3445.305792068397
17,7,0.5454545454545454,4,0.3181818181818182,0.00016488636372907257,3308.063402688597
17,8,0.045454545454545456,1,0.045454545454545456,1.3318181365982376e-05,3412.9693991588497
17,9,108.77272727272727,155,1.0,0.03268790884943552,3327.6135152526176
17,10,0.5,3,0.36363636363636365,0.00015560227091720498,3213.320712176797
17,11,0.0,0,0.0,0.0,0.0
17,12,0.13636363636363635,1,0.13636363636363635,3.9704546163027935e-05,3434.4590114120333
17,13,73.5,105,1.0,0.022099408944169143,3325.880804581099
17,14,7.090909090909091,15,1.0,0.0021370227133791723,3318.1252808008644
17,15,0.0,0,0.0,0.0,0.0
17,16,1.5454545454545454,4,0.9090909090909091,0.0004594431798481806,3363.755548542975
17,17,506.6818181818182,510,1.0,0.15146402185333005,3345.2288667764465
17,18,7.954545454545454,21,1.0,0.0024084772541589864,3302.7280788346466
17,19,342.04545454545456,394,1.0,0.10229361304796343,3343.7615932587723
17,20,0.36363636363636365,1,0.36363636363636365,0.00011189772736873816,3249.7207243366756
17,21,16.954545454545453,29,1.0,0.005025840867099098,3373.4743902330456
17,22,1.3181818181818181,5,0.7272727272727273,0.00040239772484214467,3275.8182683535883
17,23,1.6363636363636365,9,0.5909090909090909,0.0005101477237820455,3207.627046205842
17,24,0.5909090909090909,2,0.5,0.00017313636172647503,3412.969320925337
17,25,96.31818181818181,171,1.0,0.028845749731937594,3339.0770811389148
17,26,13.409090909090908,21,1.0,0.004005409072058022,3347.7456778718424
17,27,0.6363636363636364,4,0.36363636363636365,0.00018845454773823306,3376.748632500806
17,28,2.6363636363636362,5,0.9090909090909091,0.0007732727231500162,3409.3581183416154
17,29,0.045454545454545456,1,0.045454545454545456,1.634090916592289e-05,2781.641155520021
17,30,0.18181818181818182,2,0.13636363636363635,5.9193181434900246e-05,3071.6068542141575
17,31,0.09090909090909091,1,0.09090909090909091,2.6522726825946435e-05,3427.5921742766327
17,32,1.2272727272727273,4,0.7272727272727273,0.0003621022730261426,3389.2986006860065
17,33,5.818181818181818,9,1.0,0.0017347727156117219,3353.858269629396
17,34,0.3181818181818182,2,0.2727272727272727,9.470454560042444e-05,3359.731216327088
17,35,1.2727272727272727,6,0.6363636363636364,0.00038588636512444776,3298.191871373377
17,36,9.636363636363637,19,1.0,0.0028724658953830262,3354.735612998004
17,37,0.45454545454545453,2,0.3181818181818182,0.00013427272708874872,3385.240356703404
17,38,0.3181818181818182,1,0.3181818181818182,9.537499863654375e-05,3336.1134755487597
17,39,3.8181818181818183,10,1.0,0.0011558636364167217,3303.3151125149293
17,40,2.6363636363636362,7,0.9090909090909091,0.0007907499966677278,3334.0039803647737
17,41,12.227272727272727,19,1.0,0.0036598636176098476,3340.909390295262
17,42,0.5454545454545454,4,0.3181818181818182,0.00017015909278680655,3205.556262208973
17,43,59.27272727272727,83,1.0,0.017730011271355164,3343.0732990276806
17,44,0.18181818181818182,2,0.13636363636363635,5.427272646391595e-05,3350.0838020191673
17,45,0.8636363636363636,3,0.5909090909090909,0.0002569659078620713,3360.898614223674
17,46,0.0,0,0.0,0.0,0.0
17,47,0.22727272727272727,1,0.22727272727272727,6.8738635904579e-05,3306.3316471426747
17,48,5.636363636363637,15,0.9545454545454546,0.0017091818127400156,3297.696941513727
17,49,4.2272727272727275,11,1.0,0.0012860568081536753,3287.0031094050987
17,50,4.545454545454546,10,1.0,0.001362318178342486,3336.5586818968673
17,51,2.8636363636363638,6,0.9090909090909091,0.0008549545468254523,3349.460359348208
17,52,0.0,0,0.0,0.0,0.0
17,53,0.18181818181818182,1,0.18181818181818182,5.687499916265634e-05,3196.8032438682158
17,54,1.3636363636363635,5,0.7272727272727273,0.0004039659053722227,3375.6224114504917
17,55,33.81818181818182,54,1.0,0.010058874949622392,3362.0242808020344
17,56,2.4545454545454546,8,0.9090909090909091,0.0007297840850448913,3363.3858354070135
17,57,0.045454545454545456,1,0.045454545454545456,1.4954545556313612e-05,3039.513657127157
17,58,3.1818181818181817,12,0.9090909090909091,0.0009734431739409708,3268.622418848176
17,59,1.0454545454545454,4,0.6818181818181818,0.0003124090898464519,3346.428063179542
17,60,100.68181818181819,139,1.0,0.030099806713141417,3344.932382501348
17,61,0.5909090909090909,2,0.5,0.00017595454383726147,3358.3053783232594
17,62,47.54545454545455,80,1.0,0.014115170324327086,3368.3939657115816
17,63,1.8181818181818181,5,0.8636363636363636,0.000545352268752388,3333.9584748428842
17,64,0.0,0,0.0,0.0,0.0
17,65,0.5909090909090909,3,0.4090909090909091,0.0001784545456757769,3311.258274040704
17,66,27.90909090909091,43,1.0,0.008360624957607466,3338.158457125383
17,67,0.45454545454545453,3,0.3181818181818182,0.00014596590798729184,3114.0521839183734
17,68,0.5454545454545454,4,0.36363636363636365,0.00016248863804238763,3356.878068682287
17,69,0.8181818181818182,3,0.5454545454545454,0.00023990908812265843,3410.3827603375576
17,70,0.0,0,0.0,0.0,0.0
17,71,0.7727272727272727,2,0.5,0.00024085227183108643,3208.303857184286
17,72,3.8636363636363638,18,0.8636363636363636,0.0011675454549152744,3309.195669745241
17,73,2.3181818181818183,5,0.9090909090909091,0.0006932727264938876,3343.8237645747877
17,74,0.0,0,0.0,0.0,0.0
17,75,3.4545454545454546,12,1.0,0.0010168522620171477,3397.2933764169557
17,76,4.181818181818182,7,1.0,0.0012391704407160762,3374.6916843833405
17,77,18.181818181818183,36,1.0,0.00539980680200229,3367.123833963138
17,78,6.2727272727272725,17,1.0,0.0018970454521794718,3306.5772174940143
17,79,0.0,0,0.0,0.0,0.0
17,80,10.318181818181818,23,1.0,0.003073386336010034,3357.2680717964026
17,81,1.0909090909090908,3,0.7727272727272727,0.0003288977247641676,3316.8642066202033
17,82,2.6818181818181817,8,0.8636363636363636,0.0007988977185132998,3356.898035469275
17,83,4.545454545454546,9,0.9545454545454546,0.0013694318119880998,3319.226635209819
17,84,3.8181818181818183,10,1.0,0.001166852267818864,3272.206708154192
17,85,14.181818181818182,20,1.0,0.004247045432831245,3339.2197955283073
17,86,1.0909090909090908,4,0.5,0.0003220681802221489,3387.199226439036
17,87,25.40909090909091,63,1.0,0.00768544312979264,3306.132187823042
17,88,0.045454545454545456,1,0.045454545454545456,1.3136363122612238e-05,3460.2077477823686
17,89,0.045454545454545456,1,0.045454545454545456,1.3079545831053771e-05,3475.238822637571
17,90,0.3181818181818182,2,0.2727272727272727,9.805681739552793e-05,3244.87196946624
17,91,2.409090909090909,6,0.9090909090909091,0.0007227499948137186,3333.22853874503
17,92,49.22727272727273,106,1.0,0.014940022660250013,3294.9931768342403
17,93,89.31818181818181,112,1.0,0.026802522599940527,3332.454304819055
17,94,9.636363636363637,19,1.0,0.0028600340738194063,3369.31777302039
17,95,3.4545454545454546,10,1.0,0.001026886348633773,3364.0971653207534
17,96,2.272727272727273,6,0.9090909090909091,0.0006776249938411638,3353.960218976225
17,97,0.09090909090909091,1,0.09090909090909091,2.6420454642820086e-05,3440.8602023733906
17,98,0.045454545454545456,1,0.045454545454545456,1.634090916592289e-05,2781.641155520021
17,99,0.0,0,0.0,0.0,0.0
17,100,5.409090909090909,13,1.0,0.0016014090718024156,3377.70717322269
17,101,0.13636363636363635,1,0.13636363636363635,4.276136380874298e-05,3188.944977843655
17,102,5.454545454545454,10,0.9545454545454546,0.0016457613568160343,3314.2991430410475
17,103,0.3181818181818182,2,0.22727272727272727,9.164772663180801e-05,3471.791716777701
17,104,0.36363636363636365,1,0.36363636363636365,0.00011364772746508771,3199.680026581014
17,105,3.9545454545454546,12,0.7727272727272727,0.001179193175630644,3353.6027313171357
17,106,0.0,0,0.0,0.0,0.0
17,107,0.0,0,0.0,0.0,0.0
17,108,3.272727272727273,10,0.8636363636363636,0.0009759204549482092,3353.477484905214
17,109,3.3181818181818183,7,1.0,0.0010013181798223575,3313.813615938235
17,110,7.090909090909091,13,1.0,0.0020911363416499544,3390.9358035039463
17,111,0.0,0,0.0,0.0,0.0
17,112,11.272727272727273,23,1.0,0.003355897710372863,3359.079520774427
17,113,0.9090909090909091,3,0.6818181818181818,0.0002735795450545001,3322.9491222006673
17,114,0.45454545454545453,2,0.4090909090909091,0.00014003408829342914,3245.9628943560833
17,115,1.0454545454545454,3,0.6363636363636364,0.0003091136366658082,3382.1042537337717
17,116,0.22727272727272727,1,0.22727272727272727,6.529545432633974e-05,3480.682225394165
17,117,4.090909090909091,10,1.0,0.001238352264573967,3303.5100011033574
17,118,0.3181818181818182,3,0.18181818181818182,9.815909090155566e-05,3241.491086148349
17,119,2.9545454545454546,14,0.8181818181818182,0.00090672726880505,3258.4720413660502
17,120,4.363636363636363,14,1.0,0.0012966477158691057,3365.321444083633
17,121,0.45454545454545453,5,0.18181818181818182,0.00015156818104018882,2998.950382764904
17,122,5.954545454545454,13,1.0,0.001760977260842496,3381.386907685934
17,123,3.0454545454545454,8,1.0,0.0008920000003523786,3414.186708802084
17,124,0.045454545454545456,1,0.045454545454545456,1.3011363493701952e-05,3493.44981996294
17,125,0.045454545454545456,1,0.045454545454545456,1.3136363122612238e-05,3460.2077477823686
17,126,0.045454545454545456,1,0.045454545454545456,1.3409091149118137e-05,3389.830447795474
17,127,0.5454545454545454,3,0.4090909090909091,0.00016207954401827672,3365.350937765705
17,128,0.0,0,0.0,0.0,0.0
17,129,0.0,0,0.0,0.0,0.0
17,130,0.0,0,0.0,0.0,0.0
17,131,0.5,4,0.2727272727272727,0.00014897726941853762,3356.2167030682854
17,132,1.0454545454545454,3,0.7272727272727273,0.00030729545158630407,3402.1152609248074
17,133,0.5909090909090909,2,0.36363636363636365,0.00018118182064923033,3261.4149079178114
17,134,4.454545454545454,10,1.0,0.0013427613567645576,3317.45133422582
17,135,0.8181818181818182,3,0.45454545454545453,0.0002511136368742551,3258.2134063532435
17,136,0.13636363636363635,1,0.13636363636363635,3.990909052928063e-05,3416.856524545169
17,137,3.772727272727273,12,0.9090909090909091,0.0011491022662746466,3283.195398228859
17,138,22.136363636363637,45,1.0,0.00669788635357029,3304.977491080288
17,139,0.0,0,0.0,0.0,0.0
17,140,0.8636363636363636,4,0.6363636363636364,0.0002627840903270143,3286.486493766177
17,141,0.0,0,0.0,0.0,0.0
17,142,0.0,0,0.0,0.0,0.0
17,143,0.13636363636363635,1,0.13636363636363635,4.2556818119588904e-05,3204.2723678363577
17,144,0.0,0,0.0,0.0,0.0
17,145,1.0,5,0.5,0.00030714772451160985,3255.76235861777
17,146,0.13636363636363635,1,0.13636363636363635,4.0761363131671466e-05,3345.4140364035616
17,147,4.954545454545454,8,1.0,0.0014758181681496683,3357.1516881089074
17,148,17.954545454545453,35,1.0,0.00536247722233053,3348.18120621171
17,149,10.363636363636363,28,1.0,0.0030793408897641875,3365.537215475354
17,150,0.9090909090909091,4,0.6818181818181818,0.00026964772736061025,3371.4020807419856
17,151,0.18181818181818182,1,0.18181818181818182,5.6988636391576044e-05,3190.428712294261
17,152,0.22727272727272727,2,0.18181818181818182,6.619318182029846e-05,3433.476394739994
17,153,1.5,7,0.6363636363636364,0.00045026136583394623,3331.3984139451823
17,154,1.2727272727272727,4,0.8181818181818182,0.0003827499961268834,3325.218251094006
17,155,0.0,0,0.0,0.0,0.0
17,156,5.0,10,1.0,0.001491227266590365,3352.9429832867204
17,157,19.0,41,1.0,0.005723068163867786,3319.8975542446356
17,158,5.0,18,1.0,0.001488511360631409,3359.060691266111
17,159,0.0,0,0.0,0.0,0.0
17,160,14.0,41,1.0,0.004106749978911301,3409.021750019318
17,161,11.590909090909092,19,1.0,0.0034790340723702684,3331.645752756942
17,162,1.1818181818181819,4,0.6818181818181818,0.0003530340869805183,3347.603603737559
17,163,0.7272727272727273,4,0.5,0.00021520454505331475,3379.4487337270357
17,164,2.5454545454545454,19,0.6818181818181818,0.0008087613598697565,3147.3493563842703
17,165,1.6818181818181819,4,0.7272727272727273,0.0005097272700037469,3299.4471373011284
17,166,0.5909090909090909,2,0.45454545454545453,0.0001747499997939237,3381.4540292184747
17,167,5.2727272727272725,10,1.0,0.0015709318038054996,3356.4329526936613
17,168,8.5,16,1.0,0.00255767043298957,3323.336693564797
17,169,7.863636363636363,15,1.0,0.0023620568112660708,3329.147853739143
17,170,0.0,0,0.0,0.0,0.0
17,171,0.8636363636363636,3,0.6363636363636364,0.0002625909070378508,3288.9043012897473
17,172,2.727272727272727,6,0.8636363636363636,0.0008106818118407814,3364.1715990642774
17,173,244.8181818181818,322,1.0,0.07330254513362888,3339.8319440598384
17,174,0.7727272727272727,3,0.4090909090909091,0.0002403295485154641,3215.282005481533
17,175,9.363636363636363,20,1.0,0.0027914658937582067,3354.3796413825826
17,176,11.454545454545455,22,1.0,0.003430147708224302,3339.373819699203
17,177,5.090909090909091,10,1.0,0.0015008522565370765,3392.012150919751
17,178,1.7272727272727273,7,0.5454545454545454,0.0005182500026421621,3332.894777552685
17,179,0.045454545454545456,1,0.045454545454545456,1.3409091149118137e-05,3389.830447795474
17,180,0.22727272727272727,1,0.22727272727272727,6.51136360829696e-05,3490.4014112056348
17,181,12.090909090909092,49,1.0,0.003679579502204433,3285.9485937633467
17,182,15.454545454545455,29,1.0,0.004640431800825437,3330.4110733394273
17,183,12.181818181818182,19,1.0,0.0036560454358219763,3331.965752520629
17,184,0.0,0,0.0,0.0,0.0
17,185,0.4090909090909091,2,0.36363636363636365,0.00012060227428181943,3392.0662900183697
17,186,10.090909090909092,17,1.0,0.0029979090798984876,3365.9823636982283
17,187,2.3636363636363638,5,0.8636363636363636,0.0007160340875006196,3301.01095031222
17,188,4.181818181818182,7,1.0,0.0012488408948146653,3348.5596117020064
17,189,24.181818181818183,37,1.0,0.007160624968078496,3377.0541383774225
17,190,2.0454545454545454,6,0.8181818181818182,0.0006152613628232343,3324.529491123284
17,191,4.0,7,1.0,0.001194522725365294,3348.6177492159222
17,192,52.90909090909091,145,1.0,0.015638056749594398,3383.3545789161562
17,193,397.1363636363636,438,1.0,0.11869143110313664,3345.956485192877
17,194,2.772727272727273,6,0.9090909090909091,0.0008336818097053434,3325.8819377470477
17,195,6.2727272727272725,12,1.0,0.0018734318106329408,3348.2549175931977
17,196,2.772727272727273,9,0.7727272727272727,0.000854647722338665,3244.292590097777
17,197,3.5454545454545454,10,0.8636363636363636,0.0010694545437052677,3315.198917357297
17,198,4.545454545454546,9,1.0,0.0013480113570536064,3371.970511724544
17,199,152.54545454545453,263,1.0,0.04581474972391417,3329.614490196147
17,200,0.4090909090909091,2,0.3181818181818182,0.00013111363461410457,3120.12484662599
17,201,107.27272727272727,186,1.0,0.03189178396265065,3363.647746966972
17,202,148.86363636363637,219,1.0,0.04410078382616947,3375.5326651428013
17,203,2.9545454545454546,6,0.9545454545454546,0.0008750340877502987,3376.491837182655
17,204,3.0,10,0.8181818181818182,0.0009111363628604026,3292.5916715494286
17,205,0.0,0,0.0,0.0,0.0
17,206,0.0,0,0.0,0.0,0.0
17,207,10.818181818181818,27,1.0,0.0031665113373574886,3416.4355233952165
17,208,2.409090909090909,6,0.7727272727272727,0.0007213408997896212,3339.739795419225
17,209,5.409090909090909,33,0.9090909090909091,0.00160984091846992,3360.0157922635
17,210,7.545454545454546,16,0.9545454545454546,0.0022702272637450897,3323.6560347738737
17,211,0.13636363636363635,1,0.13636363636363635,4.198863594369455e-05,3247.6319675279697
17,212,141.6818181818182,284,1.0,0.0421922497255516,3358.005773653159
17,213,5.318181818181818,10,1.0,0.0015832954430317675,3358.9320562928656
17,214,0.18181818181818182,1,0.18181818181818182,5.321590949527242e-05,3416.613256122854
17,215,19.40909090909091,48,1.0,0.005870965835955841,3305.94512920223
17,216,1.5,5,0.8181818181818182,0.0004406363613353196,3404.1675440818103
17,217,0.7272727272727273,5,0.4090909090909091,0.00021253408737141979,3421.9109803396473
17,218,13.363636363636363,30,1.0,0.004024215890570882,3320.8050281170613
17,219,22.363636363636363,34,1.0,0.006759647687431425,3308.402656135211
17,220,54.27272727272727,86,1.0,0.01617160215656358,3356.051351454968
17,221,4.636363636363637,9,0.9545454545454546,0.0013897045388479125,3336.222561528983
17,222,5.454545454545454,11,0.9545454545454546,0.0016337840841680934,3338.5962731561644
17,223,271.90909090909093,345,1.0,0.0807964654589093,3365.3587364830446
17,224,0.6363636363636364,2,0.5454545454545454,0.00019434090989472514,3274.470808582484
17,225,2.4545454545454546,6,0.8636363636363636,0.0007339886334110898,3344.1191631788133
17,226,14.0,61,0.9090909090909091,0.004126499936153943,3392.7057352746597
17,227,0.4090909090909091,1,0.4090909090909091,0.0001221590897661041,3348.837240635866
17,228,0.0,0,0.0,0.0,0.0
17,229,1.0454545454545454,3,0.6363636363636364,0.00030902272555977106,3383.099231814697
17,230,0.09090909090909091,1,0.09090909090909091,2.5965908372944053e-05,3501.094188710006
17,231,0.13636363636363635,1,0.13636363636363635,4.181818142321638e-05,3260.869596015736
17,232,0.0,0,0.0,0.0,0.0
17,233,23.818181818181817,31,1.0,0.007163454505974765,3324.9575045553756
17,234,0.0,0,0.0,0.0,0.0
17,235,0.0,0,0.0,0.0,0.0
17,236,0.0,0,0.0,0.0,0.0
17,237,0.7272727272727273,5,0.4090909090909091,0.00021263636484615165,3420.265051083475
17,238,22.40909090909091,63,1.0,0.006675727175950835,3356.801486708322
17,239,14.181818181818182,25,1.0,0.004200511338157495,3376.2123322916373
17,240,0.6363636363636364,3,0.4090909090909091,0.00018101136083714664,3515.6005314835666
17,241,0.0,0,0.0,0.0,0.0
17,242,85.4090909090909,151,1.0,0.0257249657363652,3320.0857013525706
17,243,0.045454545454545456,1,0.045454545454545456,1.2727273067205466e-05,3571.428476039285
17,244,11.863636363636363,40,1.0,0.0035293522589861163,3361.4203097552104
17,245,8.727272727272727,15,1.0,0.0026277954497014766,3321.1385339236217
17,246,0.36363636363636365,2,0.2727272727272727,0.00010705681978089905,3396.6669697509847
17,247,0.045454545454545456,1,0.045454545454545456,1.634090916592289e-05,2781.641155520021
17,248,1.0,5,0.5,0.00030042045082981616,3328.6681956498546
17,249,0.0,0,0.0,0.0,0.0
17,250,1.0909090909090908,3,0.6818181818181818,0.00032768181435213506,3329.171907406411
17,251,38.54545454545455,50,1.0,0.011491261291666888,3354.327568324161
17,252,0.18181818181818182,2,0.13636363636363635,5.684090931688181e-05,3198.7204990786736
17,253,10.318181818181818,16,1.0,0.003087977267568931,3341.404720347894
17,254,0.6818181818181818,5,0.45454545454545453,0.00021225000223652884,3212.3353339632563
17,255,19.5,35,1.0,0.0058208863364680756,3350.0052866230617
18,0,12.590909090909092,38,1.0,0.0038826818054076284,3242.8382550877664
18,1,4.090909090909091,9,1.0,0.0012670113633661954,3228.786425435337
18,2,0.0,0,0.0,0.0,0.0
18,3,0.22727272727272727,1,0.22727272727272727,7.218181748281826e-05,3148.6146400625885
18,4,0.3181818181818182,3,0.22727272727272727,9.67613648919558e-05,3288.314696026679
18,5,115.9090909090909,168,1.0,0.03635918169906786,3187.8905270319233
18,6,4.636363636363637,16,1.0,0.001434431818779558,3232.195197892601
18,7,2.1818181818181817,8,0.7727272727272727,0.0006843522701687602,3188.150718459878
18,8,6.2727272727272725,14,0.9545454545454546,0.00196805680885022,3187.2694144392767
18,9,0.7272727272727273,3,0.5454545454545454,0.00023422727165532044,3104.9874001988674
18,10,0.0,0,0.0,0.0,0.0
18,11,4.454545454545454,9,1.0,0.0014015568092211404,3178.2839091773176
18,12,7.136363636363637,17,0.9090909090909091,0.0022543295318345454,3165.6257594940666
18,13,4.045454545454546,13,0.9090909090909091,0.0013082954537821934,3092.1566942386075
18,14,1.5454545454545454,5,0.7727272727272727,0.0004997159055413001,3092.666309631439
18,15,0.09090909090909091,1,0.09090909090909091,2.735227198255333e-05,3323.6394756193326
18,16,0.5,3,0.4090909090909091,0.0001552727255991406,3220.1405499303437
18,17,2.409090909090909,6,0.9545454545454546,0.0007592159064105628,3173.1301843775386
18,18,0.2727272727272727,2,0.22727272727272727,8.492045427291569e-05,3211.5616321456214
18,19,26.727272727272727,44,1.0,0.008290772717869417,3223.737236176602
18,20,10.272727272727273,19,1.0,0.0032391363506163048,3171.4402114541117
18,21,6.863636363636363,15,1.0,0.0021352272530996493,3214.4758145404035
18,22,2.1363636363636362,5,0.9090909090909091,0.0006683863625353711,3196.300457507584
18,23,0.13636363636363635,1,0.13636363636363635,4.131818158467385e-05,3300.3300516549766
18,24,0.5454545454545454,3,0.36363636363636365,0.00017690908994568005,3083.247704354973
18,25,0.09090909090909091,1,0.09090909090909091,3.305681854147803e-05,2750.0859102645577
18,26,56.22727272727273,91,1.0,0.017371749916822988,3236.707470260186
18,27,16.863636363636363,40,1.0,0.005290897658348761,3187.2921104467828
18,28,0.09090909090909091,1,0.09090909090909091,3.0079544310204007e-05,3022.2894991880394
18,29,0.6818181818181818,2,0.5454545454545454,0.0002084545439257371,3270.8242716986906
18,30,0.0,0,0.0,0.0,0.0
18,31,0.0,0,0.0,0.0,0.0
18,32,2.4545454545454546,11,0.7727272727272727,0.0007765340891306881,3160.8985219094
18,33,0.9545454545454546,11,0.2727272727272727,0.0003245454546148804,2941.176469959067
18,34,0.36363636363636365,3,0.2727272727272727,0.0001247500013877553,2914.920718165667
18,35,0.0,0,0.0,0.0,0.0
18,36,0.0,0,0.0,0.0,0.0
18,37,0.3181818181818182,2,0.2727272727272727,0.00010061363784850322,3162.4124222693695
18,38,11.227272727272727,22,1.0,0.0034583408837947486,3246.4332188541603
18,39,0.7727272727272727,4,0.45454545454545453,0.00024157954612746835,3198.6452707364006
18,40,4.318181818181818,11,1.0,0.0013352386317406358,3234.015040856462
18,41,0.0,0,0.0,0.0,0.0
18,42,28.59090909090909,48,1.0,0.00895918178668415,3191.241094516374
18,43,0.045454545454545456,1,0.045454545454545456,1.3852272373200817e-05,3281.3782627089913
18,44,3.590909090909091,10,0.8636363636363636,0.0010999318064105782,3264.665200133953
18,45,0.0,0,0.0,0.0,0.0
18,46,0.3181818181818182,1,0.3181818181818182,0.00010130681833040647,3140.773971837573
18,47,6.7727272727272725,37,0.8636363636363636,0.0021345681915673513,3172.8793202686375
18,48,4.681818181818182,14,0.9545454545454546,0.0014734545376003634,3177.443254844422
18,49,15.636363636363637,20,1.0,0.004874829524355432,3207.571374186902
18,50,0.18181818181818182,1,0.18181818181818182,5.692045405422422e-05,3194.2503769378945
18,51,45.04545454545455,63,1.0,0.014011215847197243,3214.9568628953275
18,52,38.0,55,1.0,0.011803352242251012,3219.424382166285
18,53,3.8181818181818183,10,0.9545454545454546,0.0012046249850589613,3169.6020467273756
18,54,0.0,0,0.0,0.0,0.0
18,55,7.136363636363637,17,1.0,0.0022289204405917026,3201.7130384739867
18,56,35.09090909090909,81,1.0,0.010710011327649805,3276.4586345782523
18,57,0.0,0,0.0,0.0,0.0
18,58,0.8636363636363636,3,0.5,0.00027504545340145177,3139.9768763885522
18,59,0.3181818181818182,2,0.2727272727272727,0.00010430682000746442,3050.4411711434436
18,60,0.13636363636363635,1,0.13636363636363635,4.4875000391832806e-05,3038.743959285945
18,61,0.0,0,0.0,0.0,0.0
18,62,6.045454545454546,13,1.0,0.001898136352379383,3184.942187043807
18,63,11.136363636363637,23,1.0,0.0034404658984964376,3236.876622212847
18,64,0.045454545454545456,1,0.045454545454545456,1.3965909602120519e-05,3254.6784813531835
18,65,7.863636363636363,19,1.0,0.0024893863605525853,3158.865368689021
18,66,1.4090909090909092,7,0.5,0.00045288636068686503,3111.3564713095516
18,67,119.22727272727273,230,1.0,0.036771704577735036,3242.364587021725
18,68,31.59090909090909,58,1.0,0.009819647683550349,3217.112274183672
18,69,8.136363636363637,15,1.0,0.002541159078563479,3201.8316779141333
18,70,10.454545454545455,22,1.0,0.003281693176673302,3185.7169124943525
18,71,4.318181818181818,12,1.0,0.00134952272426083,3199.784442716222
18,72,0.045454545454545456,1,0.045454545454545456,1.3613636838272214e-05,3338.898047196208
18,73,13.590909090909092,38,1.0,0.0043229545090897855,3143.8936177403148
18,74,74.31818181818181,110,1.0,0.023082193052025766,3219.7192723704134
18,75,0.8636363636363636,3,0.5454545454545454,0.0002728522734039209,3165.2159348434925
18,76,39.77272727272727,106,1.0,0.012621988595294004,3151.066646309297
18,77,1.5454545454545454,3,0.8636363636363636,0.00047907954616345126,3225.882962090122
18,78,8.409090909090908,13,1.0,0.002611602258349938,3219.897242087675
18,79,222.0909090909091,315,1.0,0.06867946567151441,3233.730881849651
18,80,4.545454545454546,12,1.0,0.0014353181772590192,3166.861966546577
18,81,0.7727272727272727,5,0.45454545454545453,0.00024227272264066744,3189.4934943764247
18,82,8.454545454545455,16,1.0,0.0026092386211861262,3240.2346745512023
18,83,0.5909090909090909,2,0.45454545454545453,0.0001842045458033681,3207.89635419674
18,84,0.0,0,0.0,0.0,0.0
18,85,4.0,8,1.0,0.0012361477142390372,3235.859237471768
18,86,0.45454545454545453,2,0.36363636363636365,0.00014922727264506236,3045.994518887929
18,87,20.272727272727273,54,1.0,0.0064165113594340665,3159.4625392380385
18,88,93.77272727272727,200,1.0,0.029615227250773882,3166.368654837078
18,89,11.181818181818182,22,1.0,0.0034777840800498698,3215.213459041954
18,90,83.81818181818181,129,1.0,0.02601117032199082,3222.391794778983
18,91,2.0454545454545454,10,0.6818181818181818,0.000645306814641861,3169.7395704549513
18,92,3.3181818181818183,8,0.9545454545454546,0.0010187500024172054,3257.1109794441345
18,93,0.2727272727272727,1,0.2727272727272727,8.870454621501267e-05,3074.5580059245644
18,94,0.09090909090909091,1,0.09090909090909091,2.7943181604231622e-05,3253.355047276504
18,95,2.772727272727273,6,0.9090909090909091,0.0008748068146153607,3169.5309483230294
18,96,0.045454545454545456,1,0.045454545454545456,1.578409071292051e-05,2879.769654221346
18,97,11.590909090909092,29,1.0,0.0036121477010469375,3208.869085710312
18,98,4.409090909090909,9,1.0,0.001387795455891385,3177.0466536503664
18,99,1.0,3,0.5909090909090909,0.00031178408905609763,3207.3477611619733
18,100,111.36363636363636,157,1.0,0.034908283917254514,3190.177913861626
18,101,4.136363636363637,15,0.9090909090909091,0.001321159086232497,3130.8596212732864
18,102,24.272727272727273,43,1.0,0.007601840876635502,3193.006492326124
18,103,94.45454545454545,144,1.0,0.029787465789757498,3170.9493557194082
18,104,4.590909090909091,19,0.9090909090909091,0.001455534074921161,3154.1062280920887
18,105,0.0,0,0.0,0.0,0.0
18,106,12.090909090909092,21,1.0,0.0037816249823663384,3197.278722054361
18,107,9.318181818181818,20,1.0,0.002907090897100385,3205.328676676755
18,108,0.8181818181818182,3,0.6363636363636364,0.00025104545189110053,3259.0983505916383
18,109,0.45454545454545453,3,0.2727272727272727,0.0001381590885681693,3290.0148608115387
18,110,0.2727272727272727,2,0.22727272727272727,8.526136199097064e-05,3198.7205735249117
18,111,1.5,4,0.6363636363636364,0.0004793977237899195,3128.9259951875083
18,112,0.13636363636363635,1,0.13636363636363635,4.397727289787409e-05,3100.7751817695894
18,113,3.727272727272727,10,0.9090909090909091,0.001176829534498128,3167.215487043554
18,114,95.04545454545455,166,1.0,0.029895397589743054,3179.2671182959652
18,115,29.954545454545453,50,1.0,0.009414374967243268,3181.7880165991296
18,116,111.22727272727273,212,1.0,0.03488036345780446,3188.822067804047
18,117,1.5454545454545454,5,0.7272727272727273,0.00047555681455626404,3249.7789920150535
18,118,0.0,0,0.0,0.0,0.0
18,119,1.6818181818181819,5,0.7727272727272727,0.0005241363647986542,3208.741645820069
18,120,0.09090909090909091,1,0.09090909090909091,2.81931808620522e-05,3224.506356835168
18,121,37.5,56,1.0,0.011721499949503182,3199.2492566268743
18,122,7.909090909090909,18,1.0,0.0025117045469497416,3148.893813444678
18,123,0.0,0,0.0,0.0,0.0
18,124,3.0454545454545454,7,0.9090909090909091,0.0009667500033339655,3150.1986397226706
18,125,1.7272727272727273,10,0.7727272727272727,0.0005785227284914898,2985.6609640499814
18,126,0.0,0,0.0,0.0,0.0
18,127,30.863636363636363,45,1.0,0.009589079492302104,3218.6234756331924
18,128,10.090909090909092,27,1.0,0.0031296704334884203,3224.2721095912566
18,129,0.045454545454545456,1,0.045454545454545456,1.6499999963509087e-05,2754.820942731599
18,130,1.7727272727272727,7,0.7272727272727273,0.0005416022732705725,3273.116381181911
18,131,0.0,0,0.0,0.0,0.0
18,132,1.1363636363636365,6,0.6363636363636364,0.00035700000113468957,3183.0914082683917
18,133,2.090909090909091,5,0.8636363636363636,0.0006631818158149889,3152.8444252343643
18,134,0.0,0,0.0,0.0,0.0
18,135,0.9090909090909091,4,0.5454545454545454,0.00028947727431924165,3140.4569192134386
18,136,0.0,0,0.0,0.0,0.0
18,137,5.909090909090909,14,0.9545454545454546,0.001852363629785197,3190.027494642689
18,138,4.454545454545454,19,0.9545454545454546,0.0014311931868591769,3112.469717887053
18,139,34.72727272727273,77,1.0,0.010818363595965573,3210.030095514941
18,140,0.7272727272727273,4,0.5,0.0002438409097852524,2982.570594545547
18,141,121.13636363636364,201,1.0,0.038245556730544195,3167.3316848234044
18,142,4.318181818181818,12,0.9545454545454546,0.0013665681776315482,3159.8729495266202
18,143,21.772727272727273,49,1.0,0.006908420442910442,3151.621626484948
18,144,1.6363636363636365,5,0.8181818181818182,0.0005202386329818347,3145.4096882127815
18,145,1.3181818181818181,3,0.7272727272727273,0.0004228522712682289,3117.357781308103
18,146,0.0,0,0.0,0.0,0.0
18,147,146.36363636363637,218,1.0,0.04590335205218501,3188.517391872462
18,148,1.0454545454545454,7,0.5909090909090909,0.0003450681794096123,3029.7042956648324
18,149,11.227272727272727,30,1.0,0.003474931801478802,3230.9332581706544
18,150,0.0,0,0.0,0.0,0.0
18,151,17.318181818181817,26,1.0,0.0053961022534746335,3209.3872585587815
18,152,0.9090909090909091,4,0.6363636363636364,0.0002884659069505605,3151.4674253922008
18,153,79.04545454545455,116,1.0,0.024542318047183057,3220.7819323948215
18,154,0.0,0,0.0,0.0,0.0
18,155,0.0,0,0.0,0.0,0.0
18,156,0.0,0,0.0,0.0,0.0
18,157,0.4090909090909091,2,0.36363636363636365,0.0001317613628502427,3104.7865644488934
18,158,6.7727272727272725,10,1.0,0.0021329431725792924,3175.296632276074
18,159,2.8181818181818183,9,0.9090909090909091,0.0008951477277812294,3148.2868477666193
18,160,12.863636363636363,35,1.0,0.004055374993847429,3171.996765564787
18,161,0.09090909090909091,1,0.09090909090909091,2.740909059701318e-05,3316.7496231705495
18,162,15.545454545454545,57,1.0,0.004845943170948885,3207.9316651190907
18,163,0.0,0,0.0,0.0,0.0
18,164,9.0,23,1.0,0.0027869204284136436,3229.3709961152113
18,165,5.2272727272727275,15,0.9545454545454546,0.0015962954428025776,3274.6273572612163
18,166,101.5909090909091,135,1.0,0.03168182939275126,3206.598578368486
18,167,0.0,0,0.0,0.0,0.0
18,168,22.227272727272727,43,1.0,0.007088204542841678,3135.8114164072585
18,169,18.136363636363637,31,1.0,0.005611920440887016,3231.7570834088688
18,170,2.0454545454545454,7,0.8181818181818182,0.0006557386381742122,3119.313742361973
18,171,87.5909090909091,152,1.0,0.02749211351990446,3186.0376623096927
18,172,0.22727272727272727,1,0.22727272727272727,6.869318101301111e-05,3308.5194763317154
18,173,7.590909090909091,17,1.0,0.0023635795289671728,3211.615686241002
18,174,5.409090909090909,17,0.9090909090909091,0.0017373636192959648,3113.390224714643
18,175,0.4090909090909091,4,0.22727272727272727,0.00013421590847428888,3048.006110015466
18,176,5.636363636363637,15,1.0,0.0017531704480378803,3214.954736815101
18,177,0.2727272727272727,2,0.22727272727272727,9.17272726920518e-05,2973.240833649081
18,178,0.045454545454545456,1,0.045454545454545456,1.6499999963509087e-05,2754.820942731599
18,179,6.090909090909091,13,1.0,0.0019315795414678921,3153.330712066013
18,180,5.909090909090909,21,0.9090909090909091,0.0018089772651860999,3266.536856383879
18,181,6.681818181818182,17,1.0,0.0021179886362832885,3154.7941605313054
18,182,0.0,0,0.0,0.0,0.0
18,183,0.45454545454545453,2,0.36363636363636365,0.00014659091010054743,3100.775172441999
18,184,52.95454545454545,89,1.0,0.016359431751135908,3236.942838853103
18,185,9.136363636363637,17,1.0,0.0028484090792269194,3207.532128370872
18,186,0.45454545454545453,2,0.4090909090909091,0.00014619317979932848,3109.211080635804
18,187,462.59090909090907,485,1.0,0.1445846358401468,3199.4472054579223
18,188,5.7272727272727275,15,1.0,0.001794954531677914,3190.7620088398025
18,189,173.3181818181818,223,1.0,0.05415379522442394,3200.4807991742277
18,190,183.36363636363637,303,1.0,0.057278715873094785,3201.252569451662
18,191,13.636363636363637,25,1.0,0.004302250000447119,3169.588851170074
18,192,5.136363636363637,11,1.0,0.0015942045402797785,3221.897508498012
18,193,0.18181818181818182,2,0.13636363636363635,5.7454545061442665e-05,3164.5569836771488
18,194,2.590909090909091,7,0.8181818181818182,0.0008136477249949662,3184.313077167542
18,195,6.181818181818182,18,1.0,0.0019285113548076797,3205.4870542541667
18,196,50.81818181818182,82,1.0,0.015739363548081284,3228.731686827123
18,197,8.818181818181818,29,1.0,0.002769999985255047,3183.4591570836733
18,198,15.545454545454545,41,1.0,0.00484552270129577,3208.2100330058183
18,199,4.136363636363637,14,0.8636363636363636,0.0012767613608792255,3239.7312161100976
18,200,10.681818181818182,23,1.0,0.0033442158773223955,3194.1174175546244
18,201,0.0,0,0.0,0.0,0.0
18,202,0.5909090909090909,3,0.36363636363636365,0.00019103409034538674,3093.21278647563
18,203,0.0,0,0.0,0.0,0.0
18,204,30.136363636363637,44,1.0,0.009307715857920068,3237.782942280106
18,205,0.13636363636363635,1,0.13636363636363635,4.0624999779869207e-05,3356.643374831678
18,206,0.0,0,0.0,0.0,0.0
18,207,3.772727272727273,20,0.8636363636363636,0.0011652045399056408,3237.8240416337476
18,208,3.5,6,1.0,0.001082693181656809,3232.679450926317
18,209,5.454545454545454,10,1.0,0.001689147722738033,3229.1701792095955
18,210,16.863636363636363,39,1.0,0.005250090894564478,3212.0656008252386
18,211,14.272727272727273,40,1.0,0.004354511349282058,3277.687466604137
18,212,1.1363636363636365,3,0.6818181818181818,0.0003508295459058982,3239.076211296181
18,213,4.045454545454546,10,0.9545454545454546,0.001257329540253109,3217.4974149101504
18,214,7.181818181818182,18,1.0,0.0022256818047026172,3226.794668781405
18,215,0.0,0,0.0,0.0,0.0
18,216,0.0,0,0.0,0.0,0.0
18,217,0.0,0,0.0,0.0,0.0
18,218,10.5,17,1.0,0.0032556249961172316,3225.187179887934
18,219,3.1363636363636362,10,0.9090909090909091,0.0009475909107343548,3309.8287465980943
18,220,0.0,0,0.0,0.0,0.0
18,221,11.590909090909092,28,1.0,0.0036323749796296893,3191.000146160778
18,222,3.9545454545454546,11,0.9090909090909091,0.001265056814934889,3125.982491742073
18,223,0.8636363636363636,3,0.5909090909090909,0.00026710227063052696,3233.354630784854
18,224,0.18181818181818182,2,0.13636363636363635,5.7306817986748435e-05,3172.7146647755817
18,225,0.8636363636363636,3,0.5454545454545454,0.0002653068143197081,3255.236266173089
18,226,49.13636363636363,74,1.0,0.015331340869042006,3204.9619179482747
18,227,0.045454545454545456,1,0.045454545454545456,1.3874999818984758e-05,3276.0033187424856
18,228,81.5909090909091,107,1.0,0.02552763626656749,3196.179553755449
18,229,0.09090909090909091,1,0.09090909090909091,2.7238636076535013e-05,3337.505250029954
18,230,0.0,0,0.0,0.0,0.0
18,231,4.090909090909091,18,0.8181818181818182,0.0013351250143552368,3064.0644485899975
18,232,0.13636363636363635,1,0.13636363636363635,4.089772780637511e-05,3334.259473025787
18,233,0.0,0,0.0,0.0,0.0
18,234,0.5454545454545454,2,0.4090909090909091,0.00017669318053363398,3087.0152645801563
18,235,0.18181818181818182,2,0.13636363636363635,5.447727347597141e-05,3337.5051689834913
18,236,0.0,0,0.0,0.0,0.0
18,237,0.3181818181818182,2,0.2727272727272727,0.00010222727194724774,3112.494465723484
18,238,41.68181818181818,70,1.0,0.0129490795370657,3218.9020124949675
18,239,9.363636363636363,26,1.0,0.0029432158784898506,3181.430364000618
18,240,0.3181818181818182,2,0.2727272727272727,9.943181728224523e-05,3200.000028950828
18,241,3.590909090909091,10,0.8636363636363636,0.0011480568143517964,3127.814796288241
18,242,0.5454545454545454,2,0.45454545454545453,0.0001662613622928885,3280.705378160348
18,243,50.09090909090909,78,1.0,0.015598477187185463,3211.2691828699803
18,244,0.7727272727272727,3,0.5454545454545454,0.0002367840921082957,3263.425620560091
18,245,3.727272727272727,10,0.8181818181818182,0.0011667386186838319,3194.6081732319517
18,246,8.454545454545455,19,1.0,0.0026388749935325573,3203.8446213883326
18,247,0.045454545454545456,1,0.045454545454545456,1.3852272373200817e-05,3281.3782627089913
18,248,1.8636363636363635,10,0.6363636363636364,0.0005981704545609483,3115.5607058597634
18,249,6.909090909090909,24,1.0,0.0021316704369382933,3241.162793914053
18,250,10.227272727272727,18,1.0,0.00319514771531844,3200.8763407839624
18,251,1.4090909090909092,5,0.7727272727272727,0.0004340795448198068,3246.1582811414087
18,252,0.0,0,0.0,0.0,0.0
18,253,3.8181818181818183,8,0.9545454545454546,0.0012162613632178611,3139.2774066916504
18,254,1.4545454545454546,4,0.6818181818181818,0.0004486477251206948,3242.065819355607
18,255,0.45454545454545453,2,0.3181818181818182,0.00015524999815335667,2927.8290496110176
19,0,0.045454545454545456,1,0.045454545454545456,1.3193181737072088e-05,3445.305792068397
19,1,7.045454545454546,18,1.0,0.002162852288827046,3257.4829921813216
19,2,0.5,2,0.36363636363636365,0.00015384090842086482,3250.1108133874422
19,3,0.0,0,0.0,0.0,0.0
19,4,12.5,31,1.0,0.0037784204905619845,3308.260695500518
19,5,69.36363636363636,129,1.0,0.0211073183322283,3286.2363314872905
19,6,5.0,14,0.8636363636363636,0.0015208749986909838,3287.58116498956
19,7,4.863636363636363,13,0.8636363636363636,0.0014948068194578148,3253.6889050322
19,8,0.0,0,0.0,0.0,0.0
19,9,1.8181818181818181,4,0.7727272727272727,0.0005627045479327949,3231.148255085665
19,10,34.13636363636363,73,1.0,0.010257284180790355,3328.011882550116
19,11,1.6363636363636365,5,0.7272727272727273,0.000488136369809085,3352.2673940555474
19,12,0.4090909090909091,1,0.4090909090909091,0.0001286931828045371,3178.807922656231
19,13,2.772727272727273,11,0.8636363636363636,0.0008117500057613307,3415.7403794863726
19,14,0.045454545454545456,1,0.045454545454545456,1.3193181737072088e-05,3445.305792068397
19,15,28.545454545454547,63,1.0,0.008607136424292217,3316.486824222947
19,16,1.0,5,0.6363636363636364,0.00029348863939627665,3407.2869125600864
19,17,8.409090909090908,21,1.0,0.002548931829303249,3299.064656189544
19,18,7.7272727272727275,27,1.0,0.0023937386471185496,3228.1187992575515
19,19,22.863636363636363,44,1.0,0.007071886411391792,3233.0321831536116
19,20,4.136363636363637,9,1.0,0.001272000012580644,3251.8581725260747
19,21,4.954545454545454,16,1.0,0.0014750681875739247,3358.858591272515
19,22,0.045454545454545456,1,0.045454545454545456,1.368181785272265e-05,3322.2592161245666
19,23,55.68181818181818,101,1.0,0.01682270467625296,3309.9206847766277
19,24,0.0,0,0.0,0.0,0.0
19,25,1.6363636363636365,6,0.8181818181818182,0.0004992159123172645,3277.8675438608325
19,26,7.7727272727272725,17,1.0,0.0023395227300087836,3322.355954497647
19,27,2.6818181818181817,6,0.9545454545454546,0.0008226477326719429,3259.983678685519
19,28,0.0,0,0.0,0.0,0.0
19,29,3.3636363636363638,7,0.9545454545454546,0.0010366363699590279,3244.7601310470213
19,30,5.045454545454546,8,1.0,0.0015138750088887966,3332.8078710791146
19,31,36.5,58,1.0,0.01099979553757955,3318.2434960088035
19,32,8.318181818181818,20,1.0,0.002499852288482626,3327.4693294901967
19,33,38.0,62,1.0,0.011563022773109631,3286.3379019170347
19,34,0.045454545454545456,1,0.045454545454545456,1.6886363896033302e-05,2691.7899989839125
19,35,4.363636363636363,12,1.0,0.0013057840961581942,3341.774782274354
19,36,1.6818181818181819,9,0.6363636363636364,0.0005052954564400187,3328.385720440023
19,37,51.63636363636363,81,1.0,0.015555806928949261,3319.4268784776878
19,38,15.454545454545455,41,1.0,0.004833920483096418,3197.103781203675
19,39,0.0,0,0.0,0.0,0.0
19,40,0.6363636363636364,6,0.3181818181818182,0.00021604545922441915,2945.508036355478
19,41,1.4090909090909092,5,0.6363636363636364,0.0004353750039378858,3236.4993312568345
19,42,1.9545454545454546,9,0.7727272727272727,0.000630886370675977,3098.09427718531
19,43,0.0,0,0.0,0.0,0.0
19,44,1.7727272727272727,8,0.7272727272727273,0.0005342613651671193,3318.089961778831
19,45,2.227272727272727,8,0.7272727272727273,0.0006538749995260415,3406.266838290432
19,46,0.0,0,0.0,0.0,0.0
19,47,0.22727272727272727,1,0.22727272727272727,7.627272729719566e-05,2979.737782119186
19,48,89.5909090909091,134,1.0,0.027030034255321054,3314.4948409849862
19,49,0.045454545454545456,1,0.045454545454545456,1.3102273276837712e-05,3469.210609039907
19,50,0.6818181818181818,3,0.45454545454545453,0.0002107954589353705,3234.5012803488617
19,51,19.681818181818183,65,1.0,0.005912977293271318,3328.580037710468
19,52,0.0,0,0.0,0.0,0.0
19,53,0.18181818181818182,2,0.13636363636363635,6.140909152401781e-05,2960.7697705000346
19,54,0.18181818181818182,1,0.18181818181818182,6.047727286138318e-05,3006.3885690566412
19,55,0.22727272727272727,1,0.22727272727272727,6.80227279768918e-05,3341.1292671169367
19,56,0.09090909090909091,1,0.09090909090909091,2.6761363683776423e-05,3397.027594830784
19,57,3.3181818181818183,8,0.9545454545454546,0.0010157613671088422,3266.6942508616435
19,58,1.6818181818181819,5,0.7727272727272727,0.0005162840971024707,3257.5440368142486
19,59,7.545454545454546,13,1.0,0.0022964318288193845,3285.729822571624
19,60,0.0,0,0.0,0.0,0.0
19,61,2.590909090909091,8,0.9090909090909091,0.0007866591000823643,3293.560184631207
19,62,0.2727272727272727,2,0.22727272727272727,8.023863748266277e-05,3398.951942400581
19,63,17.863636363636363,36,1.0,0.005344318212750791,3342.547290881041
19,64,0.13636363636363635,1,0.13636363636363635,4.143181881359355e-05,3291.2780628133128
19,65,22.363636363636363,50,1.0,0.006812181891291402,3282.8889070366313
19,66,1.7272727272727273,11,0.6363636363636364,0.0005667840900555761,3047.496846821087
19,67,3.227272727272727,9,0.8636363636363636,0.0010067840908463536,3205.5261466832662
19,68,10.818181818181818,39,1.0,0.0034124091286106373,3170.2475906183154
19,69,0.36363636363636365,2,0.3181818181818182,0.00010848863695917481,3351.8382554036793
19,70,3.0,10,0.7727272727272727,0.0009017613655570048,3326.822499372596
19,71,416.3181818181818,487,1.0,0.1269294211074752,3279.9186995871655
19,72,35.59090909090909,81,1.0,0.010819500063503669,3289.515123805427
19,73,26.727272727272727,38,1.0,0.008125511405523866,3289.303453454395
19,74,2.909090909090909,9,0.8181818181818182,0.000919318187780763,3164.400473913677
19,75,2.6363636363636362,7,0.9090909090909091,0.0008276477323802696,3185.369249767167
19,76,6.409090909090909,13,1.0,0.0019482613715808839,3289.646349601625
19,77,85.5,148,1.0,0.02610228433993391,3275.5753820823056
19,78,0.18181818181818182,1,0.18181818181818182,5.636363692412322e-05,3225.8064195350917
19,79,6.318181818181818,13,1.0,0.001914784105875614,3299.6836556111734
19,80,0.09090909090909091,1,0.09090909090909091,2.9750000315041028e-05,3055.767729290713
19,81,0.0,0,0.0,0.0,0.0
19,82,0.8181818181818182,3,0.5909090909090909,0.0002514659096381034,3253.6490507174617
19,83,0.6818181818181818,3,0.45454545454545453,0.00020989772747270763,3248.3352251006936
19,84,52.18181818181818,80,1.0,0.015996659160009585,3262.04475946257
19,85,0.0,0,0.0,0.0,0.0
19,86,1.8636363636363635,6,0.7272727272727273,0.0005597840949617835,3329.2056355470304
19,87,0.3181818181818182,2,0.22727272727272727,0.00010112500140993771,3146.420902304679
19,88,86.95454545454545,162,1.0,0.026103261548665945,3331.175504349548
19,89,0.3181818181818182,2,0.18181818181818182,9.784090930638327e-05,3252.0325131632803
19,90,0.2727272727272727,2,0.22727272727272727,8.438636326569726e-05,3231.8879754133845
19,91,4.863636363636363,10,0.9545454545454546,0.001483750011009926,3277.935182845182
19,92,1.9090909090909092,6,0.7272727272727273,0.0005965340943393213,3200.3047725298625
19,93,4.5,9,1.0,0.0013752386479278687,3272.159349782922
19,94,0.2727272727272727,1,0.2727272727272727,8.234091034286062e-05,3312.1721825962245
19,95,6.7727272727272725,15,0.9545454545454546,0.0020532386446244677,3298.5582511116177
19,96,2.772727272727273,11,0.9545454545454546,0.0008768295533214273,3162.2192274703693
19,97,0.0,0,0.0,0.0,0.0
19,98,17.318181818181817,30,1.0,0.005328965942184864,3249.8203227550375
19,99,51.04545454545455,99,1.0,0.015223147831751372,3353.1471355081717
19,100,0.7727272727272727,3,0.5454545454545454,0.00023877272773957387,3236.245948365073
19,101,2.909090909090909,6,1.0,0.0008881590977332301,3275.416438919023
19,102,0.4090909090909091,2,0.36363636363636365,0.0001219204555540769,3355.391900659852
19,103,0.0,0,0.0,0.0,0.0
19,104,0.09090909090909091,1,0.09090909090909091,2.8738636915063992e-05,3163.3055937123763
19,105,0.13636363636363635,2,0.09090909090909091,4.403409151233394e-05,3096.7741511242702
19,106,1.0909090909090908,6,0.45454545454545453,0.0003455000008795072,3157.47927100453
19,107,10.818181818181818,24,1.0,0.0033174432001859796,3260.9998620550123
19,108,0.0,0,0.0,0.0,0.0
19,109,4.409090909090909,12,1.0,0.001301363646317358,3388.054462384823
19,110,0.13636363636363635,1,0.13636363636363635,4.218181923285804e-05,3232.758540139356
19,111,1.2272727272727273,6,0.5909090909090909,0.0003727500046476383,3292.4821246692454
19,112,1.6818181818181819,4,0.8181818181818182,0.0005110340954905206,3291.009732342563
19,113,34.09090909090909,93,1.0,0.010204238717878152,3340.8576605700855
19,114,3.727272727272727,10,0.8636363636363636,0.0011727613693272526,3178.2021686226367
19,115,2.0,4,0.9545454545454546,0.0006134772755269131,3260.1044566519736
19,116,75.27272727272727,138,1.0,0.023040443240791898,3266.982604720939
19,117,1.3636363636363635,7,0.4090909090909091,0.00041636364502747625,3275.1091021560633
19,118,98.68181818181819,190,1.0,0.030243534201872535,3262.9062967021982
19,119,5.863636363636363,20,0.9545454545454546,0.0018131022820439698,3234.035068901956
19,120,85.0909090909091,119,1.0,0.025796295650335112,3298.5708585567286
19,121,35.90909090909091,66,1.0,0.011004727343044413,3263.0604820743156
19,122,0.13636363636363635,1,0.13636363636363635,4.614772677252238e-05,2954.9372396135227
19,123,15.0,44,1.0,0.00450629546619232,3328.6765398618068
19,124,1.5909090909090908,4,0.8636363636363636,0.0004868750005367805,3267.5924809347594
19,125,152.04545454545453,235,1.0,0.046173738929527725,3292.898908999174
19,126,62.22727272727273,91,1.0,0.01883576148115522,3303.6770395255744
19,127,4.454545454545454,15,1.0,0.0013646022773834623,3264.3544044838914
19,128,0.0,0,0.0,0.0,0.0
19,129,1.0909090909090908,3,0.6363636363636364,0.0003295113631545312,3310.6873173216986
19,130,6.090909090909091,13,1.0,0.0018788863738088614,3241.7655350608857
19,131,0.045454545454545456,1,0.045454545454545456,1.6886363896033302e-05,2691.7899989839125
19,132,0.5,3,0.3181818181818182,0.00015403409038712695,3246.034684551793
19,133,4.545454545454546,14,0.9090909090909091,0.0013981022797948258,3251.160241382054
19,134,6.636363636363637,19,0.9545454545454546,0.002047295465176417,3241.527053249139
19,135,6.045454545454546,26,1.0,0.0017918636493215506,3373.836255757252
19,136,3.5454545454545454,8,0.9545454545454546,0.0010670113723873246,3322.789838239463
19,137,4.2272727272727275,13,0.9545454545454546,0.0012799204639370807,3302.7620437206597
19,138,0.0,0,0.0,0.0,0.0
19,139,368.0,451,1.0,0.11075554621030195,3322.6327041107616
19,140,0.0,0,0.0,0.0,0.0
19,141,1.1363636363636365,5,0.5454545454545454,0.00035567045613954014,3194.9902409600395
19,142,5.863636363636363,14,1.0,0.0018112045522271233,3237.423601009738
19,143,0.09090909090909091,1,0.09090909090909091,2.689772703557868e-05,3379.8056909731404
19,144,1.0454545454545454,4,0.5,0.00032245454812337727,3242.176460338015
19,145,0.045454545454545456,1,0.045454545454545456,1.529545459726995e-05,2971.768192012975
19,146,5.0,15,0.9545454545454546,0.0015436136468038471,3239.1524980054605
19,147,6.090909090909091,12,1.0,0.0018859204653629356,3229.6744230605327
19,148,1.0454545454545454,6,0.6818181818181818,0.0003120454586513171,3350.3277053704774
19,149,0.4090909090909091,2,0.3181818181818182,0.00012897727323103356,3171.806155012406
19,150,16.772727272727273,28,1.0,0.005095886380083605,3291.424890923901
19,151,0.0,0,0.0,0.0,0.0
19,152,1.9545454545454546,11,0.6818181818181818,0.0005935340979538688,3293.06346726076
19,153,0.09090909090909091,1,0.09090909090909091,2.628409129101783e-05,3458.7115796602657
19,154,0.4090909090909091,2,0.3181818181818182,0.00012509091042871162,3270.3488022340916
19,155,0.6818181818181818,3,0.5454545454545454,0.00020803409147033975,3277.434852140046
19,156,0.2727272727272727,3,0.13636363636363635,8.210227216212925e-05,3321.7993308237787
19,157,0.6818181818181818,3,0.36363636363636365,0.00020997727353295142,3247.1046525479583
19,158,13.727272727272727,24,1.0,0.004162863656264645,3297.5552073666195
19,159,28.59090909090909,56,1.0,0.008601227329398336,3324.049928687218
19,160,0.0,0,0.0,0.0,0.0
19,161,2.5,6,0.8636363636363636,0.0007776363689283079,3214.8702142691077
19,162,0.36363636363636365,2,0.2727272727272727,0.00010814772791821848,3362.4040988761794
19,163,24.0,48,1.0,0.007148045496168462,3357.561170093926
19,164,9.454545454545455,17,1.0,0.0028835227382263506,3278.8177215349197
19,165,0.045454545454545456,1,0.045454545454545456,1.5795454435812477e-05,2877.69786170178
19,166,0.45454545454545453,2,0.36363636363636365,0.00013815908989107066,3290.0148293089774
19,167,0.09090909090909091,1,0.09090909090909091,3.01136368017813e-05,3018.8678806046237
19,168,5.863636363636363,13,0.9545454545454546,0.0018178295510799878,3225.624954854941
19,169,0.0,0,0.0,0.0,0.0
19,170,0.045454545454545456,1,0.045454545454545456,1.3045454662377862e-05,3484.3205262621505
19,171,0.0,0,0.0,0.0,0.0
19,172,1.3181818181818181,5,0.7727272727272727,0.0003969318217555569,3320.927539524901
19,173,0.6363636363636364,3,0.45454545454545453,0.00020534091031136498,3099.0591957476854
19,174,0.45454545454545453,3,0.36363636363636365,0.00014862500194629484,3058.3377533593107
19,175,1.2272727272727273,3,0.6818181818181818,0.0003711250015343963,3306.898544152602
19,176,0.045454545454545456,1,0.045454545454545456,1.3556818223812364e-05,3352.8918588511556
19,177,2.090909090909091,9,0.6818181818181818,0.0006477954554032873,3227.7304100680794
19,178,1.6363636363636365,6,0.8181818181818182,0.0004955454576040872,3302.146374775164
19,179,0.45454545454545453,2,0.36363636363636365,0.00013710227292242715,3315.3750470835566
19,180,3.1363636363636362,9,0.9090909090909091,0.0009527272724715823,3291.9847337079214
19,181,4.545454545454546,11,1.0,0.0014063522830838338,3232.0881475637975
19,182,0.2727272727272727,1,0.2727272727272727,8.865909264634617e-05,3076.134264256001
19,183,0.36363636363636365,2,0.22727272727272727,0.00010773863786281171,3375.1713484571583
19,184,12.772727272727273,27,1.0,0.003873306845145469,3297.6285596210155
19,185,0.4090909090909091,2,0.36363636363636365,0.00012545454559255052,3260.8695616303035
19,186,0.13636363636363635,1,0.13636363636363635,4.1329546630467206e-05,3299.4225071685682
19,187,0.5,3,0.36363636363636365,0.00015190909140404653,3291.4422394253165
19,188,3.227272727272727,8,0.8181818181818182,0.0009933068292659962,3249.018965929711
19,189,0.0,0,0.0,0.0,0.0
19,190,0.36363636363636365,3,0.22727272727272727,0.00011965909189629284,3038.9363471981146
19,191,0.0,0,0.0,0.0,0.0
19,192,17.136363636363637,29,1.0,0.005234397766550749,3273.798515250359
19,193,1.0,4,0.5454545454545454,0.0003001136382491413,3332.0711642229453
19,194,1.1363636363636365,4,0.5909090909090909,0.00034056818483143366,3336.6699738147495
19,195,1.7727272727272727,7,0.6818181818181818,0.0005495909135788679,3225.539631256806
19,196,26.954545454545453,46,1.0,0.008171750064568849,3298.5034101098154
19,197,0.0,0,0.0,0.0,0.0
19,198,233.0909090909091,318,1.0,0.07113746635679324,3276.626523663788
19,199,4.454545454545454,11,1.0,0.0013330340999263253,3341.6590429244457
19,200,1.0454545454545454,4,0.7272727272727273,0.00032045455009210855,3262.411300304675
19,201,3.4545454545454546,13,0.8636363636363636,0.0010623295582428743,3251.85854779319
19,202,29.818181818181817,68,1.0,0.009223727305652574,3232.769229843596
19,203,0.4090909090909091,4,0.22727272727272727,0.00012848863446958023,3183.8684470396615
19,204,0.0,0,0.0,0.0,0.0
19,205,4.045454545454546,12,0.7727272727272727,0.0012654318244048309,3196.896480264545
19,206,4.5,10,1.0,0.0013802045524988155,3260.386289737196
19,207,1.4545454545454546,3,0.7727272727272727,0.0004387272730871866,3315.3750490829375
19,208,0.13636363636363635,1,0.13636363636363635,4.295454577500509e-05,3174.603150919251
19,209,248.8181818181818,341,1.0,0.07593027310345364,3276.9298943409763
19,210,0.0,0,0.0,0.0,0.0
19,211,86.0909090909091,166,1.0,0.02613310241907708,3294.3240993867994
19,212,6.409090909090909,15,1.0,0.0019650340956021946,3261.567279384438
19,213,122.68181818181819,188,1.0,0.03736746610428037,3283.118471010407
19,214,7.7272727272727275,17,1.0,0.0023693295595214954,3261.3752258395452
19,215,3.8181818181818183,9,0.9545454545454546,0.0011775795455006037,3242.3982165541624
19,216,36.0,54,1.0,0.010978772783842445,3279.055019062013
19,217,4.090909090909091,13,0.9545454545454546,0.0012684318300505931,3225.1706351029675
19,218,4.136363636363637,10,1.0,0.0012683636450674385,3261.1811702815776
19,219,198.0909090909091,247,1.0,0.060232466290472075,3288.7730038416885
19,220,0.8636363636363636,3,0.5454545454545454,0.00026210227224510163,3295.035774542027
19,221,1.4090909090909092,6,0.6363636363636364,0.0004166818186852404,3381.695206997573
19,222,44.18181818181818,64,1.0,0.013443784188976597,3286.4123345602075
19,223,65.9090909090909,124,1.0,0.020347636439096692,3239.152178994646
19,224,0.6818181818181818,4,0.36363636363636365,0.0002056136383378709,3316.016327174739
19,225,0.36363636363636365,2,0.2727272727272727,0.00011403409139761193,3188.8390496175675
19,226,0.5909090909090909,8,0.18181818181818182,0.000202647731798193,2915.9422889447806
19,227,1.1363636363636365,6,0.4090909090909091,0.00036944318377539855,3075.881992870882
19,228,3.9545454545454546,11,0.9545454545454546,0.0012147159127793698,3255.531118792319
19,229,17.59090909090909,24,1.0,0.005337579583283514,3295.6715335919557
19,230,0.045454545454545456,1,0.045454545454545456,1.5954545233398676e-05,2849.0028884930252
19,231,0.45454545454545453,3,0.2727272727272727,0.00013438636431766844,3382.377794453758
19,232,4.5,16,1.0,0.0013622727353570306,3303.303283700103
19,233,0.22727272727272727,1,0.22727272727272727,7.23977268948643e-05,3139.224627905401
19,234,0.09090909090909091,1,0.09090909090909091,3.009090935599736e-05,3021.1480096387313
19,235,0.045454545454545456,1,0.045454545454545456,1.3443182317794047e-05,3381.234024802269
19,236,113.5,159,1.0,0.03428680713113863,3310.3111516301396
19,237,4.636363636363637,13,0.9090909090909091,0.0014499431986636905,3197.617424349204
19,238,76.5,120,1.0,0.023033761538416995,3321.2117730926852
19,239,0.045454545454545456,1,0.045454545454545456,1.320454545996406e-05,3442.3407903257867
19,240,0.5454545454545454,5,0.2727272727272727,0.00018430682063229722,2959.49191453288
19,241,19.227272727272727,33,1.0,0.0058801704925082795,3269.8495310245726
19,242,9.590909090909092,17,1.0,0.0029241250158520415,3279.9244351440493
19,243,0.13636363636363635,1,0.13636363636363635,4.160227333407172e-05,3277.7929049361906
19,244,0.6363636363636364,4,0.4090909090909091,0.0001951931811742146,3260.1734985591866
19,245,0.0,0,0.0,0.0,0.0
19,246,2.909090909090909,6,0.9545454545454546,0.0008666931879071689,3356.540641695341
19,247,0.0,0,0.0,0.0,0.0
19,248,3.3636363636363638,12,0.9090909090909091,0.0010234431855761532,3286.58826502693
19,249,1.1363636363636365,5,0.6818181818181818,0.000352102276255292,3227.368048991865
19,250,0.5454545454545454,2,0.45454545454545453,0.00016629545610736716,3280.0327695206392
19,251,3.0,7,1.0,0.0009216818236216733,3254.919347559384
19,252,11.227272727272727,22,1.0,0.003421920470745218,3280.985874235609
19,253,1.6363636363636365,4,0.7272727272727273,0.00049411363910291,3311.7151741339158
19,254,34.72727272727273,56,1.0,0.010482670514399862,3312.826886962485
19,255,0.7727272727272727,3,0.5454545454545454,0.00023759091114202008,3252.3435724583533
