layer_id,expert_id,avg_assignments,max_assignments,nonzero_call_ratio,est_avg_moe_ms_share,est_tokens_per_ms
1,0,0.0,0,0.0,0.0,0.0
1,1,0.0,0,0.0,0.0,0.0
1,2,5.0,5,1.0,0.009820000268518925,509.16495552745147
1,3,0.0,0,0.0,0.0,0.0
1,4,0.0,0,0.0,0.0,0.0
1,5,3.0,3,1.0,0.005892000161111355,509.16495552745147
1,6,4.0,4,1.0,0.00785600021481514,509.16495552745147
1,7,0.0,0,0.0,0.0,0.0
1,8,1.0,1,1.0,0.001964000053703785,509.16495552745147
1,9,1.0,1,1.0,0.001964000053703785,509.16495552745147
1,10,0.0,0,0.0,0.0,0.0
1,11,5.0,5,1.0,0.009820000268518925,509.16495552745147
1,12,4.0,4,1.0,0.00785600021481514,509.16495552745147
1,13,11.0,11,1.0,0.021604000590741634,509.16495552745147
1,14,1.0,1,1.0,0.001964000053703785,509.16495552745147
1,15,4.0,4,1.0,0.00785600021481514,509.16495552745147
1,16,2.0,2,1.0,0.00392800010740757,509.16495552745147
1,17,0.0,0,0.0,0.0,0.0
1,18,3.0,3,1.0,0.005892000161111355,509.16495552745147
1,19,0.0,0,0.0,0.0,0.0
1,20,4.0,4,1.0,0.00785600021481514,509.16495552745147
1,21,2.0,2,1.0,0.00392800010740757,509.16495552745147
1,22,0.0,0,0.0,0.0,0.0
1,23,2.0,2,1.0,0.00392800010740757,509.16495552745147
1,24,1.0,1,1.0,0.001964000053703785,509.16495552745147
1,25,1.0,1,1.0,0.001964000053703785,509.16495552745147
1,26,0.0,0,0.0,0.0,0.0
1,27,1.0,1,1.0,0.001964000053703785,509.16495552745147
1,28,4.0,4,1.0,0.00785600021481514,509.16495552745147
1,29,5.0,5,1.0,0.009820000268518925,509.16495552745147
1,30,1.0,1,1.0,0.001964000053703785,509.16495552745147
1,31,0.0,0,0.0,0.0,0.0
1,32,3.0,3,1.0,0.005892000161111355,509.16495552745147
1,33,0.0,0,0.0,0.0,0.0
1,34,0.0,0,0.0,0.0,0.0
1,35,2.0,2,1.0,0.00392800010740757,509.16495552745147
1,36,1.0,1,1.0,0.001964000053703785,509.16495552745147
1,37,0.0,0,0.0,0.0,0.0
1,38,1.0,1,1.0,0.001964000053703785,509.16495552745147
1,39,0.0,0,0.0,0.0,0.0
1,40,0.0,0,0.0,0.0,0.0
1,41,1.0,1,1.0,0.001964000053703785,509.16495552745147
1,42,3.0,3,1.0,0.005892000161111355,509.16495552745147
1,43,5.0,5,1.0,0.009820000268518925,509.16495552745147
1,44,1.0,1,1.0,0.001964000053703785,509.16495552745147
1,45,1.0,1,1.0,0.001964000053703785,509.16495552745147
1,46,3.0,3,1.0,0.005892000161111355,509.16495552745147
1,47,3.0,3,1.0,0.005892000161111355,509.16495552745147
1,48,2.0,2,1.0,0.00392800010740757,509.16495552745147
1,49,2.0,2,1.0,0.00392800010740757,509.16495552745147
1,50,7.0,7,1.0,0.013748000375926495,509.16495552745147
1,51,29.0,29,1.0,0.05695600155740976,509.16495552745147
1,52,1.0,1,1.0,0.001964000053703785,509.16495552745147
1,53,0.0,0,0.0,0.0,0.0
1,54,0.0,0,0.0,0.0,0.0
1,55,1.0,1,1.0,0.001964000053703785,509.16495552745147
1,56,1.0,1,1.0,0.001964000053703785,509.16495552745147
1,57,3.0,3,1.0,0.005892000161111355,509.16495552745147
1,58,2.0,2,1.0,0.00392800010740757,509.16495552745147
1,59,2.0,2,1.0,0.00392800010740757,509.16495552745147
1,60,0.0,0,0.0,0.0,0.0
1,61,0.0,0,0.0,0.0,0.0
1,62,0.0,0,0.0,0.0,0.0
1,63,0.0,0,0.0,0.0,0.0
1,64,2.0,2,1.0,0.00392800010740757,509.16495552745147
1,65,1.0,1,1.0,0.001964000053703785,509.16495552745147
1,66,5.0,5,1.0,0.009820000268518925,509.16495552745147
1,67,0.0,0,0.0,0.0,0.0
1,68,1.0,1,1.0,0.001964000053703785,509.16495552745147
1,69,1.0,1,1.0,0.001964000053703785,509.16495552745147
1,70,3.0,3,1.0,0.005892000161111355,509.16495552745147
1,71,2.0,2,1.0,0.00392800010740757,509.16495552745147
1,72,14.0,14,1.0,0.02749600075185299,509.16495552745147
1,73,2.0,2,1.0,0.00392800010740757,509.16495552745147
1,74,12.0,12,1.0,0.02356800064444542,509.16495552745147
1,75,1.0,1,1.0,0.001964000053703785,509.16495552745147
1,76,2.0,2,1.0,0.00392800010740757,509.16495552745147
1,77,1.0,1,1.0,0.001964000053703785,509.16495552745147
1,78,0.0,0,0.0,0.0,0.0
1,79,0.0,0,0.0,0.0,0.0
1,80,1.0,1,1.0,0.001964000053703785,509.16495552745147
1,81,5.0,5,1.0,0.009820000268518925,509.16495552745147
1,82,2.0,2,1.0,0.00392800010740757,509.16495552745147
1,83,0.0,0,0.0,0.0,0.0
1,84,3.0,3,1.0,0.005892000161111355,509.16495552745147
1,85,2.0,2,1.0,0.00392800010740757,509.16495552745147
1,86,0.0,0,0.0,0.0,0.0
1,87,0.0,0,0.0,0.0,0.0
1,88,1.0,1,1.0,0.001964000053703785,509.16495552745147
1,89,0.0,0,0.0,0.0,0.0
1,90,3.0,3,1.0,0.005892000161111355,509.16495552745147
1,91,0.0,0,0.0,0.0,0.0
1,92,0.0,0,0.0,0.0,0.0
1,93,14.0,14,1.0,0.02749600075185299,509.16495552745147
1,94,2.0,2,1.0,0.00392800010740757,509.16495552745147
1,95,0.0,0,0.0,0.0,0.0
1,96,0.0,0,0.0,0.0,0.0
1,97,5.0,5,1.0,0.009820000268518925,509.16495552745147
1,98,0.0,0,0.0,0.0,0.0
1,99,1.0,1,1.0,0.001964000053703785,509.16495552745147
1,100,1.0,1,1.0,0.001964000053703785,509.16495552745147
1,101,0.0,0,0.0,0.0,0.0
1,102,6.0,6,1.0,0.01178400032222271,509.16495552745147
1,103,3.0,3,1.0,0.005892000161111355,509.16495552745147
1,104,4.0,4,1.0,0.00785600021481514,509.16495552745147
1,105,1.0,1,1.0,0.001964000053703785,509.16495552745147
1,106,0.0,0,0.0,0.0,0.0
1,107,4.0,4,1.0,0.00785600021481514,509.16495552745147
1,108,7.0,7,1.0,0.013748000375926495,509.16495552745147
1,109,0.0,0,0.0,0.0,0.0
1,110,5.0,5,1.0,0.009820000268518925,509.16495552745147
1,111,9.0,9,1.0,0.017676000483334064,509.16495552745147
1,112,4.0,4,1.0,0.00785600021481514,509.16495552745147
1,113,0.0,0,0.0,0.0,0.0
1,114,8.0,8,1.0,0.01571200042963028,509.16495552745147
1,115,1.0,1,1.0,0.001964000053703785,509.16495552745147
1,116,1.0,1,1.0,0.001964000053703785,509.16495552745147
1,117,1.0,1,1.0,0.001964000053703785,509.16495552745147
1,118,4.0,4,1.0,0.00785600021481514,509.16495552745147
1,119,7.0,7,1.0,0.013748000375926495,509.16495552745147
1,120,8.0,8,1.0,0.01571200042963028,509.16495552745147
1,121,2.0,2,1.0,0.00392800010740757,509.16495552745147
1,122,1.0,1,1.0,0.001964000053703785,509.16495552745147
1,123,0.0,0,0.0,0.0,0.0
1,124,0.0,0,0.0,0.0,0.0
1,125,6.0,6,1.0,0.01178400032222271,509.16495552745147
1,126,4.0,4,1.0,0.00785600021481514,509.16495552745147
1,127,1.0,1,1.0,0.001964000053703785,509.16495552745147
1,128,0.0,0,0.0,0.0,0.0
1,129,0.0,0,0.0,0.0,0.0
1,130,2.0,2,1.0,0.00392800010740757,509.16495552745147
1,131,2.0,2,1.0,0.00392800010740757,509.16495552745147
1,132,1.0,1,1.0,0.001964000053703785,509.16495552745147
1,133,2.0,2,1.0,0.00392800010740757,509.16495552745147
1,134,0.0,0,0.0,0.0,0.0
1,135,1.0,1,1.0,0.001964000053703785,509.16495552745147
1,136,3.0,3,1.0,0.005892000161111355,509.16495552745147
1,137,1.0,1,1.0,0.001964000053703785,509.16495552745147
1,138,1.0,1,1.0,0.001964000053703785,509.16495552745147
1,139,3.0,3,1.0,0.005892000161111355,509.16495552745147
1,140,1.0,1,1.0,0.001964000053703785,509.16495552745147
1,141,0.0,0,0.0,0.0,0.0
1,142,1.0,1,1.0,0.001964000053703785,509.16495552745147
1,143,0.0,0,0.0,0.0,0.0
1,144,1.0,1,1.0,0.001964000053703785,509.16495552745147
1,145,3.0,3,1.0,0.005892000161111355,509.16495552745147
1,146,1.0,1,1.0,0.001964000053703785,509.16495552745147
1,147,1.0,1,1.0,0.001964000053703785,509.16495552745147
1,148,0.0,0,0.0,0.0,0.0
1,149,0.0,0,0.0,0.0,0.0
1,150,0.0,0,0.0,0.0,0.0
1,151,0.0,0,0.0,0.0,0.0
1,152,2.0,2,1.0,0.00392800010740757,509.16495552745147
1,153,2.0,2,1.0,0.00392800010740757,509.16495552745147
1,154,0.0,0,0.0,0.0,0.0
1,155,0.0,0,0.0,0.0,0.0
1,156,3.0,3,1.0,0.005892000161111355,509.16495552745147
1,157,0.0,0,0.0,0.0,0.0
1,158,0.0,0,0.0,0.0,0.0
1,159,1.0,1,1.0,0.001964000053703785,509.16495552745147
1,160,0.0,0,0.0,0.0,0.0
1,161,0.0,0,0.0,0.0,0.0
1,162,0.0,0,0.0,0.0,0.0
1,163,2.0,2,1.0,0.00392800010740757,509.16495552745147
1,164,0.0,0,0.0,0.0,0.0
1,165,1.0,1,1.0,0.001964000053703785,509.16495552745147
1,166,0.0,0,0.0,0.0,0.0
1,167,7.0,7,1.0,0.013748000375926495,509.16495552745147
1,168,0.0,0,0.0,0.0,0.0
1,169,0.0,0,0.0,0.0,0.0
1,170,0.0,0,0.0,0.0,0.0
1,171,0.0,0,0.0,0.0,0.0
1,172,4.0,4,1.0,0.00785600021481514,509.16495552745147
1,173,0.0,0,0.0,0.0,0.0
1,174,0.0,0,0.0,0.0,0.0
1,175,44.0,44,1.0,0.08641600236296654,509.16495552745147
1,176,2.0,2,1.0,0.00392800010740757,509.16495552745147
1,177,10.0,10,1.0,0.01964000053703785,509.16495552745147
1,178,2.0,2,1.0,0.00392800010740757,509.16495552745147
1,179,1.0,1,1.0,0.001964000053703785,509.16495552745147
1,180,1.0,1,1.0,0.001964000053703785,509.16495552745147
1,181,3.0,3,1.0,0.005892000161111355,509.16495552745147
1,182,0.0,0,0.0,0.0,0.0
1,183,1.0,1,1.0,0.001964000053703785,509.16495552745147
1,184,1.0,1,1.0,0.001964000053703785,509.16495552745147
1,185,1.0,1,1.0,0.001964000053703785,509.16495552745147
1,186,0.0,0,0.0,0.0,0.0
1,187,0.0,0,0.0,0.0,0.0
1,188,3.0,3,1.0,0.005892000161111355,509.16495552745147
1,189,0.0,0,0.0,0.0,0.0
1,190,1.0,1,1.0,0.001964000053703785,509.16495552745147
1,191,3.0,3,1.0,0.005892000161111355,509.16495552745147
1,192,0.0,0,0.0,0.0,0.0
1,193,1.0,1,1.0,0.001964000053703785,509.16495552745147
1,194,2.0,2,1.0,0.00392800010740757,509.16495552745147
1,195,0.0,0,0.0,0.0,0.0
1,196,1.0,1,1.0,0.001964000053703785,509.16495552745147
1,197,2.0,2,1.0,0.00392800010740757,509.16495552745147
1,198,0.0,0,0.0,0.0,0.0
1,199,0.0,0,0.0,0.0,0.0
1,200,0.0,0,0.0,0.0,0.0
1,201,0.0,0,0.0,0.0,0.0
1,202,0.0,0,0.0,0.0,0.0
1,203,0.0,0,0.0,0.0,0.0
1,204,1.0,1,1.0,0.001964000053703785,509.16495552745147
1,205,1.0,1,1.0,0.001964000053703785,509.16495552745147
1,206,0.0,0,0.0,0.0,0.0
1,207,2.0,2,1.0,0.00392800010740757,509.16495552745147
1,208,0.0,0,0.0,0.0,0.0
1,209,0.0,0,0.0,0.0,0.0
1,210,1.0,1,1.0,0.001964000053703785,509.16495552745147
1,211,1.0,1,1.0,0.001964000053703785,509.16495552745147
1,212,0.0,0,0.0,0.0,0.0
1,213,0.0,0,0.0,0.0,0.0
1,214,2.0,2,1.0,0.00392800010740757,509.16495552745147
1,215,1.0,1,1.0,0.001964000053703785,509.16495552745147
1,216,0.0,0,0.0,0.0,0.0
1,217,1.0,1,1.0,0.001964000053703785,509.16495552745147
1,218,2.0,2,1.0,0.00392800010740757,509.16495552745147
1,219,1.0,1,1.0,0.001964000053703785,509.16495552745147
1,220,0.0,0,0.0,0.0,0.0
1,221,0.0,0,0.0,0.0,0.0
1,222,1.0,1,1.0,0.001964000053703785,509.16495552745147
1,223,0.0,0,0.0,0.0,0.0
1,224,5.0,5,1.0,0.009820000268518925,509.16495552745147
1,225,3.0,3,1.0,0.005892000161111355,509.16495552745147
1,226,1.0,1,1.0,0.001964000053703785,509.16495552745147
1,227,0.0,0,0.0,0.0,0.0
1,228,0.0,0,0.0,0.0,0.0
1,229,2.0,2,1.0,0.00392800010740757,509.16495552745147
1,230,4.0,4,1.0,0.00785600021481514,509.16495552745147
1,231,1.0,1,1.0,0.001964000053703785,509.16495552745147
1,232,3.0,3,1.0,0.005892000161111355,509.16495552745147
1,233,0.0,0,0.0,0.0,0.0
1,234,1.0,1,1.0,0.001964000053703785,509.16495552745147
1,235,1.0,1,1.0,0.001964000053703785,509.16495552745147
1,236,0.0,0,0.0,0.0,0.0
1,237,0.0,0,0.0,0.0,0.0
1,238,1.0,1,1.0,0.001964000053703785,509.16495552745147
1,239,0.0,0,0.0,0.0,0.0
1,240,2.0,2,1.0,0.00392800010740757,509.16495552745147
1,241,7.0,7,1.0,0.013748000375926495,509.16495552745147
1,242,1.0,1,1.0,0.001964000053703785,509.16495552745147
1,243,1.0,1,1.0,0.001964000053703785,509.16495552745147
1,244,4.0,4,1.0,0.00785600021481514,509.16495552745147
1,245,0.0,0,0.0,0.0,0.0
1,246,0.0,0,0.0,0.0,0.0
1,247,4.0,4,1.0,0.00785600021481514,509.16495552745147
1,248,2.0,2,1.0,0.00392800010740757,509.16495552745147
1,249,2.0,2,1.0,0.00392800010740757,509.16495552745147
1,250,0.0,0,0.0,0.0,0.0
1,251,1.0,1,1.0,0.001964000053703785,509.16495552745147
1,252,5.0,5,1.0,0.009820000268518925,509.16495552745147
1,253,6.0,6,1.0,0.01178400032222271,509.16495552745147
1,254,1.0,1,1.0,0.001964000053703785,509.16495552745147
1,255,2.0,2,1.0,0.00392800010740757,509.16495552745147
2,0,0.0,0,0.0,0.0,0.0
2,1,3.0,3,1.0,0.006174000212922692,485.9086324164279
2,2,0.0,0,0.0,0.0,0.0
2,3,0.0,0,0.0,0.0,0.0
2,4,14.0,14,1.0,0.02881200099363923,485.9086324164279
2,5,1.0,1,1.0,0.0020580000709742308,485.9086324164279
2,6,1.0,1,1.0,0.0020580000709742308,485.9086324164279
2,7,1.0,1,1.0,0.0020580000709742308,485.9086324164279
2,8,2.0,2,1.0,0.0041160001419484615,485.9086324164279
2,9,2.0,2,1.0,0.0041160001419484615,485.9086324164279
2,10,1.0,1,1.0,0.0020580000709742308,485.9086324164279
2,11,1.0,1,1.0,0.0020580000709742308,485.9086324164279
2,12,0.0,0,0.0,0.0,0.0
2,13,0.0,0,0.0,0.0,0.0
2,14,1.0,1,1.0,0.0020580000709742308,485.9086324164279
2,15,2.0,2,1.0,0.0041160001419484615,485.9086324164279
2,16,0.0,0,0.0,0.0,0.0
2,17,0.0,0,0.0,0.0,0.0
2,18,0.0,0,0.0,0.0,0.0
2,19,1.0,1,1.0,0.0020580000709742308,485.9086324164279
2,20,0.0,0,0.0,0.0,0.0
2,21,1.0,1,1.0,0.0020580000709742308,485.9086324164279
2,22,0.0,0,0.0,0.0,0.0
2,23,11.0,11,1.0,0.02263800078071654,485.9086324164279
2,24,6.0,6,1.0,0.012348000425845385,485.9086324164279
2,25,6.0,6,1.0,0.012348000425845385,485.9086324164279
2,26,3.0,3,1.0,0.006174000212922692,485.9086324164279
2,27,4.0,4,1.0,0.008232000283896923,485.9086324164279
2,28,0.0,0,0.0,0.0,0.0
2,29,0.0,0,0.0,0.0,0.0
2,30,0.0,0,0.0,0.0,0.0
2,31,0.0,0,0.0,0.0,0.0
2,32,11.0,11,1.0,0.02263800078071654,485.9086324164279
2,33,6.0,6,1.0,0.012348000425845385,485.9086324164279
2,34,2.0,2,1.0,0.0041160001419484615,485.9086324164279
2,35,0.0,0,0.0,0.0,0.0
2,36,0.0,0,0.0,0.0,0.0
2,37,4.0,4,1.0,0.008232000283896923,485.9086324164279
2,38,3.0,3,1.0,0.006174000212922692,485.9086324164279
2,39,4.0,4,1.0,0.008232000283896923,485.9086324164279
2,40,0.0,0,0.0,0.0,0.0
2,41,2.0,2,1.0,0.0041160001419484615,485.9086324164279
2,42,2.0,2,1.0,0.0041160001419484615,485.9086324164279
2,43,5.0,5,1.0,0.010290000354871154,485.9086324164279
2,44,5.0,5,1.0,0.010290000354871154,485.9086324164279
2,45,2.0,2,1.0,0.0041160001419484615,485.9086324164279
2,46,1.0,1,1.0,0.0020580000709742308,485.9086324164279
2,47,2.0,2,1.0,0.0041160001419484615,485.9086324164279
2,48,5.0,5,1.0,0.010290000354871154,485.9086324164279
2,49,0.0,0,0.0,0.0,0.0
2,50,1.0,1,1.0,0.0020580000709742308,485.9086324164279
2,51,8.0,8,1.0,0.016464000567793846,485.9086324164279
2,52,1.0,1,1.0,0.0020580000709742308,485.9086324164279
2,53,0.0,0,0.0,0.0,0.0
2,54,4.0,4,1.0,0.008232000283896923,485.9086324164279
2,55,3.0,3,1.0,0.006174000212922692,485.9086324164279
2,56,2.0,2,1.0,0.0041160001419484615,485.9086324164279
2,57,1.0,1,1.0,0.0020580000709742308,485.9086324164279
2,58,2.0,2,1.0,0.0041160001419484615,485.9086324164279
2,59,2.0,2,1.0,0.0041160001419484615,485.9086324164279
2,60,1.0,1,1.0,0.0020580000709742308,485.9086324164279
2,61,0.0,0,0.0,0.0,0.0
2,62,1.0,1,1.0,0.0020580000709742308,485.9086324164279
2,63,0.0,0,0.0,0.0,0.0
2,64,0.0,0,0.0,0.0,0.0
2,65,1.0,1,1.0,0.0020580000709742308,485.9086324164279
2,66,0.0,0,0.0,0.0,0.0
2,67,0.0,0,0.0,0.0,0.0
2,68,2.0,2,1.0,0.0041160001419484615,485.9086324164279
2,69,6.0,6,1.0,0.012348000425845385,485.9086324164279
2,70,2.0,2,1.0,0.0041160001419484615,485.9086324164279
2,71,3.0,3,1.0,0.006174000212922692,485.9086324164279
2,72,1.0,1,1.0,0.0020580000709742308,485.9086324164279
2,73,1.0,1,1.0,0.0020580000709742308,485.9086324164279
2,74,0.0,0,0.0,0.0,0.0
2,75,1.0,1,1.0,0.0020580000709742308,485.9086324164279
2,76,2.0,2,1.0,0.0041160001419484615,485.9086324164279
2,77,1.0,1,1.0,0.0020580000709742308,485.9086324164279
2,78,2.0,2,1.0,0.0041160001419484615,485.9086324164279
2,79,1.0,1,1.0,0.0020580000709742308,485.9086324164279
2,80,8.0,8,1.0,0.016464000567793846,485.9086324164279
2,81,9.0,9,1.0,0.018522000638768077,485.9086324164279
2,82,0.0,0,0.0,0.0,0.0
2,83,1.0,1,1.0,0.0020580000709742308,485.9086324164279
2,84,0.0,0,0.0,0.0,0.0
2,85,0.0,0,0.0,0.0,0.0
2,86,0.0,0,0.0,0.0,0.0
2,87,0.0,0,0.0,0.0,0.0
2,88,1.0,1,1.0,0.0020580000709742308,485.9086324164279
2,89,3.0,3,1.0,0.006174000212922692,485.9086324164279
2,90,0.0,0,0.0,0.0,0.0
2,91,0.0,0,0.0,0.0,0.0
2,92,0.0,0,0.0,0.0,0.0
2,93,2.0,2,1.0,0.0041160001419484615,485.9086324164279
2,94,2.0,2,1.0,0.0041160001419484615,485.9086324164279
2,95,12.0,12,1.0,0.02469600085169077,485.9086324164279
2,96,4.0,4,1.0,0.008232000283896923,485.9086324164279
2,97,0.0,0,0.0,0.0,0.0
2,98,1.0,1,1.0,0.0020580000709742308,485.9086324164279
2,99,2.0,2,1.0,0.0041160001419484615,485.9086324164279
2,100,0.0,0,0.0,0.0,0.0
2,101,1.0,1,1.0,0.0020580000709742308,485.9086324164279
2,102,1.0,1,1.0,0.0020580000709742308,485.9086324164279
2,103,2.0,2,1.0,0.0041160001419484615,485.9086324164279
2,104,1.0,1,1.0,0.0020580000709742308,485.9086324164279
2,105,0.0,0,0.0,0.0,0.0
2,106,2.0,2,1.0,0.0041160001419484615,485.9086324164279
2,107,2.0,2,1.0,0.0041160001419484615,485.9086324164279
2,108,4.0,4,1.0,0.008232000283896923,485.9086324164279
2,109,1.0,1,1.0,0.0020580000709742308,485.9086324164279
2,110,0.0,0,0.0,0.0,0.0
2,111,0.0,0,0.0,0.0,0.0
2,112,0.0,0,0.0,0.0,0.0
2,113,2.0,2,1.0,0.0041160001419484615,485.9086324164279
2,114,2.0,2,1.0,0.0041160001419484615,485.9086324164279
2,115,1.0,1,1.0,0.0020580000709742308,485.9086324164279
2,116,2.0,2,1.0,0.0041160001419484615,485.9086324164279
2,117,0.0,0,0.0,0.0,0.0
2,118,1.0,1,1.0,0.0020580000709742308,485.9086324164279
2,119,1.0,1,1.0,0.0020580000709742308,485.9086324164279
2,120,0.0,0,0.0,0.0,0.0
2,121,0.0,0,0.0,0.0,0.0
2,122,4.0,4,1.0,0.008232000283896923,485.9086324164279
2,123,1.0,1,1.0,0.0020580000709742308,485.9086324164279
2,124,3.0,3,1.0,0.006174000212922692,485.9086324164279
2,125,0.0,0,0.0,0.0,0.0
2,126,0.0,0,0.0,0.0,0.0
2,127,3.0,3,1.0,0.006174000212922692,485.9086324164279
2,128,1.0,1,1.0,0.0020580000709742308,485.9086324164279
2,129,3.0,3,1.0,0.006174000212922692,485.9086324164279
2,130,3.0,3,1.0,0.006174000212922692,485.9086324164279
2,131,0.0,0,0.0,0.0,0.0
2,132,0.0,0,0.0,0.0,0.0
2,133,1.0,1,1.0,0.0020580000709742308,485.9086324164279
2,134,2.0,2,1.0,0.0041160001419484615,485.9086324164279
2,135,0.0,0,0.0,0.0,0.0
2,136,0.0,0,0.0,0.0,0.0
2,137,1.0,1,1.0,0.0020580000709742308,485.9086324164279
2,138,2.0,2,1.0,0.0041160001419484615,485.9086324164279
2,139,0.0,0,0.0,0.0,0.0
2,140,0.0,0,0.0,0.0,0.0
2,141,3.0,3,1.0,0.006174000212922692,485.9086324164279
2,142,1.0,1,1.0,0.0020580000709742308,485.9086324164279
2,143,2.0,2,1.0,0.0041160001419484615,485.9086324164279
2,144,3.0,3,1.0,0.006174000212922692,485.9086324164279
2,145,1.0,1,1.0,0.0020580000709742308,485.9086324164279
2,146,1.0,1,1.0,0.0020580000709742308,485.9086324164279
2,147,2.0,2,1.0,0.0041160001419484615,485.9086324164279
2,148,7.0,7,1.0,0.014406000496819615,485.9086324164279
2,149,1.0,1,1.0,0.0020580000709742308,485.9086324164279
2,150,0.0,0,0.0,0.0,0.0
2,151,0.0,0,0.0,0.0,0.0
2,152,1.0,1,1.0,0.0020580000709742308,485.9086324164279
2,153,2.0,2,1.0,0.0041160001419484615,485.9086324164279
2,154,1.0,1,1.0,0.0020580000709742308,485.9086324164279
2,155,0.0,0,0.0,0.0,0.0
2,156,2.0,2,1.0,0.0041160001419484615,485.9086324164279
2,157,3.0,3,1.0,0.006174000212922692,485.9086324164279
2,158,3.0,3,1.0,0.006174000212922692,485.9086324164279
2,159,2.0,2,1.0,0.0041160001419484615,485.9086324164279
2,160,0.0,0,0.0,0.0,0.0
2,161,1.0,1,1.0,0.0020580000709742308,485.9086324164279
2,162,0.0,0,0.0,0.0,0.0
2,163,0.0,0,0.0,0.0,0.0
2,164,0.0,0,0.0,0.0,0.0
2,165,0.0,0,0.0,0.0,0.0
2,166,4.0,4,1.0,0.008232000283896923,485.9086324164279
2,167,1.0,1,1.0,0.0020580000709742308,485.9086324164279
2,168,1.0,1,1.0,0.0020580000709742308,485.9086324164279
2,169,0.0,0,0.0,0.0,0.0
2,170,1.0,1,1.0,0.0020580000709742308,485.9086324164279
2,171,1.0,1,1.0,0.0020580000709742308,485.9086324164279
2,172,6.0,6,1.0,0.012348000425845385,485.9086324164279
2,173,1.0,1,1.0,0.0020580000709742308,485.9086324164279
2,174,10.0,10,1.0,0.020580000709742308,485.9086324164279
2,175,0.0,0,0.0,0.0,0.0
2,176,0.0,0,0.0,0.0,0.0
2,177,16.0,16,1.0,0.03292800113558769,485.9086324164279
2,178,0.0,0,0.0,0.0,0.0
2,179,2.0,2,1.0,0.0041160001419484615,485.9086324164279
2,180,0.0,0,0.0,0.0,0.0
2,181,6.0,6,1.0,0.012348000425845385,485.9086324164279
2,182,1.0,1,1.0,0.0020580000709742308,485.9086324164279
2,183,0.0,0,0.0,0.0,0.0
2,184,0.0,0,0.0,0.0,0.0
2,185,2.0,2,1.0,0.0041160001419484615,485.9086324164279
2,186,2.0,2,1.0,0.0041160001419484615,485.9086324164279
2,187,5.0,5,1.0,0.010290000354871154,485.9086324164279
2,188,0.0,0,0.0,0.0,0.0
2,189,1.0,1,1.0,0.0020580000709742308,485.9086324164279
2,190,6.0,6,1.0,0.012348000425845385,485.9086324164279
2,191,0.0,0,0.0,0.0,0.0
2,192,0.0,0,0.0,0.0,0.0
2,193,2.0,2,1.0,0.0041160001419484615,485.9086324164279
2,194,1.0,1,1.0,0.0020580000709742308,485.9086324164279
2,195,3.0,3,1.0,0.006174000212922692,485.9086324164279
2,196,2.0,2,1.0,0.0041160001419484615,485.9086324164279
2,197,1.0,1,1.0,0.0020580000709742308,485.9086324164279
2,198,1.0,1,1.0,0.0020580000709742308,485.9086324164279
2,199,0.0,0,0.0,0.0,0.0
2,200,3.0,3,1.0,0.006174000212922692,485.9086324164279
2,201,4.0,4,1.0,0.008232000283896923,485.9086324164279
2,202,1.0,1,1.0,0.0020580000709742308,485.9086324164279
2,203,0.0,0,0.0,0.0,0.0
2,204,3.0,3,1.0,0.006174000212922692,485.9086324164279
2,205,3.0,3,1.0,0.006174000212922692,485.9086324164279
2,206,0.0,0,0.0,0.0,0.0
2,207,1.0,1,1.0,0.0020580000709742308,485.9086324164279
2,208,1.0,1,1.0,0.0020580000709742308,485.9086324164279
2,209,1.0,1,1.0,0.0020580000709742308,485.9086324164279
2,210,0.0,0,0.0,0.0,0.0
2,211,0.0,0,0.0,0.0,0.0
2,212,2.0,2,1.0,0.0041160001419484615,485.9086324164279
2,213,1.0,1,1.0,0.0020580000709742308,485.9086324164279
2,214,6.0,6,1.0,0.012348000425845385,485.9086324164279
2,215,1.0,1,1.0,0.0020580000709742308,485.9086324164279
2,216,0.0,0,0.0,0.0,0.0
2,217,0.0,0,0.0,0.0,0.0
2,218,0.0,0,0.0,0.0,0.0
2,219,0.0,0,0.0,0.0,0.0
2,220,4.0,4,1.0,0.008232000283896923,485.9086324164279
2,221,0.0,0,0.0,0.0,0.0
2,222,0.0,0,0.0,0.0,0.0
2,223,2.0,2,1.0,0.0041160001419484615,485.9086324164279
2,224,2.0,2,1.0,0.0041160001419484615,485.9086324164279
2,225,0.0,0,0.0,0.0,0.0
2,226,2.0,2,1.0,0.0041160001419484615,485.9086324164279
2,227,2.0,2,1.0,0.0041160001419484615,485.9086324164279
2,228,1.0,1,1.0,0.0020580000709742308,485.9086324164279
2,229,7.0,7,1.0,0.014406000496819615,485.9086324164279
2,230,1.0,1,1.0,0.0020580000709742308,485.9086324164279
2,231,2.0,2,1.0,0.0041160001419484615,485.9086324164279
2,232,1.0,1,1.0,0.0020580000709742308,485.9086324164279
2,233,1.0,1,1.0,0.0020580000709742308,485.9086324164279
2,234,3.0,3,1.0,0.006174000212922692,485.9086324164279
2,235,8.0,8,1.0,0.016464000567793846,485.9086324164279
2,236,1.0,1,1.0,0.0020580000709742308,485.9086324164279
2,237,8.0,8,1.0,0.016464000567793846,485.9086324164279
2,238,0.0,0,0.0,0.0,0.0
2,239,18.0,18,1.0,0.037044001277536154,485.9086324164279
2,240,4.0,4,1.0,0.008232000283896923,485.9086324164279
2,241,1.0,1,1.0,0.0020580000709742308,485.9086324164279
2,242,0.0,0,0.0,0.0,0.0
2,243,11.0,11,1.0,0.02263800078071654,485.9086324164279
2,244,1.0,1,1.0,0.0020580000709742308,485.9086324164279
2,245,2.0,2,1.0,0.0041160001419484615,485.9086324164279
2,246,1.0,1,1.0,0.0020580000709742308,485.9086324164279
2,247,2.0,2,1.0,0.0041160001419484615,485.9086324164279
2,248,2.0,2,1.0,0.0041160001419484615,485.9086324164279
2,249,5.0,5,1.0,0.010290000354871154,485.9086324164279
2,250,2.0,2,1.0,0.0041160001419484615,485.9086324164279
2,251,5.0,5,1.0,0.010290000354871154,485.9086324164279
2,252,14.0,14,1.0,0.02881200099363923,485.9086324164279
2,253,4.0,4,1.0,0.008232000283896923,485.9086324164279
2,254,0.0,0,0.0,0.0,0.0
2,255,0.0,0,0.0,0.0,0.0
3,0,0.0,0,0.0,0.0,0.0
3,1,0.0,0,0.0,0.0,0.0
3,2,2.0,2,1.0,0.002308000111952424,866.5510844833212
3,3,0.0,0,0.0,0.0,0.0
3,4,0.0,0,0.0,0.0,0.0
3,5,0.0,0,0.0,0.0,0.0
3,6,1.0,1,1.0,0.001154000055976212,866.5510844833212
3,7,0.0,0,0.0,0.0,0.0
3,8,0.0,0,0.0,0.0,0.0
3,9,15.0,15,1.0,0.01731000083964318,866.5510844833212
3,10,0.0,0,0.0,0.0,0.0
3,11,0.0,0,0.0,0.0,0.0
3,12,0.0,0,0.0,0.0,0.0
3,13,2.0,2,1.0,0.002308000111952424,866.5510844833212
3,14,3.0,3,1.0,0.003462000167928636,866.5510844833212
3,15,0.0,0,0.0,0.0,0.0
3,16,0.0,0,0.0,0.0,0.0
3,17,6.0,6,1.0,0.006924000335857272,866.5510844833212
3,18,0.0,0,0.0,0.0,0.0
3,19,0.0,0,0.0,0.0,0.0
3,20,28.0,28,1.0,0.03231200156733394,866.5510844833212
3,21,2.0,2,1.0,0.002308000111952424,866.5510844833212
3,22,0.0,0,0.0,0.0,0.0
3,23,3.0,3,1.0,0.003462000167928636,866.5510844833212
3,24,0.0,0,0.0,0.0,0.0
3,25,10.0,10,1.0,0.01154000055976212,866.5510844833212
3,26,0.0,0,0.0,0.0,0.0
3,27,2.0,2,1.0,0.002308000111952424,866.5510844833212
3,28,6.0,6,1.0,0.006924000335857272,866.5510844833212
3,29,0.0,0,0.0,0.0,0.0
3,30,1.0,1,1.0,0.001154000055976212,866.5510844833212
3,31,1.0,1,1.0,0.001154000055976212,866.5510844833212
3,32,5.0,5,1.0,0.00577000027988106,866.5510844833212
3,33,0.0,0,0.0,0.0,0.0
3,34,0.0,0,0.0,0.0,0.0
3,35,0.0,0,0.0,0.0,0.0
3,36,0.0,0,0.0,0.0,0.0
3,37,0.0,0,0.0,0.0,0.0
3,38,0.0,0,0.0,0.0,0.0
3,39,0.0,0,0.0,0.0,0.0
3,40,0.0,0,0.0,0.0,0.0
3,41,1.0,1,1.0,0.001154000055976212,866.5510844833212
3,42,0.0,0,0.0,0.0,0.0
3,43,2.0,2,1.0,0.002308000111952424,866.5510844833212
3,44,2.0,2,1.0,0.002308000111952424,866.5510844833212
3,45,64.0,64,1.0,0.07385600358247757,866.5510844833212
3,46,0.0,0,0.0,0.0,0.0
3,47,1.0,1,1.0,0.001154000055976212,866.5510844833212
3,48,1.0,1,1.0,0.001154000055976212,866.5510844833212
3,49,0.0,0,0.0,0.0,0.0
3,50,23.0,23,1.0,0.026542001287452877,866.5510844833212
3,51,1.0,1,1.0,0.001154000055976212,866.5510844833212
3,52,4.0,4,1.0,0.004616000223904848,866.5510844833212
3,53,2.0,2,1.0,0.002308000111952424,866.5510844833212
3,54,0.0,0,0.0,0.0,0.0
3,55,0.0,0,0.0,0.0,0.0
3,56,2.0,2,1.0,0.002308000111952424,866.5510844833212
3,57,2.0,2,1.0,0.002308000111952424,866.5510844833212
3,58,3.0,3,1.0,0.003462000167928636,866.5510844833212
3,59,0.0,0,0.0,0.0,0.0
3,60,1.0,1,1.0,0.001154000055976212,866.5510844833212
3,61,0.0,0,0.0,0.0,0.0
3,62,49.0,49,1.0,0.05654600274283439,866.5510844833212
3,63,3.0,3,1.0,0.003462000167928636,866.5510844833212
3,64,0.0,0,0.0,0.0,0.0
3,65,0.0,0,0.0,0.0,0.0
3,66,1.0,1,1.0,0.001154000055976212,866.5510844833212
3,67,0.0,0,0.0,0.0,0.0
3,68,0.0,0,0.0,0.0,0.0
3,69,0.0,0,0.0,0.0,0.0
3,70,0.0,0,0.0,0.0,0.0
3,71,0.0,0,0.0,0.0,0.0
3,72,0.0,0,0.0,0.0,0.0
3,73,0.0,0,0.0,0.0,0.0
3,74,1.0,1,1.0,0.001154000055976212,866.5510844833212
3,75,0.0,0,0.0,0.0,0.0
3,76,1.0,1,1.0,0.001154000055976212,866.5510844833212
3,77,0.0,0,0.0,0.0,0.0
3,78,0.0,0,0.0,0.0,0.0
3,79,0.0,0,0.0,0.0,0.0
3,80,0.0,0,0.0,0.0,0.0
3,81,0.0,0,0.0,0.0,0.0
3,82,0.0,0,0.0,0.0,0.0
3,83,0.0,0,0.0,0.0,0.0
3,84,0.0,0,0.0,0.0,0.0
3,85,1.0,1,1.0,0.001154000055976212,866.5510844833212
3,86,0.0,0,0.0,0.0,0.0
3,87,1.0,1,1.0,0.001154000055976212,866.5510844833212
3,88,4.0,4,1.0,0.004616000223904848,866.5510844833212
3,89,7.0,7,1.0,0.008078000391833484,866.5510844833212
3,90,0.0,0,0.0,0.0,0.0
3,91,0.0,0,0.0,0.0,0.0
3,92,0.0,0,0.0,0.0,0.0
3,93,0.0,0,0.0,0.0,0.0
3,94,1.0,1,1.0,0.001154000055976212,866.5510844833212
3,95,0.0,0,0.0,0.0,0.0
3,96,4.0,4,1.0,0.004616000223904848,866.5510844833212
3,97,0.0,0,0.0,0.0,0.0
3,98,0.0,0,0.0,0.0,0.0
3,99,1.0,1,1.0,0.001154000055976212,866.5510844833212
3,100,1.0,1,1.0,0.001154000055976212,866.5510844833212
3,101,0.0,0,0.0,0.0,0.0
3,102,2.0,2,1.0,0.002308000111952424,866.5510844833212
3,103,0.0,0,0.0,0.0,0.0
3,104,0.0,0,0.0,0.0,0.0
3,105,0.0,0,0.0,0.0,0.0
3,106,1.0,1,1.0,0.001154000055976212,866.5510844833212
3,107,0.0,0,0.0,0.0,0.0
3,108,0.0,0,0.0,0.0,0.0
3,109,0.0,0,0.0,0.0,0.0
3,110,0.0,0,0.0,0.0,0.0
3,111,1.0,1,1.0,0.001154000055976212,866.5510844833212
3,112,0.0,0,0.0,0.0,0.0
3,113,0.0,0,0.0,0.0,0.0
3,114,1.0,1,1.0,0.001154000055976212,866.5510844833212
3,115,1.0,1,1.0,0.001154000055976212,866.5510844833212
3,116,0.0,0,0.0,0.0,0.0
3,117,0.0,0,0.0,0.0,0.0
3,118,1.0,1,1.0,0.001154000055976212,866.5510844833212
3,119,12.0,12,1.0,0.013848000671714544,866.5510844833212
3,120,0.0,0,0.0,0.0,0.0
3,121,4.0,4,1.0,0.004616000223904848,866.5510844833212
3,122,1.0,1,1.0,0.001154000055976212,866.5510844833212
3,123,0.0,0,0.0,0.0,0.0
3,124,0.0,0,0.0,0.0,0.0
3,125,1.0,1,1.0,0.001154000055976212,866.5510844833212
3,126,0.0,0,0.0,0.0,0.0
3,127,1.0,1,1.0,0.001154000055976212,866.5510844833212
3,128,0.0,0,0.0,0.0,0.0
3,129,0.0,0,0.0,0.0,0.0
3,130,0.0,0,0.0,0.0,0.0
3,131,6.0,6,1.0,0.006924000335857272,866.5510844833212
3,132,0.0,0,0.0,0.0,0.0
3,133,0.0,0,0.0,0.0,0.0
3,134,0.0,0,0.0,0.0,0.0
3,135,1.0,1,1.0,0.001154000055976212,866.5510844833212
3,136,0.0,0,0.0,0.0,0.0
3,137,0.0,0,0.0,0.0,0.0
3,138,0.0,0,0.0,0.0,0.0
3,139,0.0,0,0.0,0.0,0.0
3,140,0.0,0,0.0,0.0,0.0
3,141,0.0,0,0.0,0.0,0.0
3,142,0.0,0,0.0,0.0,0.0
3,143,0.0,0,0.0,0.0,0.0
3,144,0.0,0,0.0,0.0,0.0
3,145,0.0,0,0.0,0.0,0.0
3,146,1.0,1,1.0,0.001154000055976212,866.5510844833212
3,147,0.0,0,0.0,0.0,0.0
3,148,3.0,3,1.0,0.003462000167928636,866.5510844833212
3,149,0.0,0,0.0,0.0,0.0
3,150,0.0,0,0.0,0.0,0.0
3,151,1.0,1,1.0,0.001154000055976212,866.5510844833212
3,152,3.0,3,1.0,0.003462000167928636,866.5510844833212
3,153,1.0,1,1.0,0.001154000055976212,866.5510844833212
3,154,5.0,5,1.0,0.00577000027988106,866.5510844833212
3,155,0.0,0,0.0,0.0,0.0
3,156,0.0,0,0.0,0.0,0.0
3,157,0.0,0,0.0,0.0,0.0
3,158,0.0,0,0.0,0.0,0.0
3,159,0.0,0,0.0,0.0,0.0
3,160,24.0,24,1.0,0.02769600134342909,866.5510844833212
3,161,12.0,12,1.0,0.013848000671714544,866.5510844833212
3,162,0.0,0,0.0,0.0,0.0
3,163,1.0,1,1.0,0.001154000055976212,866.5510844833212
3,164,1.0,1,1.0,0.001154000055976212,866.5510844833212
3,165,5.0,5,1.0,0.00577000027988106,866.5510844833212
3,166,0.0,0,0.0,0.0,0.0
3,167,0.0,0,0.0,0.0,0.0
3,168,18.0,18,1.0,0.020772001007571816,866.5510844833212
3,169,0.0,0,0.0,0.0,0.0
3,170,0.0,0,0.0,0.0,0.0
3,171,0.0,0,0.0,0.0,0.0
3,172,0.0,0,0.0,0.0,0.0
3,173,2.0,2,1.0,0.002308000111952424,866.5510844833212
3,174,28.0,28,1.0,0.03231200156733394,866.5510844833212
3,175,0.0,0,0.0,0.0,0.0
3,176,0.0,0,0.0,0.0,0.0
3,177,1.0,1,1.0,0.001154000055976212,866.5510844833212
3,178,16.0,16,1.0,0.018464000895619392,866.5510844833212
3,179,0.0,0,0.0,0.0,0.0
3,180,2.0,2,1.0,0.002308000111952424,866.5510844833212
3,181,17.0,17,1.0,0.019618000951595604,866.5510844833212
3,182,4.0,4,1.0,0.004616000223904848,866.5510844833212
3,183,3.0,3,1.0,0.003462000167928636,866.5510844833212
3,184,2.0,2,1.0,0.002308000111952424,866.5510844833212
3,185,16.0,16,1.0,0.018464000895619392,866.5510844833212
3,186,4.0,4,1.0,0.004616000223904848,866.5510844833212
3,187,0.0,0,0.0,0.0,0.0
3,188,0.0,0,0.0,0.0,0.0
3,189,0.0,0,0.0,0.0,0.0
3,190,0.0,0,0.0,0.0,0.0
3,191,0.0,0,0.0,0.0,0.0
3,192,0.0,0,0.0,0.0,0.0
3,193,0.0,0,0.0,0.0,0.0
3,194,0.0,0,0.0,0.0,0.0
3,195,0.0,0,0.0,0.0,0.0
3,196,0.0,0,0.0,0.0,0.0
3,197,0.0,0,0.0,0.0,0.0
3,198,0.0,0,0.0,0.0,0.0
3,199,0.0,0,0.0,0.0,0.0
3,200,9.0,9,1.0,0.010386000503785908,866.5510844833212
3,201,1.0,1,1.0,0.001154000055976212,866.5510844833212
3,202,0.0,0,0.0,0.0,0.0
3,203,0.0,0,0.0,0.0,0.0
3,204,0.0,0,0.0,0.0,0.0
3,205,0.0,0,0.0,0.0,0.0
3,206,0.0,0,0.0,0.0,0.0
3,207,0.0,0,0.0,0.0,0.0
3,208,0.0,0,0.0,0.0,0.0
3,209,0.0,0,0.0,0.0,0.0
3,210,0.0,0,0.0,0.0,0.0
3,211,0.0,0,0.0,0.0,0.0
3,212,0.0,0,0.0,0.0,0.0
3,213,0.0,0,0.0,0.0,0.0
3,214,0.0,0,0.0,0.0,0.0
3,215,0.0,0,0.0,0.0,0.0
3,216,0.0,0,0.0,0.0,0.0
3,217,0.0,0,0.0,0.0,0.0
3,218,3.0,3,1.0,0.003462000167928636,866.5510844833212
3,219,0.0,0,0.0,0.0,0.0
3,220,0.0,0,0.0,0.0,0.0
3,221,0.0,0,0.0,0.0,0.0
3,222,0.0,0,0.0,0.0,0.0
3,223,0.0,0,0.0,0.0,0.0
3,224,0.0,0,0.0,0.0,0.0
3,225,0.0,0,0.0,0.0,0.0
3,226,0.0,0,0.0,0.0,0.0
3,227,0.0,0,0.0,0.0,0.0
3,228,0.0,0,0.0,0.0,0.0
3,229,7.0,7,1.0,0.008078000391833484,866.5510844833212
3,230,1.0,1,1.0,0.001154000055976212,866.5510844833212
3,231,0.0,0,0.0,0.0,0.0
3,232,0.0,0,0.0,0.0,0.0
3,233,2.0,2,1.0,0.002308000111952424,866.5510844833212
3,234,0.0,0,0.0,0.0,0.0
3,235,0.0,0,0.0,0.0,0.0
3,236,0.0,0,0.0,0.0,0.0
3,237,0.0,0,0.0,0.0,0.0
3,238,0.0,0,0.0,0.0,0.0
3,239,0.0,0,0.0,0.0,0.0
3,240,0.0,0,0.0,0.0,0.0
3,241,2.0,2,1.0,0.002308000111952424,866.5510844833212
3,242,0.0,0,0.0,0.0,0.0
3,243,0.0,0,0.0,0.0,0.0
3,244,1.0,1,1.0,0.001154000055976212,866.5510844833212
3,245,0.0,0,0.0,0.0,0.0
3,246,0.0,0,0.0,0.0,0.0
3,247,3.0,3,1.0,0.003462000167928636,866.5510844833212
3,248,0.0,0,0.0,0.0,0.0
3,249,0.0,0,0.0,0.0,0.0
3,250,0.0,0,0.0,0.0,0.0
3,251,4.0,4,1.0,0.004616000223904848,866.5510844833212
3,252,0.0,0,0.0,0.0,0.0
3,253,3.0,3,1.0,0.003462000167928636,866.5510844833212
3,254,0.0,0,0.0,0.0,0.0
3,255,2.0,2,1.0,0.002308000111952424,866.5510844833212
4,0,0.0,0,0.0,0.0,0.0
4,1,3.0,3,1.0,0.003701999899931252,810.3727933800624
4,2,0.0,0,0.0,0.0,0.0
4,3,0.0,0,0.0,0.0,0.0
4,4,0.0,0,0.0,0.0,0.0
4,5,0.0,0,0.0,0.0,0.0
4,6,3.0,3,1.0,0.003701999899931252,810.3727933800624
4,7,0.0,0,0.0,0.0,0.0
4,8,0.0,0,0.0,0.0,0.0
4,9,0.0,0,0.0,0.0,0.0
4,10,6.0,6,1.0,0.007403999799862504,810.3727933800624
4,11,1.0,1,1.0,0.0012339999666437507,810.3727933800624
4,12,0.0,0,0.0,0.0,0.0
4,13,0.0,0,0.0,0.0,0.0
4,14,1.0,1,1.0,0.0012339999666437507,810.3727933800624
4,15,3.0,3,1.0,0.003701999899931252,810.3727933800624
4,16,1.0,1,1.0,0.0012339999666437507,810.3727933800624
4,17,0.0,0,0.0,0.0,0.0
4,18,0.0,0,0.0,0.0,0.0
4,19,0.0,0,0.0,0.0,0.0
4,20,0.0,0,0.0,0.0,0.0
4,21,4.0,4,1.0,0.004935999866575003,810.3727933800624
4,22,0.0,0,0.0,0.0,0.0
4,23,0.0,0,0.0,0.0,0.0
4,24,0.0,0,0.0,0.0,0.0
4,25,0.0,0,0.0,0.0,0.0
4,26,0.0,0,0.0,0.0,0.0
4,27,0.0,0,0.0,0.0,0.0
4,28,0.0,0,0.0,0.0,0.0
4,29,3.0,3,1.0,0.003701999899931252,810.3727933800624
4,30,1.0,1,1.0,0.0012339999666437507,810.3727933800624
4,31,3.0,3,1.0,0.003701999899931252,810.3727933800624
4,32,0.0,0,0.0,0.0,0.0
4,33,1.0,1,1.0,0.0012339999666437507,810.3727933800624
4,34,0.0,0,0.0,0.0,0.0
4,35,7.0,7,1.0,0.008637999766506255,810.3727933800624
4,36,0.0,0,0.0,0.0,0.0
4,37,20.0,20,1.0,0.024679999332875013,810.3727933800624
4,38,5.0,5,1.0,0.006169999833218753,810.3727933800624
4,39,1.0,1,1.0,0.0012339999666437507,810.3727933800624
4,40,1.0,1,1.0,0.0012339999666437507,810.3727933800624
4,41,1.0,1,1.0,0.0012339999666437507,810.3727933800624
4,42,7.0,7,1.0,0.008637999766506255,810.3727933800624
4,43,0.0,0,0.0,0.0,0.0
4,44,5.0,5,1.0,0.006169999833218753,810.3727933800624
4,45,0.0,0,0.0,0.0,0.0
4,46,0.0,0,0.0,0.0,0.0
4,47,12.0,12,1.0,0.014807999599725008,810.3727933800624
4,48,1.0,1,1.0,0.0012339999666437507,810.3727933800624
4,49,0.0,0,0.0,0.0,0.0
4,50,0.0,0,0.0,0.0,0.0
4,51,2.0,2,1.0,0.0024679999332875013,810.3727933800624
4,52,0.0,0,0.0,0.0,0.0
4,53,0.0,0,0.0,0.0,0.0
4,54,0.0,0,0.0,0.0,0.0
4,55,1.0,1,1.0,0.0012339999666437507,810.3727933800624
4,56,1.0,1,1.0,0.0012339999666437507,810.3727933800624
4,57,0.0,0,0.0,0.0,0.0
4,58,2.0,2,1.0,0.0024679999332875013,810.3727933800624
4,59,0.0,0,0.0,0.0,0.0
4,60,0.0,0,0.0,0.0,0.0
4,61,24.0,24,1.0,0.029615999199450016,810.3727933800624
4,62,0.0,0,0.0,0.0,0.0
4,63,1.0,1,1.0,0.0012339999666437507,810.3727933800624
4,64,2.0,2,1.0,0.0024679999332875013,810.3727933800624
4,65,4.0,4,1.0,0.004935999866575003,810.3727933800624
4,66,0.0,0,0.0,0.0,0.0
4,67,0.0,0,0.0,0.0,0.0
4,68,24.0,24,1.0,0.029615999199450016,810.3727933800624
4,69,0.0,0,0.0,0.0,0.0
4,70,0.0,0,0.0,0.0,0.0
4,71,0.0,0,0.0,0.0,0.0
4,72,1.0,1,1.0,0.0012339999666437507,810.3727933800624
4,73,6.0,6,1.0,0.007403999799862504,810.3727933800624
4,74,2.0,2,1.0,0.0024679999332875013,810.3727933800624
4,75,1.0,1,1.0,0.0012339999666437507,810.3727933800624
4,76,1.0,1,1.0,0.0012339999666437507,810.3727933800624
4,77,1.0,1,1.0,0.0012339999666437507,810.3727933800624
4,78,0.0,0,0.0,0.0,0.0
4,79,1.0,1,1.0,0.0012339999666437507,810.3727933800624
4,80,0.0,0,0.0,0.0,0.0
4,81,0.0,0,0.0,0.0,0.0
4,82,0.0,0,0.0,0.0,0.0
4,83,0.0,0,0.0,0.0,0.0
4,84,0.0,0,0.0,0.0,0.0
4,85,0.0,0,0.0,0.0,0.0
4,86,0.0,0,0.0,0.0,0.0
4,87,0.0,0,0.0,0.0,0.0
4,88,0.0,0,0.0,0.0,0.0
4,89,3.0,3,1.0,0.003701999899931252,810.3727933800624
4,90,7.0,7,1.0,0.008637999766506255,810.3727933800624
4,91,0.0,0,0.0,0.0,0.0
4,92,1.0,1,1.0,0.0012339999666437507,810.3727933800624
4,93,3.0,3,1.0,0.003701999899931252,810.3727933800624
4,94,3.0,3,1.0,0.003701999899931252,810.3727933800624
4,95,0.0,0,0.0,0.0,0.0
4,96,5.0,5,1.0,0.006169999833218753,810.3727933800624
4,97,0.0,0,0.0,0.0,0.0
4,98,2.0,2,1.0,0.0024679999332875013,810.3727933800624
4,99,0.0,0,0.0,0.0,0.0
4,100,0.0,0,0.0,0.0,0.0
4,101,0.0,0,0.0,0.0,0.0
4,102,6.0,6,1.0,0.007403999799862504,810.3727933800624
4,103,1.0,1,1.0,0.0012339999666437507,810.3727933800624
4,104,1.0,1,1.0,0.0012339999666437507,810.3727933800624
4,105,0.0,0,0.0,0.0,0.0
4,106,0.0,0,0.0,0.0,0.0
4,107,0.0,0,0.0,0.0,0.0
4,108,0.0,0,0.0,0.0,0.0
4,109,0.0,0,0.0,0.0,0.0
4,110,4.0,4,1.0,0.004935999866575003,810.3727933800624
4,111,2.0,2,1.0,0.0024679999332875013,810.3727933800624
4,112,0.0,0,0.0,0.0,0.0
4,113,1.0,1,1.0,0.0012339999666437507,810.3727933800624
4,114,0.0,0,0.0,0.0,0.0
4,115,0.0,0,0.0,0.0,0.0
4,116,0.0,0,0.0,0.0,0.0
4,117,1.0,1,1.0,0.0012339999666437507,810.3727933800624
4,118,2.0,2,1.0,0.0024679999332875013,810.3727933800624
4,119,10.0,10,1.0,0.012339999666437507,810.3727933800624
4,120,1.0,1,1.0,0.0012339999666437507,810.3727933800624
4,121,0.0,0,0.0,0.0,0.0
4,122,0.0,0,0.0,0.0,0.0
4,123,3.0,3,1.0,0.003701999899931252,810.3727933800624
4,124,0.0,0,0.0,0.0,0.0
4,125,0.0,0,0.0,0.0,0.0
4,126,1.0,1,1.0,0.0012339999666437507,810.3727933800624
4,127,0.0,0,0.0,0.0,0.0
4,128,0.0,0,0.0,0.0,0.0
4,129,0.0,0,0.0,0.0,0.0
4,130,0.0,0,0.0,0.0,0.0
4,131,0.0,0,0.0,0.0,0.0
4,132,0.0,0,0.0,0.0,0.0
4,133,0.0,0,0.0,0.0,0.0
4,134,0.0,0,0.0,0.0,0.0
4,135,0.0,0,0.0,0.0,0.0
4,136,1.0,1,1.0,0.0012339999666437507,810.3727933800624
4,137,1.0,1,1.0,0.0012339999666437507,810.3727933800624
4,138,0.0,0,0.0,0.0,0.0
4,139,0.0,0,0.0,0.0,0.0
4,140,0.0,0,0.0,0.0,0.0
4,141,1.0,1,1.0,0.0012339999666437507,810.3727933800624
4,142,0.0,0,0.0,0.0,0.0
4,143,0.0,0,0.0,0.0,0.0
4,144,0.0,0,0.0,0.0,0.0
4,145,0.0,0,0.0,0.0,0.0
4,146,0.0,0,0.0,0.0,0.0
4,147,0.0,0,0.0,0.0,0.0
4,148,1.0,1,1.0,0.0012339999666437507,810.3727933800624
4,149,0.0,0,0.0,0.0,0.0
4,150,0.0,0,0.0,0.0,0.0
4,151,11.0,11,1.0,0.013573999633081257,810.3727933800624
4,152,0.0,0,0.0,0.0,0.0
4,153,8.0,8,1.0,0.009871999733150005,810.3727933800624
4,154,0.0,0,0.0,0.0,0.0
4,155,0.0,0,0.0,0.0,0.0
4,156,2.0,2,1.0,0.0024679999332875013,810.3727933800624
4,157,0.0,0,0.0,0.0,0.0
4,158,29.0,29,1.0,0.03578599903266877,810.3727933800624
4,159,0.0,0,0.0,0.0,0.0
4,160,0.0,0,0.0,0.0,0.0
4,161,0.0,0,0.0,0.0,0.0
4,162,2.0,2,1.0,0.0024679999332875013,810.3727933800624
4,163,0.0,0,0.0,0.0,0.0
4,164,0.0,0,0.0,0.0,0.0
4,165,0.0,0,0.0,0.0,0.0
4,166,0.0,0,0.0,0.0,0.0
4,167,0.0,0,0.0,0.0,0.0
4,168,0.0,0,0.0,0.0,0.0
4,169,8.0,8,1.0,0.009871999733150005,810.3727933800624
4,170,0.0,0,0.0,0.0,0.0
4,171,0.0,0,0.0,0.0,0.0
4,172,0.0,0,0.0,0.0,0.0
4,173,0.0,0,0.0,0.0,0.0
4,174,0.0,0,0.0,0.0,0.0
4,175,0.0,0,0.0,0.0,0.0
4,176,0.0,0,0.0,0.0,0.0
4,177,0.0,0,0.0,0.0,0.0
4,178,0.0,0,0.0,0.0,0.0
4,179,0.0,0,0.0,0.0,0.0
4,180,1.0,1,1.0,0.0012339999666437507,810.3727933800624
4,181,0.0,0,0.0,0.0,0.0
4,182,0.0,0,0.0,0.0,0.0
4,183,0.0,0,0.0,0.0,0.0
4,184,0.0,0,0.0,0.0,0.0
4,185,0.0,0,0.0,0.0,0.0
4,186,0.0,0,0.0,0.0,0.0
4,187,0.0,0,0.0,0.0,0.0
4,188,0.0,0,0.0,0.0,0.0
4,189,0.0,0,0.0,0.0,0.0
4,190,0.0,0,0.0,0.0,0.0
4,191,1.0,1,1.0,0.0012339999666437507,810.3727933800624
4,192,1.0,1,1.0,0.0012339999666437507,810.3727933800624
4,193,0.0,0,0.0,0.0,0.0
4,194,0.0,0,0.0,0.0,0.0
4,195,4.0,4,1.0,0.004935999866575003,810.3727933800624
4,196,0.0,0,0.0,0.0,0.0
4,197,5.0,5,1.0,0.006169999833218753,810.3727933800624
4,198,3.0,3,1.0,0.003701999899931252,810.3727933800624
4,199,0.0,0,0.0,0.0,0.0
4,200,0.0,0,0.0,0.0,0.0
4,201,1.0,1,1.0,0.0012339999666437507,810.3727933800624
4,202,1.0,1,1.0,0.0012339999666437507,810.3727933800624
4,203,0.0,0,0.0,0.0,0.0
4,204,6.0,6,1.0,0.007403999799862504,810.3727933800624
4,205,0.0,0,0.0,0.0,0.0
4,206,0.0,0,0.0,0.0,0.0
4,207,33.0,33,1.0,0.04072199889924377,810.3727933800624
4,208,1.0,1,1.0,0.0012339999666437507,810.3727933800624
4,209,1.0,1,1.0,0.0012339999666437507,810.3727933800624
4,210,5.0,5,1.0,0.006169999833218753,810.3727933800624
4,211,0.0,0,0.0,0.0,0.0
4,212,0.0,0,0.0,0.0,0.0
4,213,10.0,10,1.0,0.012339999666437507,810.3727933800624
4,214,0.0,0,0.0,0.0,0.0
4,215,0.0,0,0.0,0.0,0.0
4,216,0.0,0,0.0,0.0,0.0
4,217,0.0,0,0.0,0.0,0.0
4,218,15.0,15,1.0,0.01850999949965626,810.3727933800624
4,219,0.0,0,0.0,0.0,0.0
4,220,8.0,8,1.0,0.009871999733150005,810.3727933800624
4,221,0.0,0,0.0,0.0,0.0
4,222,2.0,2,1.0,0.0024679999332875013,810.3727933800624
4,223,0.0,0,0.0,0.0,0.0
4,224,0.0,0,0.0,0.0,0.0
4,225,0.0,0,0.0,0.0,0.0
4,226,0.0,0,0.0,0.0,0.0
4,227,0.0,0,0.0,0.0,0.0
4,228,0.0,0,0.0,0.0,0.0
4,229,3.0,3,1.0,0.003701999899931252,810.3727933800624
4,230,0.0,0,0.0,0.0,0.0
4,231,0.0,0,0.0,0.0,0.0
4,232,6.0,6,1.0,0.007403999799862504,810.3727933800624
4,233,0.0,0,0.0,0.0,0.0
4,234,2.0,2,1.0,0.0024679999332875013,810.3727933800624
4,235,0.0,0,0.0,0.0,0.0
4,236,1.0,1,1.0,0.0012339999666437507,810.3727933800624
4,237,2.0,2,1.0,0.0024679999332875013,810.3727933800624
4,238,35.0,35,1.0,0.04318999883253127,810.3727933800624
4,239,0.0,0,0.0,0.0,0.0
4,240,1.0,1,1.0,0.0012339999666437507,810.3727933800624
4,241,1.0,1,1.0,0.0012339999666437507,810.3727933800624
4,242,1.0,1,1.0,0.0012339999666437507,810.3727933800624
4,243,0.0,0,0.0,0.0,0.0
4,244,32.0,32,1.0,0.03948799893260002,810.3727933800624
4,245,0.0,0,0.0,0.0,0.0
4,246,0.0,0,0.0,0.0,0.0
4,247,0.0,0,0.0,0.0,0.0
4,248,1.0,1,1.0,0.0012339999666437507,810.3727933800624
4,249,4.0,4,1.0,0.004935999866575003,810.3727933800624
4,250,0.0,0,0.0,0.0,0.0
4,251,1.0,1,1.0,0.0012339999666437507,810.3727933800624
4,252,33.0,33,1.0,0.04072199889924377,810.3727933800624
4,253,0.0,0,0.0,0.0,0.0
4,254,3.0,3,1.0,0.003701999899931252,810.3727933800624
4,255,3.0,3,1.0,0.003701999899931252,810.3727933800624
5,0,2.0,2,1.0,0.00203999993391335,980.3921886229585
5,1,0.0,0,0.0,0.0,0.0
5,2,0.0,0,0.0,0.0,0.0
5,3,0.0,0,0.0,0.0,0.0
5,4,2.0,2,1.0,0.00203999993391335,980.3921886229585
5,5,0.0,0,0.0,0.0,0.0
5,6,0.0,0,0.0,0.0,0.0
5,7,0.0,0,0.0,0.0,0.0
5,8,4.0,4,1.0,0.0040799998678267,980.3921886229585
5,9,0.0,0,0.0,0.0,0.0
5,10,0.0,0,0.0,0.0,0.0
5,11,0.0,0,0.0,0.0,0.0
5,12,1.0,1,1.0,0.001019999966956675,980.3921886229585
5,13,0.0,0,0.0,0.0,0.0
5,14,2.0,2,1.0,0.00203999993391335,980.3921886229585
5,15,0.0,0,0.0,0.0,0.0
5,16,0.0,0,0.0,0.0,0.0
5,17,2.0,2,1.0,0.00203999993391335,980.3921886229585
5,18,1.0,1,1.0,0.001019999966956675,980.3921886229585
5,19,2.0,2,1.0,0.00203999993391335,980.3921886229585
5,20,0.0,0,0.0,0.0,0.0
5,21,0.0,0,0.0,0.0,0.0
5,22,3.0,3,1.0,0.003059999900870025,980.3921886229585
5,23,0.0,0,0.0,0.0,0.0
5,24,0.0,0,0.0,0.0,0.0
5,25,0.0,0,0.0,0.0,0.0
5,26,5.0,5,1.0,0.005099999834783375,980.3921886229585
5,27,0.0,0,0.0,0.0,0.0
5,28,1.0,1,1.0,0.001019999966956675,980.3921886229585
5,29,0.0,0,0.0,0.0,0.0
5,30,0.0,0,0.0,0.0,0.0
5,31,0.0,0,0.0,0.0,0.0
5,32,0.0,0,0.0,0.0,0.0
5,33,0.0,0,0.0,0.0,0.0
5,34,0.0,0,0.0,0.0,0.0
5,35,0.0,0,0.0,0.0,0.0
5,36,0.0,0,0.0,0.0,0.0
5,37,0.0,0,0.0,0.0,0.0
5,38,0.0,0,0.0,0.0,0.0
5,39,1.0,1,1.0,0.001019999966956675,980.3921886229585
5,40,17.0,17,1.0,0.017339999438263476,980.3921886229585
5,41,0.0,0,0.0,0.0,0.0
5,42,0.0,0,0.0,0.0,0.0
5,43,1.0,1,1.0,0.001019999966956675,980.3921886229585
5,44,0.0,0,0.0,0.0,0.0
5,45,0.0,0,0.0,0.0,0.0
5,46,25.0,25,1.0,0.025499999173916876,980.3921886229585
5,47,2.0,2,1.0,0.00203999993391335,980.3921886229585
5,48,0.0,0,0.0,0.0,0.0
5,49,0.0,0,0.0,0.0,0.0
5,50,0.0,0,0.0,0.0,0.0
5,51,0.0,0,0.0,0.0,0.0
5,52,0.0,0,0.0,0.0,0.0
5,53,2.0,2,1.0,0.00203999993391335,980.3921886229585
5,54,0.0,0,0.0,0.0,0.0
5,55,6.0,6,1.0,0.00611999980174005,980.3921886229585
5,56,0.0,0,0.0,0.0,0.0
5,57,0.0,0,0.0,0.0,0.0
5,58,30.0,30,1.0,0.03059999900870025,980.3921886229585
5,59,1.0,1,1.0,0.001019999966956675,980.3921886229585
5,60,0.0,0,0.0,0.0,0.0
5,61,0.0,0,0.0,0.0,0.0
5,62,0.0,0,0.0,0.0,0.0
5,63,1.0,1,1.0,0.001019999966956675,980.3921886229585
5,64,0.0,0,0.0,0.0,0.0
5,65,0.0,0,0.0,0.0,0.0
5,66,0.0,0,0.0,0.0,0.0
5,67,2.0,2,1.0,0.00203999993391335,980.3921886229585
5,68,0.0,0,0.0,0.0,0.0
5,69,0.0,0,0.0,0.0,0.0
5,70,0.0,0,0.0,0.0,0.0
5,71,0.0,0,0.0,0.0,0.0
5,72,2.0,2,1.0,0.00203999993391335,980.3921886229585
5,73,0.0,0,0.0,0.0,0.0
5,74,11.0,11,1.0,0.011219999636523426,980.3921886229585
5,75,0.0,0,0.0,0.0,0.0
5,76,1.0,1,1.0,0.001019999966956675,980.3921886229585
5,77,0.0,0,0.0,0.0,0.0
5,78,0.0,0,0.0,0.0,0.0
5,79,0.0,0,0.0,0.0,0.0
5,80,0.0,0,0.0,0.0,0.0
5,81,12.0,12,1.0,0.0122399996034801,980.3921886229585
5,82,1.0,1,1.0,0.001019999966956675,980.3921886229585
5,83,0.0,0,0.0,0.0,0.0
5,84,0.0,0,0.0,0.0,0.0
5,85,0.0,0,0.0,0.0,0.0
5,86,0.0,0,0.0,0.0,0.0
5,87,5.0,5,1.0,0.005099999834783375,980.3921886229585
5,88,0.0,0,0.0,0.0,0.0
5,89,0.0,0,0.0,0.0,0.0
5,90,0.0,0,0.0,0.0,0.0
5,91,0.0,0,0.0,0.0,0.0
5,92,0.0,0,0.0,0.0,0.0
5,93,0.0,0,0.0,0.0,0.0
5,94,0.0,0,0.0,0.0,0.0
5,95,0.0,0,0.0,0.0,0.0
5,96,0.0,0,0.0,0.0,0.0
5,97,0.0,0,0.0,0.0,0.0
5,98,0.0,0,0.0,0.0,0.0
5,99,0.0,0,0.0,0.0,0.0
5,100,0.0,0,0.0,0.0,0.0
5,101,0.0,0,0.0,0.0,0.0
5,102,0.0,0,0.0,0.0,0.0
5,103,0.0,0,0.0,0.0,0.0
5,104,1.0,1,1.0,0.001019999966956675,980.3921886229585
5,105,0.0,0,0.0,0.0,0.0
5,106,0.0,0,0.0,0.0,0.0
5,107,1.0,1,1.0,0.001019999966956675,980.3921886229585
5,108,8.0,8,1.0,0.0081599997356534,980.3921886229585
5,109,0.0,0,0.0,0.0,0.0
5,110,0.0,0,0.0,0.0,0.0
5,111,0.0,0,0.0,0.0,0.0
5,112,0.0,0,0.0,0.0,0.0
5,113,0.0,0,0.0,0.0,0.0
5,114,0.0,0,0.0,0.0,0.0
5,115,0.0,0,0.0,0.0,0.0
5,116,0.0,0,0.0,0.0,0.0
5,117,0.0,0,0.0,0.0,0.0
5,118,0.0,0,0.0,0.0,0.0
5,119,0.0,0,0.0,0.0,0.0
5,120,0.0,0,0.0,0.0,0.0
5,121,1.0,1,1.0,0.001019999966956675,980.3921886229585
5,122,0.0,0,0.0,0.0,0.0
5,123,0.0,0,0.0,0.0,0.0
5,124,0.0,0,0.0,0.0,0.0
5,125,2.0,2,1.0,0.00203999993391335,980.3921886229585
5,126,0.0,0,0.0,0.0,0.0
5,127,0.0,0,0.0,0.0,0.0
5,128,1.0,1,1.0,0.001019999966956675,980.3921886229585
5,129,0.0,0,0.0,0.0,0.0
5,130,0.0,0,0.0,0.0,0.0
5,131,0.0,0,0.0,0.0,0.0
5,132,0.0,0,0.0,0.0,0.0
5,133,4.0,4,1.0,0.0040799998678267,980.3921886229585
5,134,0.0,0,0.0,0.0,0.0
5,135,0.0,0,0.0,0.0,0.0
5,136,0.0,0,0.0,0.0,0.0
5,137,0.0,0,0.0,0.0,0.0
5,138,0.0,0,0.0,0.0,0.0
5,139,0.0,0,0.0,0.0,0.0
5,140,0.0,0,0.0,0.0,0.0
5,141,0.0,0,0.0,0.0,0.0
5,142,0.0,0,0.0,0.0,0.0
5,143,0.0,0,0.0,0.0,0.0
5,144,1.0,1,1.0,0.001019999966956675,980.3921886229585
5,145,0.0,0,0.0,0.0,0.0
5,146,0.0,0,0.0,0.0,0.0
5,147,0.0,0,0.0,0.0,0.0
5,148,0.0,0,0.0,0.0,0.0
5,149,0.0,0,0.0,0.0,0.0
5,150,2.0,2,1.0,0.00203999993391335,980.3921886229585
5,151,0.0,0,0.0,0.0,0.0
5,152,0.0,0,0.0,0.0,0.0
5,153,0.0,0,0.0,0.0,0.0
5,154,0.0,0,0.0,0.0,0.0
5,155,0.0,0,0.0,0.0,0.0
5,156,0.0,0,0.0,0.0,0.0
5,157,0.0,0,0.0,0.0,0.0
5,158,0.0,0,0.0,0.0,0.0
5,159,0.0,0,0.0,0.0,0.0
5,160,0.0,0,0.0,0.0,0.0
5,161,0.0,0,0.0,0.0,0.0
5,162,0.0,0,0.0,0.0,0.0
5,163,0.0,0,0.0,0.0,0.0
5,164,0.0,0,0.0,0.0,0.0
5,165,0.0,0,0.0,0.0,0.0
5,166,2.0,2,1.0,0.00203999993391335,980.3921886229585
5,167,2.0,2,1.0,0.00203999993391335,980.3921886229585
5,168,0.0,0,0.0,0.0,0.0
5,169,2.0,2,1.0,0.00203999993391335,980.3921886229585
5,170,0.0,0,0.0,0.0,0.0
5,171,0.0,0,0.0,0.0,0.0
5,172,0.0,0,0.0,0.0,0.0
5,173,0.0,0,0.0,0.0,0.0
5,174,1.0,1,1.0,0.001019999966956675,980.3921886229585
5,175,33.0,33,1.0,0.03365999890957028,980.3921886229585
5,176,0.0,0,0.0,0.0,0.0
5,177,0.0,0,0.0,0.0,0.0
5,178,0.0,0,0.0,0.0,0.0
5,179,9.0,9,1.0,0.009179999702610075,980.3921886229585
5,180,0.0,0,0.0,0.0,0.0
5,181,0.0,0,0.0,0.0,0.0
5,182,3.0,3,1.0,0.003059999900870025,980.3921886229585
5,183,2.0,2,1.0,0.00203999993391335,980.3921886229585
5,184,0.0,0,0.0,0.0,0.0
5,185,0.0,0,0.0,0.0,0.0
5,186,10.0,10,1.0,0.01019999966956675,980.3921886229585
5,187,0.0,0,0.0,0.0,0.0
5,188,2.0,2,1.0,0.00203999993391335,980.3921886229585
5,189,0.0,0,0.0,0.0,0.0
5,190,0.0,0,0.0,0.0,0.0
5,191,0.0,0,0.0,0.0,0.0
5,192,2.0,2,1.0,0.00203999993391335,980.3921886229585
5,193,0.0,0,0.0,0.0,0.0
5,194,0.0,0,0.0,0.0,0.0
5,195,0.0,0,0.0,0.0,0.0
5,196,0.0,0,0.0,0.0,0.0
5,197,0.0,0,0.0,0.0,0.0
5,198,9.0,9,1.0,0.009179999702610075,980.3921886229585
5,199,0.0,0,0.0,0.0,0.0
5,200,1.0,1,1.0,0.001019999966956675,980.3921886229585
5,201,0.0,0,0.0,0.0,0.0
5,202,2.0,2,1.0,0.00203999993391335,980.3921886229585
5,203,3.0,3,1.0,0.003059999900870025,980.3921886229585
5,204,11.0,11,1.0,0.011219999636523426,980.3921886229585
5,205,0.0,0,0.0,0.0,0.0
5,206,9.0,9,1.0,0.009179999702610075,980.3921886229585
5,207,0.0,0,0.0,0.0,0.0
5,208,0.0,0,0.0,0.0,0.0
5,209,0.0,0,0.0,0.0,0.0
5,210,59.0,59,1.0,0.06017999805044383,980.3921886229585
5,211,2.0,2,1.0,0.00203999993391335,980.3921886229585
5,212,1.0,1,1.0,0.001019999966956675,980.3921886229585
5,213,0.0,0,0.0,0.0,0.0
5,214,0.0,0,0.0,0.0,0.0
5,215,0.0,0,0.0,0.0,0.0
5,216,4.0,4,1.0,0.0040799998678267,980.3921886229585
5,217,2.0,2,1.0,0.00203999993391335,980.3921886229585
5,218,0.0,0,0.0,0.0,0.0
5,219,2.0,2,1.0,0.00203999993391335,980.3921886229585
5,220,1.0,1,1.0,0.001019999966956675,980.3921886229585
5,221,0.0,0,0.0,0.0,0.0
5,222,0.0,0,0.0,0.0,0.0
5,223,0.0,0,0.0,0.0,0.0
5,224,0.0,0,0.0,0.0,0.0
5,225,0.0,0,0.0,0.0,0.0
5,226,0.0,0,0.0,0.0,0.0
5,227,0.0,0,0.0,0.0,0.0
5,228,0.0,0,0.0,0.0,0.0
5,229,1.0,1,1.0,0.001019999966956675,980.3921886229585
5,230,0.0,0,0.0,0.0,0.0
5,231,0.0,0,0.0,0.0,0.0
5,232,10.0,10,1.0,0.01019999966956675,980.3921886229585
5,233,0.0,0,0.0,0.0,0.0
5,234,0.0,0,0.0,0.0,0.0
5,235,17.0,17,1.0,0.017339999438263476,980.3921886229585
5,236,1.0,1,1.0,0.001019999966956675,980.3921886229585
5,237,0.0,0,0.0,0.0,0.0
5,238,0.0,0,0.0,0.0,0.0
5,239,0.0,0,0.0,0.0,0.0
5,240,1.0,1,1.0,0.001019999966956675,980.3921886229585
5,241,0.0,0,0.0,0.0,0.0
5,242,0.0,0,0.0,0.0,0.0
5,243,0.0,0,0.0,0.0,0.0
5,244,3.0,3,1.0,0.003059999900870025,980.3921886229585
5,245,49.0,49,1.0,0.04997999838087708,980.3921886229585
5,246,0.0,0,0.0,0.0,0.0
5,247,32.0,32,1.0,0.0326399989426136,980.3921886229585
5,248,37.0,37,1.0,0.03773999877739698,980.3921886229585
5,249,0.0,0,0.0,0.0,0.0
5,250,0.0,0,0.0,0.0,0.0
5,251,2.0,2,1.0,0.00203999993391335,980.3921886229585
5,252,8.0,8,1.0,0.0081599997356534,980.3921886229585
5,253,11.0,11,1.0,0.011219999636523426,980.3921886229585
5,254,0.0,0,0.0,0.0,0.0
5,255,0.0,0,0.0,0.0,0.0
6,0,22.0,22,1.0,0.021384000196121633,1028.8065749265234
6,1,1.0,1,1.0,0.0009720000089146197,1028.8065749265234
6,2,1.0,1,1.0,0.0009720000089146197,1028.8065749265234
6,3,2.0,2,1.0,0.0019440000178292394,1028.8065749265234
6,4,20.0,20,1.0,0.019440000178292394,1028.8065749265234
6,5,33.0,33,1.0,0.03207600029418245,1028.8065749265234
6,6,1.0,1,1.0,0.0009720000089146197,1028.8065749265234
6,7,0.0,0,0.0,0.0,0.0
6,8,0.0,0,0.0,0.0,0.0
6,9,0.0,0,0.0,0.0,0.0
6,10,2.0,2,1.0,0.0019440000178292394,1028.8065749265234
6,11,38.0,38,1.0,0.03693600033875555,1028.8065749265234
6,12,0.0,0,0.0,0.0,0.0
6,13,2.0,2,1.0,0.0019440000178292394,1028.8065749265234
6,14,1.0,1,1.0,0.0009720000089146197,1028.8065749265234
6,15,1.0,1,1.0,0.0009720000089146197,1028.8065749265234
6,16,0.0,0,0.0,0.0,0.0
6,17,0.0,0,0.0,0.0,0.0
6,18,0.0,0,0.0,0.0,0.0
6,19,0.0,0,0.0,0.0,0.0
6,20,3.0,3,1.0,0.002916000026743859,1028.8065749265234
6,21,23.0,23,1.0,0.022356000205036253,1028.8065749265234
6,22,0.0,0,0.0,0.0,0.0
6,23,4.0,4,1.0,0.0038880000356584787,1028.8065749265234
6,24,0.0,0,0.0,0.0,0.0
6,25,0.0,0,0.0,0.0,0.0
6,26,0.0,0,0.0,0.0,0.0
6,27,13.0,13,1.0,0.012636000115890056,1028.8065749265234
6,28,0.0,0,0.0,0.0,0.0
6,29,51.0,51,1.0,0.049572000454645604,1028.8065749265234
6,30,0.0,0,0.0,0.0,0.0
6,31,0.0,0,0.0,0.0,0.0
6,32,0.0,0,0.0,0.0,0.0
6,33,0.0,0,0.0,0.0,0.0
6,34,0.0,0,0.0,0.0,0.0
6,35,0.0,0,0.0,0.0,0.0
6,36,0.0,0,0.0,0.0,0.0
6,37,0.0,0,0.0,0.0,0.0
6,38,0.0,0,0.0,0.0,0.0
6,39,0.0,0,0.0,0.0,0.0
6,40,0.0,0,0.0,0.0,0.0
6,41,0.0,0,0.0,0.0,0.0
6,42,0.0,0,0.0,0.0,0.0
6,43,0.0,0,0.0,0.0,0.0
6,44,0.0,0,0.0,0.0,0.0
6,45,0.0,0,0.0,0.0,0.0
6,46,0.0,0,0.0,0.0,0.0
6,47,0.0,0,0.0,0.0,0.0
6,48,2.0,2,1.0,0.0019440000178292394,1028.8065749265234
6,49,0.0,0,0.0,0.0,0.0
6,50,0.0,0,0.0,0.0,0.0
6,51,0.0,0,0.0,0.0,0.0
6,52,0.0,0,0.0,0.0,0.0
6,53,1.0,1,1.0,0.0009720000089146197,1028.8065749265234
6,54,0.0,0,0.0,0.0,0.0
6,55,0.0,0,0.0,0.0,0.0
6,56,2.0,2,1.0,0.0019440000178292394,1028.8065749265234
6,57,0.0,0,0.0,0.0,0.0
6,58,0.0,0,0.0,0.0,0.0
6,59,0.0,0,0.0,0.0,0.0
6,60,0.0,0,0.0,0.0,0.0
6,61,0.0,0,0.0,0.0,0.0
6,62,0.0,0,0.0,0.0,0.0
6,63,0.0,0,0.0,0.0,0.0
6,64,0.0,0,0.0,0.0,0.0
6,65,6.0,6,1.0,0.005832000053487718,1028.8065749265234
6,66,0.0,0,0.0,0.0,0.0
6,67,0.0,0,0.0,0.0,0.0
6,68,0.0,0,0.0,0.0,0.0
6,69,0.0,0,0.0,0.0,0.0
6,70,0.0,0,0.0,0.0,0.0
6,71,0.0,0,0.0,0.0,0.0
6,72,0.0,0,0.0,0.0,0.0
6,73,0.0,0,0.0,0.0,0.0
6,74,0.0,0,0.0,0.0,0.0
6,75,0.0,0,0.0,0.0,0.0
6,76,3.0,3,1.0,0.002916000026743859,1028.8065749265234
6,77,0.0,0,0.0,0.0,0.0
6,78,0.0,0,0.0,0.0,0.0
6,79,0.0,0,0.0,0.0,0.0
6,80,0.0,0,0.0,0.0,0.0
6,81,0.0,0,0.0,0.0,0.0
6,82,6.0,6,1.0,0.005832000053487718,1028.8065749265234
6,83,0.0,0,0.0,0.0,0.0
6,84,0.0,0,0.0,0.0,0.0
6,85,0.0,0,0.0,0.0,0.0
6,86,0.0,0,0.0,0.0,0.0
6,87,0.0,0,0.0,0.0,0.0
6,88,0.0,0,0.0,0.0,0.0
6,89,0.0,0,0.0,0.0,0.0
6,90,0.0,0,0.0,0.0,0.0
6,91,0.0,0,0.0,0.0,0.0
6,92,2.0,2,1.0,0.0019440000178292394,1028.8065749265234
6,93,0.0,0,0.0,0.0,0.0
6,94,1.0,1,1.0,0.0009720000089146197,1028.8065749265234
6,95,24.0,24,1.0,0.023328000213950872,1028.8065749265234
6,96,0.0,0,0.0,0.0,0.0
6,97,2.0,2,1.0,0.0019440000178292394,1028.8065749265234
6,98,0.0,0,0.0,0.0,0.0
6,99,1.0,1,1.0,0.0009720000089146197,1028.8065749265234
6,100,2.0,2,1.0,0.0019440000178292394,1028.8065749265234
6,101,0.0,0,0.0,0.0,0.0
6,102,0.0,0,0.0,0.0,0.0
6,103,4.0,4,1.0,0.0038880000356584787,1028.8065749265234
6,104,0.0,0,0.0,0.0,0.0
6,105,0.0,0,0.0,0.0,0.0
6,106,6.0,6,1.0,0.005832000053487718,1028.8065749265234
6,107,0.0,0,0.0,0.0,0.0
6,108,0.0,0,0.0,0.0,0.0
6,109,0.0,0,0.0,0.0,0.0
6,110,0.0,0,0.0,0.0,0.0
6,111,22.0,22,1.0,0.021384000196121633,1028.8065749265234
6,112,0.0,0,0.0,0.0,0.0
6,113,0.0,0,0.0,0.0,0.0
6,114,0.0,0,0.0,0.0,0.0
6,115,0.0,0,0.0,0.0,0.0
6,116,4.0,4,1.0,0.0038880000356584787,1028.8065749265234
6,117,0.0,0,0.0,0.0,0.0
6,118,1.0,1,1.0,0.0009720000089146197,1028.8065749265234
6,119,0.0,0,0.0,0.0,0.0
6,120,0.0,0,0.0,0.0,0.0
6,121,0.0,0,0.0,0.0,0.0
6,122,0.0,0,0.0,0.0,0.0
6,123,2.0,2,1.0,0.0019440000178292394,1028.8065749265234
6,124,0.0,0,0.0,0.0,0.0
6,125,0.0,0,0.0,0.0,0.0
6,126,0.0,0,0.0,0.0,0.0
6,127,0.0,0,0.0,0.0,0.0
6,128,2.0,2,1.0,0.0019440000178292394,1028.8065749265234
6,129,4.0,4,1.0,0.0038880000356584787,1028.8065749265234
6,130,0.0,0,0.0,0.0,0.0
6,131,0.0,0,0.0,0.0,0.0
6,132,0.0,0,0.0,0.0,0.0
6,133,0.0,0,0.0,0.0,0.0
6,134,0.0,0,0.0,0.0,0.0
6,135,0.0,0,0.0,0.0,0.0
6,136,0.0,0,0.0,0.0,0.0
6,137,0.0,0,0.0,0.0,0.0
6,138,1.0,1,1.0,0.0009720000089146197,1028.8065749265234
6,139,0.0,0,0.0,0.0,0.0
6,140,0.0,0,0.0,0.0,0.0
6,141,0.0,0,0.0,0.0,0.0
6,142,0.0,0,0.0,0.0,0.0
6,143,0.0,0,0.0,0.0,0.0
6,144,4.0,4,1.0,0.0038880000356584787,1028.8065749265234
6,145,5.0,5,1.0,0.004860000044573098,1028.8065749265234
6,146,0.0,0,0.0,0.0,0.0
6,147,2.0,2,1.0,0.0019440000178292394,1028.8065749265234
6,148,7.0,7,1.0,0.006804000062402338,1028.8065749265234
6,149,0.0,0,0.0,0.0,0.0
6,150,0.0,0,0.0,0.0,0.0
6,151,0.0,0,0.0,0.0,0.0
6,152,1.0,1,1.0,0.0009720000089146197,1028.8065749265234
6,153,4.0,4,1.0,0.0038880000356584787,1028.8065749265234
6,154,0.0,0,0.0,0.0,0.0
6,155,19.0,19,1.0,0.018468000169377774,1028.8065749265234
6,156,0.0,0,0.0,0.0,0.0
6,157,0.0,0,0.0,0.0,0.0
6,158,0.0,0,0.0,0.0,0.0
6,159,0.0,0,0.0,0.0,0.0
6,160,0.0,0,0.0,0.0,0.0
6,161,0.0,0,0.0,0.0,0.0
6,162,0.0,0,0.0,0.0,0.0
6,163,0.0,0,0.0,0.0,0.0
6,164,0.0,0,0.0,0.0,0.0
6,165,1.0,1,1.0,0.0009720000089146197,1028.8065749265234
6,166,1.0,1,1.0,0.0009720000089146197,1028.8065749265234
6,167,0.0,0,0.0,0.0,0.0
6,168,0.0,0,0.0,0.0,0.0
6,169,0.0,0,0.0,0.0,0.0
6,170,0.0,0,0.0,0.0,0.0
6,171,0.0,0,0.0,0.0,0.0
6,172,2.0,2,1.0,0.0019440000178292394,1028.8065749265234
6,173,0.0,0,0.0,0.0,0.0
6,174,0.0,0,0.0,0.0,0.0
6,175,3.0,3,1.0,0.002916000026743859,1028.8065749265234
6,176,0.0,0,0.0,0.0,0.0
6,177,0.0,0,0.0,0.0,0.0
6,178,0.0,0,0.0,0.0,0.0
6,179,0.0,0,0.0,0.0,0.0
6,180,0.0,0,0.0,0.0,0.0
6,181,0.0,0,0.0,0.0,0.0
6,182,0.0,0,0.0,0.0,0.0
6,183,0.0,0,0.0,0.0,0.0
6,184,3.0,3,1.0,0.002916000026743859,1028.8065749265234
6,185,2.0,2,1.0,0.0019440000178292394,1028.8065749265234
6,186,0.0,0,0.0,0.0,0.0
6,187,1.0,1,1.0,0.0009720000089146197,1028.8065749265234
6,188,0.0,0,0.0,0.0,0.0
6,189,0.0,0,0.0,0.0,0.0
6,190,0.0,0,0.0,0.0,0.0
6,191,0.0,0,0.0,0.0,0.0
6,192,0.0,0,0.0,0.0,0.0
6,193,0.0,0,0.0,0.0,0.0
6,194,0.0,0,0.0,0.0,0.0
6,195,1.0,1,1.0,0.0009720000089146197,1028.8065749265234
6,196,3.0,3,1.0,0.002916000026743859,1028.8065749265234
6,197,0.0,0,0.0,0.0,0.0
6,198,0.0,0,0.0,0.0,0.0
6,199,4.0,4,1.0,0.0038880000356584787,1028.8065749265234
6,200,0.0,0,0.0,0.0,0.0
6,201,0.0,0,0.0,0.0,0.0
6,202,1.0,1,1.0,0.0009720000089146197,1028.8065749265234
6,203,2.0,2,1.0,0.0019440000178292394,1028.8065749265234
6,204,0.0,0,0.0,0.0,0.0
6,205,60.0,60,1.0,0.05832000053487718,1028.8065749265234
6,206,6.0,6,1.0,0.005832000053487718,1028.8065749265234
6,207,1.0,1,1.0,0.0009720000089146197,1028.8065749265234
6,208,0.0,0,0.0,0.0,0.0
6,209,0.0,0,0.0,0.0,0.0
6,210,0.0,0,0.0,0.0,0.0
6,211,0.0,0,0.0,0.0,0.0
6,212,0.0,0,0.0,0.0,0.0
6,213,0.0,0,0.0,0.0,0.0
6,214,6.0,6,1.0,0.005832000053487718,1028.8065749265234
6,215,0.0,0,0.0,0.0,0.0
6,216,0.0,0,0.0,0.0,0.0
6,217,0.0,0,0.0,0.0,0.0
6,218,0.0,0,0.0,0.0,0.0
6,219,1.0,1,1.0,0.0009720000089146197,1028.8065749265234
6,220,3.0,3,1.0,0.002916000026743859,1028.8065749265234
6,221,0.0,0,0.0,0.0,0.0
6,222,0.0,0,0.0,0.0,0.0
6,223,0.0,0,0.0,0.0,0.0
6,224,0.0,0,0.0,0.0,0.0
6,225,0.0,0,0.0,0.0,0.0
6,226,7.0,7,1.0,0.006804000062402338,1028.8065749265234
6,227,0.0,0,0.0,0.0,0.0
6,228,1.0,1,1.0,0.0009720000089146197,1028.8065749265234
6,229,0.0,0,0.0,0.0,0.0
6,230,2.0,2,1.0,0.0019440000178292394,1028.8065749265234
6,231,30.0,30,1.0,0.02916000026743859,1028.8065749265234
6,232,0.0,0,0.0,0.0,0.0
6,233,0.0,0,0.0,0.0,0.0
6,234,0.0,0,0.0,0.0,0.0
6,235,0.0,0,0.0,0.0,0.0
6,236,0.0,0,0.0,0.0,0.0
6,237,0.0,0,0.0,0.0,0.0
6,238,0.0,0,0.0,0.0,0.0
6,239,0.0,0,0.0,0.0,0.0
6,240,0.0,0,0.0,0.0,0.0
6,241,0.0,0,0.0,0.0,0.0
6,242,0.0,0,0.0,0.0,0.0
6,243,12.0,12,1.0,0.011664000106975436,1028.8065749265234
6,244,0.0,0,0.0,0.0,0.0
6,245,0.0,0,0.0,0.0,0.0
6,246,0.0,0,0.0,0.0,0.0
6,247,0.0,0,0.0,0.0,0.0
6,248,0.0,0,0.0,0.0,0.0
6,249,0.0,0,0.0,0.0,0.0
6,250,0.0,0,0.0,0.0,0.0
6,251,0.0,0,0.0,0.0,0.0
6,252,0.0,0,0.0,0.0,0.0
6,253,0.0,0,0.0,0.0,0.0
6,254,1.0,1,1.0,0.0009720000089146197,1028.8065749265234
6,255,0.0,0,0.0,0.0,0.0
7,0,2.0,2,1.0,0.002131999935954809,938.0863321200367
7,1,0.0,0,0.0,0.0,0.0
7,2,2.0,2,1.0,0.002131999935954809,938.0863321200367
7,3,0.0,0,0.0,0.0,0.0
7,4,0.0,0,0.0,0.0,0.0
7,5,0.0,0,0.0,0.0,0.0
7,6,0.0,0,0.0,0.0,0.0
7,7,1.0,1,1.0,0.0010659999679774046,938.0863321200367
7,8,0.0,0,0.0,0.0,0.0
7,9,1.0,1,1.0,0.0010659999679774046,938.0863321200367
7,10,11.0,11,1.0,0.01172599964775145,938.0863321200367
7,11,3.0,3,1.0,0.003197999903932214,938.0863321200367
7,12,0.0,0,0.0,0.0,0.0
7,13,0.0,0,0.0,0.0,0.0
7,14,0.0,0,0.0,0.0,0.0
7,15,0.0,0,0.0,0.0,0.0
7,16,0.0,0,0.0,0.0,0.0
7,17,0.0,0,0.0,0.0,0.0
7,18,0.0,0,0.0,0.0,0.0
7,19,2.0,2,1.0,0.002131999935954809,938.0863321200367
7,20,0.0,0,0.0,0.0,0.0
7,21,5.0,5,1.0,0.005329999839887023,938.0863321200367
7,22,0.0,0,0.0,0.0,0.0
7,23,1.0,1,1.0,0.0010659999679774046,938.0863321200367
7,24,1.0,1,1.0,0.0010659999679774046,938.0863321200367
7,25,0.0,0,0.0,0.0,0.0
7,26,2.0,2,1.0,0.002131999935954809,938.0863321200367
7,27,0.0,0,0.0,0.0,0.0
7,28,0.0,0,0.0,0.0,0.0
7,29,0.0,0,0.0,0.0,0.0
7,30,0.0,0,0.0,0.0,0.0
7,31,0.0,0,0.0,0.0,0.0
7,32,0.0,0,0.0,0.0,0.0
7,33,2.0,2,1.0,0.002131999935954809,938.0863321200367
7,34,3.0,3,1.0,0.003197999903932214,938.0863321200367
7,35,0.0,0,0.0,0.0,0.0
7,36,0.0,0,0.0,0.0,0.0
7,37,0.0,0,0.0,0.0,0.0
7,38,0.0,0,0.0,0.0,0.0
7,39,0.0,0,0.0,0.0,0.0
7,40,0.0,0,0.0,0.0,0.0
7,41,0.0,0,0.0,0.0,0.0
7,42,0.0,0,0.0,0.0,0.0
7,43,0.0,0,0.0,0.0,0.0
7,44,0.0,0,0.0,0.0,0.0
7,45,1.0,1,1.0,0.0010659999679774046,938.0863321200367
7,46,0.0,0,0.0,0.0,0.0
7,47,1.0,1,1.0,0.0010659999679774046,938.0863321200367
7,48,0.0,0,0.0,0.0,0.0
7,49,0.0,0,0.0,0.0,0.0
7,50,1.0,1,1.0,0.0010659999679774046,938.0863321200367
7,51,0.0,0,0.0,0.0,0.0
7,52,0.0,0,0.0,0.0,0.0
7,53,3.0,3,1.0,0.003197999903932214,938.0863321200367
7,54,0.0,0,0.0,0.0,0.0
7,55,8.0,8,1.0,0.008527999743819237,938.0863321200367
7,56,0.0,0,0.0,0.0,0.0
7,57,0.0,0,0.0,0.0,0.0
7,58,0.0,0,0.0,0.0,0.0
7,59,0.0,0,0.0,0.0,0.0
7,60,2.0,2,1.0,0.002131999935954809,938.0863321200367
7,61,0.0,0,0.0,0.0,0.0
7,62,31.0,31,1.0,0.03304599900729954,938.0863321200367
7,63,1.0,1,1.0,0.0010659999679774046,938.0863321200367
7,64,4.0,4,1.0,0.004263999871909618,938.0863321200367
7,65,0.0,0,0.0,0.0,0.0
7,66,0.0,0,0.0,0.0,0.0
7,67,0.0,0,0.0,0.0,0.0
7,68,0.0,0,0.0,0.0,0.0
7,69,0.0,0,0.0,0.0,0.0
7,70,1.0,1,1.0,0.0010659999679774046,938.0863321200367
7,71,0.0,0,0.0,0.0,0.0
7,72,0.0,0,0.0,0.0,0.0
7,73,0.0,0,0.0,0.0,0.0
7,74,0.0,0,0.0,0.0,0.0
7,75,0.0,0,0.0,0.0,0.0
7,76,0.0,0,0.0,0.0,0.0
7,77,21.0,21,1.0,0.022385999327525496,938.0863321200367
7,78,0.0,0,0.0,0.0,0.0
7,79,0.0,0,0.0,0.0,0.0
7,80,22.0,22,1.0,0.0234519992955029,938.0863321200367
7,81,0.0,0,0.0,0.0,0.0
7,82,0.0,0,0.0,0.0,0.0
7,83,0.0,0,0.0,0.0,0.0
7,84,0.0,0,0.0,0.0,0.0
7,85,0.0,0,0.0,0.0,0.0
7,86,0.0,0,0.0,0.0,0.0
7,87,0.0,0,0.0,0.0,0.0
7,88,4.0,4,1.0,0.004263999871909618,938.0863321200367
7,89,0.0,0,0.0,0.0,0.0
7,90,0.0,0,0.0,0.0,0.0
7,91,0.0,0,0.0,0.0,0.0
7,92,1.0,1,1.0,0.0010659999679774046,938.0863321200367
7,93,1.0,1,1.0,0.0010659999679774046,938.0863321200367
7,94,0.0,0,0.0,0.0,0.0
7,95,0.0,0,0.0,0.0,0.0
7,96,0.0,0,0.0,0.0,0.0
7,97,34.0,34,1.0,0.036243998911231756,938.0863321200367
7,98,0.0,0,0.0,0.0,0.0
7,99,0.0,0,0.0,0.0,0.0
7,100,0.0,0,0.0,0.0,0.0
7,101,0.0,0,0.0,0.0,0.0
7,102,0.0,0,0.0,0.0,0.0
7,103,0.0,0,0.0,0.0,0.0
7,104,0.0,0,0.0,0.0,0.0
7,105,0.0,0,0.0,0.0,0.0
7,106,0.0,0,0.0,0.0,0.0
7,107,0.0,0,0.0,0.0,0.0
7,108,0.0,0,0.0,0.0,0.0
7,109,0.0,0,0.0,0.0,0.0
7,110,0.0,0,0.0,0.0,0.0
7,111,7.0,7,1.0,0.007461999775841832,938.0863321200367
7,112,0.0,0,0.0,0.0,0.0
7,113,0.0,0,0.0,0.0,0.0
7,114,0.0,0,0.0,0.0,0.0
7,115,0.0,0,0.0,0.0,0.0
7,116,0.0,0,0.0,0.0,0.0
7,117,0.0,0,0.0,0.0,0.0
7,118,0.0,0,0.0,0.0,0.0
7,119,0.0,0,0.0,0.0,0.0
7,120,0.0,0,0.0,0.0,0.0
7,121,0.0,0,0.0,0.0,0.0
7,122,0.0,0,0.0,0.0,0.0
7,123,4.0,4,1.0,0.004263999871909618,938.0863321200367
7,124,0.0,0,0.0,0.0,0.0
7,125,0.0,0,0.0,0.0,0.0
7,126,1.0,1,1.0,0.0010659999679774046,938.0863321200367
7,127,2.0,2,1.0,0.002131999935954809,938.0863321200367
7,128,0.0,0,0.0,0.0,0.0
7,129,3.0,3,1.0,0.003197999903932214,938.0863321200367
7,130,36.0,36,1.0,0.038375998847186565,938.0863321200367
7,131,1.0,1,1.0,0.0010659999679774046,938.0863321200367
7,132,1.0,1,1.0,0.0010659999679774046,938.0863321200367
7,133,0.0,0,0.0,0.0,0.0
7,134,0.0,0,0.0,0.0,0.0
7,135,0.0,0,0.0,0.0,0.0
7,136,0.0,0,0.0,0.0,0.0
7,137,0.0,0,0.0,0.0,0.0
7,138,0.0,0,0.0,0.0,0.0
7,139,32.0,32,1.0,0.03411199897527695,938.0863321200367
7,140,1.0,1,1.0,0.0010659999679774046,938.0863321200367
7,141,0.0,0,0.0,0.0,0.0
7,142,0.0,0,0.0,0.0,0.0
7,143,1.0,1,1.0,0.0010659999679774046,938.0863321200367
7,144,0.0,0,0.0,0.0,0.0
7,145,0.0,0,0.0,0.0,0.0
7,146,0.0,0,0.0,0.0,0.0
7,147,0.0,0,0.0,0.0,0.0
7,148,0.0,0,0.0,0.0,0.0
7,149,0.0,0,0.0,0.0,0.0
7,150,10.0,10,1.0,0.010659999679774046,938.0863321200367
7,151,0.0,0,0.0,0.0,0.0
7,152,0.0,0,0.0,0.0,0.0
7,153,0.0,0,0.0,0.0,0.0
7,154,0.0,0,0.0,0.0,0.0
7,155,0.0,0,0.0,0.0,0.0
7,156,10.0,10,1.0,0.010659999679774046,938.0863321200367
7,157,0.0,0,0.0,0.0,0.0
7,158,34.0,34,1.0,0.036243998911231756,938.0863321200367
7,159,0.0,0,0.0,0.0,0.0
7,160,0.0,0,0.0,0.0,0.0
7,161,0.0,0,0.0,0.0,0.0
7,162,1.0,1,1.0,0.0010659999679774046,938.0863321200367
7,163,0.0,0,0.0,0.0,0.0
7,164,1.0,1,1.0,0.0010659999679774046,938.0863321200367
7,165,0.0,0,0.0,0.0,0.0
7,166,0.0,0,0.0,0.0,0.0
7,167,0.0,0,0.0,0.0,0.0
7,168,0.0,0,0.0,0.0,0.0
7,169,0.0,0,0.0,0.0,0.0
7,170,0.0,0,0.0,0.0,0.0
7,171,2.0,2,1.0,0.002131999935954809,938.0863321200367
7,172,0.0,0,0.0,0.0,0.0
7,173,0.0,0,0.0,0.0,0.0
7,174,0.0,0,0.0,0.0,0.0
7,175,0.0,0,0.0,0.0,0.0
7,176,1.0,1,1.0,0.0010659999679774046,938.0863321200367
7,177,0.0,0,0.0,0.0,0.0
7,178,0.0,0,0.0,0.0,0.0
7,179,0.0,0,0.0,0.0,0.0
7,180,2.0,2,1.0,0.002131999935954809,938.0863321200367
7,181,3.0,3,1.0,0.003197999903932214,938.0863321200367
7,182,0.0,0,0.0,0.0,0.0
7,183,1.0,1,1.0,0.0010659999679774046,938.0863321200367
7,184,0.0,0,0.0,0.0,0.0
7,185,0.0,0,0.0,0.0,0.0
7,186,1.0,1,1.0,0.0010659999679774046,938.0863321200367
7,187,0.0,0,0.0,0.0,0.0
7,188,0.0,0,0.0,0.0,0.0
7,189,0.0,0,0.0,0.0,0.0
7,190,0.0,0,0.0,0.0,0.0
7,191,0.0,0,0.0,0.0,0.0
7,192,1.0,1,1.0,0.0010659999679774046,938.0863321200367
7,193,0.0,0,0.0,0.0,0.0
7,194,0.0,0,0.0,0.0,0.0
7,195,0.0,0,0.0,0.0,0.0
7,196,0.0,0,0.0,0.0,0.0
7,197,0.0,0,0.0,0.0,0.0
7,198,0.0,0,0.0,0.0,0.0
7,199,0.0,0,0.0,0.0,0.0
7,200,1.0,1,1.0,0.0010659999679774046,938.0863321200367
7,201,0.0,0,0.0,0.0,0.0
7,202,0.0,0,0.0,0.0,0.0
7,203,3.0,3,1.0,0.003197999903932214,938.0863321200367
7,204,11.0,11,1.0,0.01172599964775145,938.0863321200367
7,205,1.0,1,1.0,0.0010659999679774046,938.0863321200367
7,206,0.0,0,0.0,0.0,0.0
7,207,0.0,0,0.0,0.0,0.0
7,208,0.0,0,0.0,0.0,0.0
7,209,0.0,0,0.0,0.0,0.0
7,210,2.0,2,1.0,0.002131999935954809,938.0863321200367
7,211,0.0,0,0.0,0.0,0.0
7,212,0.0,0,0.0,0.0,0.0
7,213,0.0,0,0.0,0.0,0.0
7,214,1.0,1,1.0,0.0010659999679774046,938.0863321200367
7,215,14.0,14,1.0,0.014923999551683664,938.0863321200367
7,216,1.0,1,1.0,0.0010659999679774046,938.0863321200367
7,217,0.0,0,0.0,0.0,0.0
7,218,0.0,0,0.0,0.0,0.0
7,219,0.0,0,0.0,0.0,0.0
7,220,2.0,2,1.0,0.002131999935954809,938.0863321200367
7,221,0.0,0,0.0,0.0,0.0
7,222,0.0,0,0.0,0.0,0.0
7,223,1.0,1,1.0,0.0010659999679774046,938.0863321200367
7,224,0.0,0,0.0,0.0,0.0
7,225,0.0,0,0.0,0.0,0.0
7,226,11.0,11,1.0,0.01172599964775145,938.0863321200367
7,227,49.0,49,1.0,0.052233998430892825,938.0863321200367
7,228,0.0,0,0.0,0.0,0.0
7,229,1.0,1,1.0,0.0010659999679774046,938.0863321200367
7,230,8.0,8,1.0,0.008527999743819237,938.0863321200367
7,231,0.0,0,0.0,0.0,0.0
7,232,0.0,0,0.0,0.0,0.0
7,233,0.0,0,0.0,0.0,0.0
7,234,0.0,0,0.0,0.0,0.0
7,235,1.0,1,1.0,0.0010659999679774046,938.0863321200367
7,236,1.0,1,1.0,0.0010659999679774046,938.0863321200367
7,237,0.0,0,0.0,0.0,0.0
7,238,3.0,3,1.0,0.003197999903932214,938.0863321200367
7,239,3.0,3,1.0,0.003197999903932214,938.0863321200367
7,240,1.0,1,1.0,0.0010659999679774046,938.0863321200367
7,241,9.0,9,1.0,0.009593999711796641,938.0863321200367
7,242,1.0,1,1.0,0.0010659999679774046,938.0863321200367
7,243,2.0,2,1.0,0.002131999935954809,938.0863321200367
7,244,0.0,0,0.0,0.0,0.0
7,245,1.0,1,1.0,0.0010659999679774046,938.0863321200367
7,246,3.0,3,1.0,0.003197999903932214,938.0863321200367
7,247,0.0,0,0.0,0.0,0.0
7,248,0.0,0,0.0,0.0,0.0
7,249,0.0,0,0.0,0.0,0.0
7,250,0.0,0,0.0,0.0,0.0
7,251,25.0,25,1.0,0.026649999199435115,938.0863321200367
7,252,15.0,15,1.0,0.01598999951966107,938.0863321200367
7,253,2.0,2,1.0,0.002131999935954809,938.0863321200367
7,254,0.0,0,0.0,0.0,0.0
7,255,11.0,11,1.0,0.01172599964775145,938.0863321200367
8,0,0.0,0,0.0,0.0,0.0
8,1,0.0,0,0.0,0.0,0.0
8,2,0.0,0,0.0,0.0,0.0
8,3,0.0,0,0.0,0.0,0.0
8,4,5.0,5,1.0,0.004389999958220869,1138.9521748483899
8,5,3.0,3,1.0,0.0026339999749325216,1138.9521748483899
8,6,0.0,0,0.0,0.0,0.0
8,7,0.0,0,0.0,0.0,0.0
8,8,0.0,0,0.0,0.0,0.0
8,9,3.0,3,1.0,0.0026339999749325216,1138.9521748483899
8,10,0.0,0,0.0,0.0,0.0
8,11,3.0,3,1.0,0.0026339999749325216,1138.9521748483899
8,12,0.0,0,0.0,0.0,0.0
8,13,1.0,1,1.0,0.0008779999916441739,1138.9521748483899
8,14,0.0,0,0.0,0.0,0.0
8,15,0.0,0,0.0,0.0,0.0
8,16,0.0,0,0.0,0.0,0.0
8,17,1.0,1,1.0,0.0008779999916441739,1138.9521748483899
8,18,1.0,1,1.0,0.0008779999916441739,1138.9521748483899
8,19,4.0,4,1.0,0.0035119999665766954,1138.9521748483899
8,20,3.0,3,1.0,0.0026339999749325216,1138.9521748483899
8,21,1.0,1,1.0,0.0008779999916441739,1138.9521748483899
8,22,0.0,0,0.0,0.0,0.0
8,23,0.0,0,0.0,0.0,0.0
8,24,0.0,0,0.0,0.0,0.0
8,25,1.0,1,1.0,0.0008779999916441739,1138.9521748483899
8,26,0.0,0,0.0,0.0,0.0
8,27,0.0,0,0.0,0.0,0.0
8,28,0.0,0,0.0,0.0,0.0
8,29,0.0,0,0.0,0.0,0.0
8,30,0.0,0,0.0,0.0,0.0
8,31,0.0,0,0.0,0.0,0.0
8,32,0.0,0,0.0,0.0,0.0
8,33,0.0,0,0.0,0.0,0.0
8,34,0.0,0,0.0,0.0,0.0
8,35,3.0,3,1.0,0.0026339999749325216,1138.9521748483899
8,36,0.0,0,0.0,0.0,0.0
8,37,0.0,0,0.0,0.0,0.0
8,38,0.0,0,0.0,0.0,0.0
8,39,0.0,0,0.0,0.0,0.0
8,40,0.0,0,0.0,0.0,0.0
8,41,0.0,0,0.0,0.0,0.0
8,42,0.0,0,0.0,0.0,0.0
8,43,0.0,0,0.0,0.0,0.0
8,44,0.0,0,0.0,0.0,0.0
8,45,0.0,0,0.0,0.0,0.0
8,46,0.0,0,0.0,0.0,0.0
8,47,0.0,0,0.0,0.0,0.0
8,48,0.0,0,0.0,0.0,0.0
8,49,0.0,0,0.0,0.0,0.0
8,50,0.0,0,0.0,0.0,0.0
8,51,0.0,0,0.0,0.0,0.0
8,52,0.0,0,0.0,0.0,0.0
8,53,0.0,0,0.0,0.0,0.0
8,54,0.0,0,0.0,0.0,0.0
8,55,0.0,0,0.0,0.0,0.0
8,56,0.0,0,0.0,0.0,0.0
8,57,0.0,0,0.0,0.0,0.0
8,58,0.0,0,0.0,0.0,0.0
8,59,0.0,0,0.0,0.0,0.0
8,60,0.0,0,0.0,0.0,0.0
8,61,0.0,0,0.0,0.0,0.0
8,62,0.0,0,0.0,0.0,0.0
8,63,0.0,0,0.0,0.0,0.0
8,64,0.0,0,0.0,0.0,0.0
8,65,0.0,0,0.0,0.0,0.0
8,66,0.0,0,0.0,0.0,0.0
8,67,0.0,0,0.0,0.0,0.0
8,68,0.0,0,0.0,0.0,0.0
8,69,8.0,8,1.0,0.007023999933153391,1138.9521748483899
8,70,0.0,0,0.0,0.0,0.0
8,71,0.0,0,0.0,0.0,0.0
8,72,0.0,0,0.0,0.0,0.0
8,73,0.0,0,0.0,0.0,0.0
8,74,0.0,0,0.0,0.0,0.0
8,75,0.0,0,0.0,0.0,0.0
8,76,0.0,0,0.0,0.0,0.0
8,77,0.0,0,0.0,0.0,0.0
8,78,0.0,0,0.0,0.0,0.0
8,79,0.0,0,0.0,0.0,0.0
8,80,0.0,0,0.0,0.0,0.0
8,81,0.0,0,0.0,0.0,0.0
8,82,0.0,0,0.0,0.0,0.0
8,83,1.0,1,1.0,0.0008779999916441739,1138.9521748483899
8,84,1.0,1,1.0,0.0008779999916441739,1138.9521748483899
8,85,0.0,0,0.0,0.0,0.0
8,86,0.0,0,0.0,0.0,0.0
8,87,0.0,0,0.0,0.0,0.0
8,88,0.0,0,0.0,0.0,0.0
8,89,14.0,14,1.0,0.012291999883018434,1138.9521748483899
8,90,0.0,0,0.0,0.0,0.0
8,91,0.0,0,0.0,0.0,0.0
8,92,0.0,0,0.0,0.0,0.0
8,93,0.0,0,0.0,0.0,0.0
8,94,1.0,1,1.0,0.0008779999916441739,1138.9521748483899
8,95,0.0,0,0.0,0.0,0.0
8,96,0.0,0,0.0,0.0,0.0
8,97,0.0,0,0.0,0.0,0.0
8,98,0.0,0,0.0,0.0,0.0
8,99,0.0,0,0.0,0.0,0.0
8,100,0.0,0,0.0,0.0,0.0
8,101,0.0,0,0.0,0.0,0.0
8,102,3.0,3,1.0,0.0026339999749325216,1138.9521748483899
8,103,0.0,0,0.0,0.0,0.0
8,104,0.0,0,0.0,0.0,0.0
8,105,0.0,0,0.0,0.0,0.0
8,106,0.0,0,0.0,0.0,0.0
8,107,0.0,0,0.0,0.0,0.0
8,108,0.0,0,0.0,0.0,0.0
8,109,0.0,0,0.0,0.0,0.0
8,110,0.0,0,0.0,0.0,0.0
8,111,0.0,0,0.0,0.0,0.0
8,112,0.0,0,0.0,0.0,0.0
8,113,0.0,0,0.0,0.0,0.0
8,114,0.0,0,0.0,0.0,0.0
8,115,0.0,0,0.0,0.0,0.0
8,116,0.0,0,0.0,0.0,0.0
8,117,0.0,0,0.0,0.0,0.0
8,118,0.0,0,0.0,0.0,0.0
8,119,0.0,0,0.0,0.0,0.0
8,120,1.0,1,1.0,0.0008779999916441739,1138.9521748483899
8,121,0.0,0,0.0,0.0,0.0
8,122,0.0,0,0.0,0.0,0.0
8,123,0.0,0,0.0,0.0,0.0
8,124,0.0,0,0.0,0.0,0.0
8,125,0.0,0,0.0,0.0,0.0
8,126,0.0,0,0.0,0.0,0.0
8,127,0.0,0,0.0,0.0,0.0
8,128,0.0,0,0.0,0.0,0.0
8,129,1.0,1,1.0,0.0008779999916441739,1138.9521748483899
8,130,1.0,1,1.0,0.0008779999916441739,1138.9521748483899
8,131,41.0,41,1.0,0.03599799965741113,1138.9521748483899
8,132,3.0,3,1.0,0.0026339999749325216,1138.9521748483899
8,133,0.0,0,0.0,0.0,0.0
8,134,2.0,2,1.0,0.0017559999832883477,1138.9521748483899
8,135,9.0,9,1.0,0.007901999924797565,1138.9521748483899
8,136,0.0,0,0.0,0.0,0.0
8,137,2.0,2,1.0,0.0017559999832883477,1138.9521748483899
8,138,0.0,0,0.0,0.0,0.0
8,139,4.0,4,1.0,0.0035119999665766954,1138.9521748483899
8,140,0.0,0,0.0,0.0,0.0
8,141,0.0,0,0.0,0.0,0.0
8,142,0.0,0,0.0,0.0,0.0
8,143,21.0,21,1.0,0.01843799982452765,1138.9521748483899
8,144,0.0,0,0.0,0.0,0.0
8,145,0.0,0,0.0,0.0,0.0
8,146,20.0,20,1.0,0.017559999832883477,1138.9521748483899
8,147,0.0,0,0.0,0.0,0.0
8,148,0.0,0,0.0,0.0,0.0
8,149,0.0,0,0.0,0.0,0.0
8,150,0.0,0,0.0,0.0,0.0
8,151,0.0,0,0.0,0.0,0.0
8,152,0.0,0,0.0,0.0,0.0
8,153,0.0,0,0.0,0.0,0.0
8,154,0.0,0,0.0,0.0,0.0
8,155,0.0,0,0.0,0.0,0.0
8,156,0.0,0,0.0,0.0,0.0
8,157,0.0,0,0.0,0.0,0.0
8,158,0.0,0,0.0,0.0,0.0
8,159,0.0,0,0.0,0.0,0.0
8,160,0.0,0,0.0,0.0,0.0
8,161,0.0,0,0.0,0.0,0.0
8,162,0.0,0,0.0,0.0,0.0
8,163,0.0,0,0.0,0.0,0.0
8,164,0.0,0,0.0,0.0,0.0
8,165,0.0,0,0.0,0.0,0.0
8,166,0.0,0,0.0,0.0,0.0
8,167,1.0,1,1.0,0.0008779999916441739,1138.9521748483899
8,168,0.0,0,0.0,0.0,0.0
8,169,1.0,1,1.0,0.0008779999916441739,1138.9521748483899
8,170,0.0,0,0.0,0.0,0.0
8,171,0.0,0,0.0,0.0,0.0
8,172,0.0,0,0.0,0.0,0.0
8,173,23.0,23,1.0,0.020193999807816,1138.9521748483899
8,174,0.0,0,0.0,0.0,0.0
8,175,0.0,0,0.0,0.0,0.0
8,176,0.0,0,0.0,0.0,0.0
8,177,0.0,0,0.0,0.0,0.0
8,178,0.0,0,0.0,0.0,0.0
8,179,0.0,0,0.0,0.0,0.0
8,180,0.0,0,0.0,0.0,0.0
8,181,0.0,0,0.0,0.0,0.0
8,182,0.0,0,0.0,0.0,0.0
8,183,0.0,0,0.0,0.0,0.0
8,184,0.0,0,0.0,0.0,0.0
8,185,0.0,0,0.0,0.0,0.0
8,186,0.0,0,0.0,0.0,0.0
8,187,0.0,0,0.0,0.0,0.0
8,188,0.0,0,0.0,0.0,0.0
8,189,0.0,0,0.0,0.0,0.0
8,190,0.0,0,0.0,0.0,0.0
8,191,2.0,2,1.0,0.0017559999832883477,1138.9521748483899
8,192,12.0,12,1.0,0.010535999899730086,1138.9521748483899
8,193,1.0,1,1.0,0.0008779999916441739,1138.9521748483899
8,194,0.0,0,0.0,0.0,0.0
8,195,0.0,0,0.0,0.0,0.0
8,196,4.0,4,1.0,0.0035119999665766954,1138.9521748483899
8,197,11.0,11,1.0,0.009657999908085912,1138.9521748483899
8,198,4.0,4,1.0,0.0035119999665766954,1138.9521748483899
8,199,50.0,50,1.0,0.04389999958220869,1138.9521748483899
8,200,0.0,0,0.0,0.0,0.0
8,201,58.0,58,1.0,0.050923999515362084,1138.9521748483899
8,202,0.0,0,0.0,0.0,0.0
8,203,2.0,2,1.0,0.0017559999832883477,1138.9521748483899
8,204,0.0,0,0.0,0.0,0.0
8,205,0.0,0,0.0,0.0,0.0
8,206,15.0,15,1.0,0.013169999874662608,1138.9521748483899
8,207,59.0,59,1.0,0.05180199950700626,1138.9521748483899
8,208,8.0,8,1.0,0.007023999933153391,1138.9521748483899
8,209,0.0,0,0.0,0.0,0.0
8,210,0.0,0,0.0,0.0,0.0
8,211,8.0,8,1.0,0.007023999933153391,1138.9521748483899
8,212,0.0,0,0.0,0.0,0.0
8,213,12.0,12,1.0,0.010535999899730086,1138.9521748483899
8,214,1.0,1,1.0,0.0008779999916441739,1138.9521748483899
8,215,2.0,2,1.0,0.0017559999832883477,1138.9521748483899
8,216,1.0,1,1.0,0.0008779999916441739,1138.9521748483899
8,217,0.0,0,0.0,0.0,0.0
8,218,1.0,1,1.0,0.0008779999916441739,1138.9521748483899
8,219,0.0,0,0.0,0.0,0.0
8,220,0.0,0,0.0,0.0,0.0
8,221,0.0,0,0.0,0.0,0.0
8,222,4.0,4,1.0,0.0035119999665766954,1138.9521748483899
8,223,52.0,52,1.0,0.04565599956549704,1138.9521748483899
8,224,0.0,0,0.0,0.0,0.0
8,225,0.0,0,0.0,0.0,0.0
8,226,9.0,9,1.0,0.007901999924797565,1138.9521748483899
8,227,0.0,0,0.0,0.0,0.0
8,228,2.0,2,1.0,0.0017559999832883477,1138.9521748483899
8,229,0.0,0,0.0,0.0,0.0
8,230,0.0,0,0.0,0.0,0.0
8,231,0.0,0,0.0,0.0,0.0
8,232,0.0,0,0.0,0.0,0.0
8,233,0.0,0,0.0,0.0,0.0
8,234,0.0,0,0.0,0.0,0.0
8,235,1.0,1,1.0,0.0008779999916441739,1138.9521748483899
8,236,0.0,0,0.0,0.0,0.0
8,237,0.0,0,0.0,0.0,0.0
8,238,2.0,2,1.0,0.0017559999832883477,1138.9521748483899
8,239,0.0,0,0.0,0.0,0.0
8,240,0.0,0,0.0,0.0,0.0
8,241,0.0,0,0.0,0.0,0.0
8,242,0.0,0,0.0,0.0,0.0
8,243,0.0,0,0.0,0.0,0.0
8,244,0.0,0,0.0,0.0,0.0
8,245,0.0,0,0.0,0.0,0.0
8,246,0.0,0,0.0,0.0,0.0
8,247,0.0,0,0.0,0.0,0.0
8,248,0.0,0,0.0,0.0,0.0
8,249,0.0,0,0.0,0.0,0.0
8,250,0.0,0,0.0,0.0,0.0
8,251,0.0,0,0.0,0.0,0.0
8,252,1.0,1,1.0,0.0008779999916441739,1138.9521748483899
8,253,0.0,0,0.0,0.0,0.0
8,254,3.0,3,1.0,0.0026339999749325216,1138.9521748483899
8,255,0.0,0,0.0,0.0,0.0
9,0,0.0,0,0.0,0.0,0.0
9,1,0.0,0,0.0,0.0,0.0
9,2,0.0,0,0.0,0.0,0.0
9,3,1.0,1,1.0,0.0009319999953731894,1072.9613787171556
9,4,6.0,6,1.0,0.005591999972239137,1072.9613787171556
9,5,5.0,5,1.0,0.004659999976865947,1072.9613787171556
9,6,0.0,0,0.0,0.0,0.0
9,7,64.0,64,1.0,0.059647999703884125,1072.9613787171556
9,8,2.0,2,1.0,0.001863999990746379,1072.9613787171556
9,9,0.0,0,0.0,0.0,0.0
9,10,0.0,0,0.0,0.0,0.0
9,11,1.0,1,1.0,0.0009319999953731894,1072.9613787171556
9,12,0.0,0,0.0,0.0,0.0
9,13,0.0,0,0.0,0.0,0.0
9,14,0.0,0,0.0,0.0,0.0
9,15,0.0,0,0.0,0.0,0.0
9,16,0.0,0,0.0,0.0,0.0
9,17,0.0,0,0.0,0.0,0.0
9,18,0.0,0,0.0,0.0,0.0
9,19,0.0,0,0.0,0.0,0.0
9,20,1.0,1,1.0,0.0009319999953731894,1072.9613787171556
9,21,0.0,0,0.0,0.0,0.0
9,22,2.0,2,1.0,0.001863999990746379,1072.9613787171556
9,23,0.0,0,0.0,0.0,0.0
9,24,0.0,0,0.0,0.0,0.0
9,25,0.0,0,0.0,0.0,0.0
9,26,4.0,4,1.0,0.003727999981492758,1072.9613787171556
9,27,37.0,37,1.0,0.03448399982880801,1072.9613787171556
9,28,1.0,1,1.0,0.0009319999953731894,1072.9613787171556
9,29,0.0,0,0.0,0.0,0.0
9,30,0.0,0,0.0,0.0,0.0
9,31,1.0,1,1.0,0.0009319999953731894,1072.9613787171556
9,32,0.0,0,0.0,0.0,0.0
9,33,0.0,0,0.0,0.0,0.0
9,34,0.0,0,0.0,0.0,0.0
9,35,0.0,0,0.0,0.0,0.0
9,36,0.0,0,0.0,0.0,0.0
9,37,1.0,1,1.0,0.0009319999953731894,1072.9613787171556
9,38,0.0,0,0.0,0.0,0.0
9,39,0.0,0,0.0,0.0,0.0
9,40,5.0,5,1.0,0.004659999976865947,1072.9613787171556
9,41,4.0,4,1.0,0.003727999981492758,1072.9613787171556
9,42,0.0,0,0.0,0.0,0.0
9,43,0.0,0,0.0,0.0,0.0
9,44,0.0,0,0.0,0.0,0.0
9,45,8.0,8,1.0,0.007455999962985516,1072.9613787171556
9,46,0.0,0,0.0,0.0,0.0
9,47,0.0,0,0.0,0.0,0.0
9,48,7.0,7,1.0,0.006523999967612326,1072.9613787171556
9,49,0.0,0,0.0,0.0,0.0
9,50,0.0,0,0.0,0.0,0.0
9,51,0.0,0,0.0,0.0,0.0
9,52,0.0,0,0.0,0.0,0.0
9,53,0.0,0,0.0,0.0,0.0
9,54,0.0,0,0.0,0.0,0.0
9,55,0.0,0,0.0,0.0,0.0
9,56,0.0,0,0.0,0.0,0.0
9,57,0.0,0,0.0,0.0,0.0
9,58,0.0,0,0.0,0.0,0.0
9,59,0.0,0,0.0,0.0,0.0
9,60,1.0,1,1.0,0.0009319999953731894,1072.9613787171556
9,61,0.0,0,0.0,0.0,0.0
9,62,0.0,0,0.0,0.0,0.0
9,63,0.0,0,0.0,0.0,0.0
9,64,0.0,0,0.0,0.0,0.0
9,65,0.0,0,0.0,0.0,0.0
9,66,0.0,0,0.0,0.0,0.0
9,67,0.0,0,0.0,0.0,0.0
9,68,0.0,0,0.0,0.0,0.0
9,69,3.0,3,1.0,0.0027959999861195683,1072.9613787171556
9,70,0.0,0,0.0,0.0,0.0
9,71,0.0,0,0.0,0.0,0.0
9,72,2.0,2,1.0,0.001863999990746379,1072.9613787171556
9,73,1.0,1,1.0,0.0009319999953731894,1072.9613787171556
9,74,3.0,3,1.0,0.0027959999861195683,1072.9613787171556
9,75,0.0,0,0.0,0.0,0.0
9,76,0.0,0,0.0,0.0,0.0
9,77,3.0,3,1.0,0.0027959999861195683,1072.9613787171556
9,78,0.0,0,0.0,0.0,0.0
9,79,6.0,6,1.0,0.005591999972239137,1072.9613787171556
9,80,4.0,4,1.0,0.003727999981492758,1072.9613787171556
9,81,11.0,11,1.0,0.010251999949105084,1072.9613787171556
9,82,0.0,0,0.0,0.0,0.0
9,83,0.0,0,0.0,0.0,0.0
9,84,0.0,0,0.0,0.0,0.0
9,85,7.0,7,1.0,0.006523999967612326,1072.9613787171556
9,86,0.0,0,0.0,0.0,0.0
9,87,0.0,0,0.0,0.0,0.0
9,88,13.0,13,1.0,0.012115999939851463,1072.9613787171556
9,89,0.0,0,0.0,0.0,0.0
9,90,2.0,2,1.0,0.001863999990746379,1072.9613787171556
9,91,0.0,0,0.0,0.0,0.0
9,92,0.0,0,0.0,0.0,0.0
9,93,0.0,0,0.0,0.0,0.0
9,94,0.0,0,0.0,0.0,0.0
9,95,4.0,4,1.0,0.003727999981492758,1072.9613787171556
9,96,0.0,0,0.0,0.0,0.0
9,97,0.0,0,0.0,0.0,0.0
9,98,0.0,0,0.0,0.0,0.0
9,99,1.0,1,1.0,0.0009319999953731894,1072.9613787171556
9,100,0.0,0,0.0,0.0,0.0
9,101,0.0,0,0.0,0.0,0.0
9,102,0.0,0,0.0,0.0,0.0
9,103,0.0,0,0.0,0.0,0.0
9,104,0.0,0,0.0,0.0,0.0
9,105,5.0,5,1.0,0.004659999976865947,1072.9613787171556
9,106,0.0,0,0.0,0.0,0.0
9,107,0.0,0,0.0,0.0,0.0
9,108,0.0,0,0.0,0.0,0.0
9,109,2.0,2,1.0,0.001863999990746379,1072.9613787171556
9,110,0.0,0,0.0,0.0,0.0
9,111,0.0,0,0.0,0.0,0.0
9,112,0.0,0,0.0,0.0,0.0
9,113,0.0,0,0.0,0.0,0.0
9,114,0.0,0,0.0,0.0,0.0
9,115,0.0,0,0.0,0.0,0.0
9,116,0.0,0,0.0,0.0,0.0
9,117,0.0,0,0.0,0.0,0.0
9,118,0.0,0,0.0,0.0,0.0
9,119,0.0,0,0.0,0.0,0.0
9,120,0.0,0,0.0,0.0,0.0
9,121,1.0,1,1.0,0.0009319999953731894,1072.9613787171556
9,122,1.0,1,1.0,0.0009319999953731894,1072.9613787171556
9,123,0.0,0,0.0,0.0,0.0
9,124,0.0,0,0.0,0.0,0.0
9,125,0.0,0,0.0,0.0,0.0
9,126,23.0,23,1.0,0.021435999893583357,1072.9613787171556
9,127,0.0,0,0.0,0.0,0.0
9,128,0.0,0,0.0,0.0,0.0
9,129,3.0,3,1.0,0.0027959999861195683,1072.9613787171556
9,130,0.0,0,0.0,0.0,0.0
9,131,2.0,2,1.0,0.001863999990746379,1072.9613787171556
9,132,0.0,0,0.0,0.0,0.0
9,133,0.0,0,0.0,0.0,0.0
9,134,0.0,0,0.0,0.0,0.0
9,135,0.0,0,0.0,0.0,0.0
9,136,0.0,0,0.0,0.0,0.0
9,137,4.0,4,1.0,0.003727999981492758,1072.9613787171556
9,138,53.0,53,1.0,0.04939599975477904,1072.9613787171556
9,139,5.0,5,1.0,0.004659999976865947,1072.9613787171556
9,140,0.0,0,0.0,0.0,0.0
9,141,0.0,0,0.0,0.0,0.0
9,142,0.0,0,0.0,0.0,0.0
9,143,0.0,0,0.0,0.0,0.0
9,144,0.0,0,0.0,0.0,0.0
9,145,1.0,1,1.0,0.0009319999953731894,1072.9613787171556
9,146,34.0,34,1.0,0.03168799984268844,1072.9613787171556
9,147,0.0,0,0.0,0.0,0.0
9,148,1.0,1,1.0,0.0009319999953731894,1072.9613787171556
9,149,0.0,0,0.0,0.0,0.0
9,150,41.0,41,1.0,0.03821199981030077,1072.9613787171556
9,151,60.0,60,1.0,0.05591999972239137,1072.9613787171556
9,152,0.0,0,0.0,0.0,0.0
9,153,1.0,1,1.0,0.0009319999953731894,1072.9613787171556
9,154,0.0,0,0.0,0.0,0.0
9,155,1.0,1,1.0,0.0009319999953731894,1072.9613787171556
9,156,0.0,0,0.0,0.0,0.0
9,157,0.0,0,0.0,0.0,0.0
9,158,1.0,1,1.0,0.0009319999953731894,1072.9613787171556
9,159,0.0,0,0.0,0.0,0.0
9,160,0.0,0,0.0,0.0,0.0
9,161,3.0,3,1.0,0.0027959999861195683,1072.9613787171556
9,162,0.0,0,0.0,0.0,0.0
9,163,0.0,0,0.0,0.0,0.0
9,164,0.0,0,0.0,0.0,0.0
9,165,0.0,0,0.0,0.0,0.0
9,166,0.0,0,0.0,0.0,0.0
9,167,0.0,0,0.0,0.0,0.0
9,168,0.0,0,0.0,0.0,0.0
9,169,3.0,3,1.0,0.0027959999861195683,1072.9613787171556
9,170,0.0,0,0.0,0.0,0.0
9,171,0.0,0,0.0,0.0,0.0
9,172,0.0,0,0.0,0.0,0.0
9,173,0.0,0,0.0,0.0,0.0
9,174,0.0,0,0.0,0.0,0.0
9,175,0.0,0,0.0,0.0,0.0
9,176,0.0,0,0.0,0.0,0.0
9,177,0.0,0,0.0,0.0,0.0
9,178,0.0,0,0.0,0.0,0.0
9,179,0.0,0,0.0,0.0,0.0
9,180,0.0,0,0.0,0.0,0.0
9,181,3.0,3,1.0,0.0027959999861195683,1072.9613787171556
9,182,0.0,0,0.0,0.0,0.0
9,183,0.0,0,0.0,0.0,0.0
9,184,0.0,0,0.0,0.0,0.0
9,185,0.0,0,0.0,0.0,0.0
9,186,0.0,0,0.0,0.0,0.0
9,187,0.0,0,0.0,0.0,0.0
9,188,0.0,0,0.0,0.0,0.0
9,189,0.0,0,0.0,0.0,0.0
9,190,0.0,0,0.0,0.0,0.0
9,191,0.0,0,0.0,0.0,0.0
9,192,0.0,0,0.0,0.0,0.0
9,193,0.0,0,0.0,0.0,0.0
9,194,0.0,0,0.0,0.0,0.0
9,195,0.0,0,0.0,0.0,0.0
9,196,2.0,2,1.0,0.001863999990746379,1072.9613787171556
9,197,0.0,0,0.0,0.0,0.0
9,198,0.0,0,0.0,0.0,0.0
9,199,0.0,0,0.0,0.0,0.0
9,200,0.0,0,0.0,0.0,0.0
9,201,0.0,0,0.0,0.0,0.0
9,202,0.0,0,0.0,0.0,0.0
9,203,3.0,3,1.0,0.0027959999861195683,1072.9613787171556
9,204,0.0,0,0.0,0.0,0.0
9,205,0.0,0,0.0,0.0,0.0
9,206,0.0,0,0.0,0.0,0.0
9,207,0.0,0,0.0,0.0,0.0
9,208,2.0,2,1.0,0.001863999990746379,1072.9613787171556
9,209,0.0,0,0.0,0.0,0.0
9,210,0.0,0,0.0,0.0,0.0
9,211,0.0,0,0.0,0.0,0.0
9,212,0.0,0,0.0,0.0,0.0
9,213,0.0,0,0.0,0.0,0.0
9,214,0.0,0,0.0,0.0,0.0
9,215,0.0,0,0.0,0.0,0.0
9,216,0.0,0,0.0,0.0,0.0
9,217,0.0,0,0.0,0.0,0.0
9,218,0.0,0,0.0,0.0,0.0
9,219,0.0,0,0.0,0.0,0.0
9,220,0.0,0,0.0,0.0,0.0
9,221,3.0,3,1.0,0.0027959999861195683,1072.9613787171556
9,222,0.0,0,0.0,0.0,0.0
9,223,0.0,0,0.0,0.0,0.0
9,224,2.0,2,1.0,0.001863999990746379,1072.9613787171556
9,225,0.0,0,0.0,0.0,0.0
9,226,0.0,0,0.0,0.0,0.0
9,227,0.0,0,0.0,0.0,0.0
9,228,0.0,0,0.0,0.0,0.0
9,229,0.0,0,0.0,0.0,0.0
9,230,0.0,0,0.0,0.0,0.0
9,231,0.0,0,0.0,0.0,0.0
9,232,0.0,0,0.0,0.0,0.0
9,233,0.0,0,0.0,0.0,0.0
9,234,0.0,0,0.0,0.0,0.0
9,235,0.0,0,0.0,0.0,0.0
9,236,0.0,0,0.0,0.0,0.0
9,237,3.0,3,1.0,0.0027959999861195683,1072.9613787171556
9,238,3.0,3,1.0,0.0027959999861195683,1072.9613787171556
9,239,1.0,1,1.0,0.0009319999953731894,1072.9613787171556
9,240,0.0,0,0.0,0.0,0.0
9,241,0.0,0,0.0,0.0,0.0
9,242,0.0,0,0.0,0.0,0.0
9,243,0.0,0,0.0,0.0,0.0
9,244,0.0,0,0.0,0.0,0.0
9,245,0.0,0,0.0,0.0,0.0
9,246,1.0,1,1.0,0.0009319999953731894,1072.9613787171556
9,247,0.0,0,0.0,0.0,0.0
9,248,0.0,0,0.0,0.0,0.0
9,249,0.0,0,0.0,0.0,0.0
9,250,0.0,0,0.0,0.0,0.0
9,251,0.0,0,0.0,0.0,0.0
9,252,0.0,0,0.0,0.0,0.0
9,253,17.0,17,1.0,0.01584399992134422,1072.9613787171556
9,254,16.0,16,1.0,0.014911999925971031,1072.9613787171556
9,255,0.0,0,0.0,0.0,0.0
10,0,0.0,0,0.0,0.0,0.0
10,1,0.0,0,0.0,0.0,0.0
10,2,2.0,2,1.0,0.0018560000462457538,1077.586180046452
10,3,0.0,0,0.0,0.0,0.0
10,4,0.0,0,0.0,0.0,0.0
10,5,0.0,0,0.0,0.0,0.0
10,6,3.0,3,1.0,0.0027840000693686306,1077.586180046452
10,7,0.0,0,0.0,0.0,0.0
10,8,0.0,0,0.0,0.0,0.0
10,9,0.0,0,0.0,0.0,0.0
10,10,0.0,0,0.0,0.0,0.0
10,11,0.0,0,0.0,0.0,0.0
10,12,3.0,3,1.0,0.0027840000693686306,1077.586180046452
10,13,0.0,0,0.0,0.0,0.0
10,14,0.0,0,0.0,0.0,0.0
10,15,8.0,8,1.0,0.007424000184983015,1077.586180046452
10,16,10.0,10,1.0,0.009280000231228769,1077.586180046452
10,17,0.0,0,0.0,0.0,0.0
10,18,0.0,0,0.0,0.0,0.0
10,19,0.0,0,0.0,0.0,0.0
10,20,0.0,0,0.0,0.0,0.0
10,21,2.0,2,1.0,0.0018560000462457538,1077.586180046452
10,22,0.0,0,0.0,0.0,0.0
10,23,1.0,1,1.0,0.0009280000231228769,1077.586180046452
10,24,0.0,0,0.0,0.0,0.0
10,25,0.0,0,0.0,0.0,0.0
10,26,1.0,1,1.0,0.0009280000231228769,1077.586180046452
10,27,0.0,0,0.0,0.0,0.0
10,28,0.0,0,0.0,0.0,0.0
10,29,2.0,2,1.0,0.0018560000462457538,1077.586180046452
10,30,0.0,0,0.0,0.0,0.0
10,31,0.0,0,0.0,0.0,0.0
10,32,0.0,0,0.0,0.0,0.0
10,33,31.0,31,1.0,0.028768000716809183,1077.586180046452
10,34,0.0,0,0.0,0.0,0.0
10,35,0.0,0,0.0,0.0,0.0
10,36,0.0,0,0.0,0.0,0.0
10,37,0.0,0,0.0,0.0,0.0
10,38,0.0,0,0.0,0.0,0.0
10,39,0.0,0,0.0,0.0,0.0
10,40,0.0,0,0.0,0.0,0.0
10,41,0.0,0,0.0,0.0,0.0
10,42,0.0,0,0.0,0.0,0.0
10,43,0.0,0,0.0,0.0,0.0
10,44,1.0,1,1.0,0.0009280000231228769,1077.586180046452
10,45,0.0,0,0.0,0.0,0.0
10,46,0.0,0,0.0,0.0,0.0
10,47,0.0,0,0.0,0.0,0.0
10,48,0.0,0,0.0,0.0,0.0
10,49,0.0,0,0.0,0.0,0.0
10,50,1.0,1,1.0,0.0009280000231228769,1077.586180046452
10,51,0.0,0,0.0,0.0,0.0
10,52,0.0,0,0.0,0.0,0.0
10,53,0.0,0,0.0,0.0,0.0
10,54,0.0,0,0.0,0.0,0.0
10,55,2.0,2,1.0,0.0018560000462457538,1077.586180046452
10,56,0.0,0,0.0,0.0,0.0
10,57,42.0,42,1.0,0.03897600097116083,1077.586180046452
10,58,2.0,2,1.0,0.0018560000462457538,1077.586180046452
10,59,0.0,0,0.0,0.0,0.0
10,60,0.0,0,0.0,0.0,0.0
10,61,0.0,0,0.0,0.0,0.0
10,62,1.0,1,1.0,0.0009280000231228769,1077.586180046452
10,63,0.0,0,0.0,0.0,0.0
10,64,0.0,0,0.0,0.0,0.0
10,65,11.0,11,1.0,0.010208000254351646,1077.586180046452
10,66,1.0,1,1.0,0.0009280000231228769,1077.586180046452
10,67,0.0,0,0.0,0.0,0.0
10,68,0.0,0,0.0,0.0,0.0
10,69,0.0,0,0.0,0.0,0.0
10,70,0.0,0,0.0,0.0,0.0
10,71,10.0,10,1.0,0.009280000231228769,1077.586180046452
10,72,8.0,8,1.0,0.007424000184983015,1077.586180046452
10,73,1.0,1,1.0,0.0009280000231228769,1077.586180046452
10,74,0.0,0,0.0,0.0,0.0
10,75,0.0,0,0.0,0.0,0.0
10,76,0.0,0,0.0,0.0,0.0
10,77,0.0,0,0.0,0.0,0.0
10,78,2.0,2,1.0,0.0018560000462457538,1077.586180046452
10,79,0.0,0,0.0,0.0,0.0
10,80,0.0,0,0.0,0.0,0.0
10,81,1.0,1,1.0,0.0009280000231228769,1077.586180046452
10,82,0.0,0,0.0,0.0,0.0
10,83,0.0,0,0.0,0.0,0.0
10,84,0.0,0,0.0,0.0,0.0
10,85,11.0,11,1.0,0.010208000254351646,1077.586180046452
10,86,0.0,0,0.0,0.0,0.0
10,87,0.0,0,0.0,0.0,0.0
10,88,1.0,1,1.0,0.0009280000231228769,1077.586180046452
10,89,4.0,4,1.0,0.0037120000924915075,1077.586180046452
10,90,0.0,0,0.0,0.0,0.0
10,91,0.0,0,0.0,0.0,0.0
10,92,9.0,9,1.0,0.008352000208105892,1077.586180046452
10,93,0.0,0,0.0,0.0,0.0
10,94,0.0,0,0.0,0.0,0.0
10,95,0.0,0,0.0,0.0,0.0
10,96,0.0,0,0.0,0.0,0.0
10,97,0.0,0,0.0,0.0,0.0
10,98,0.0,0,0.0,0.0,0.0
10,99,0.0,0,0.0,0.0,0.0
10,100,0.0,0,0.0,0.0,0.0
10,101,0.0,0,0.0,0.0,0.0
10,102,2.0,2,1.0,0.0018560000462457538,1077.586180046452
10,103,0.0,0,0.0,0.0,0.0
10,104,0.0,0,0.0,0.0,0.0
10,105,0.0,0,0.0,0.0,0.0
10,106,0.0,0,0.0,0.0,0.0
10,107,0.0,0,0.0,0.0,0.0
10,108,0.0,0,0.0,0.0,0.0
10,109,0.0,0,0.0,0.0,0.0
10,110,1.0,1,1.0,0.0009280000231228769,1077.586180046452
10,111,0.0,0,0.0,0.0,0.0
10,112,1.0,1,1.0,0.0009280000231228769,1077.586180046452
10,113,0.0,0,0.0,0.0,0.0
10,114,0.0,0,0.0,0.0,0.0
10,115,0.0,0,0.0,0.0,0.0
10,116,3.0,3,1.0,0.0027840000693686306,1077.586180046452
10,117,0.0,0,0.0,0.0,0.0
10,118,0.0,0,0.0,0.0,0.0
10,119,3.0,3,1.0,0.0027840000693686306,1077.586180046452
10,120,0.0,0,0.0,0.0,0.0
10,121,0.0,0,0.0,0.0,0.0
10,122,0.0,0,0.0,0.0,0.0
10,123,4.0,4,1.0,0.0037120000924915075,1077.586180046452
10,124,0.0,0,0.0,0.0,0.0
10,125,0.0,0,0.0,0.0,0.0
10,126,0.0,0,0.0,0.0,0.0
10,127,0.0,0,0.0,0.0,0.0
10,128,0.0,0,0.0,0.0,0.0
10,129,1.0,1,1.0,0.0009280000231228769,1077.586180046452
10,130,43.0,43,1.0,0.039904000994283706,1077.586180046452
10,131,0.0,0,0.0,0.0,0.0
10,132,0.0,0,0.0,0.0,0.0
10,133,2.0,2,1.0,0.0018560000462457538,1077.586180046452
10,134,8.0,8,1.0,0.007424000184983015,1077.586180046452
10,135,0.0,0,0.0,0.0,0.0
10,136,0.0,0,0.0,0.0,0.0
10,137,0.0,0,0.0,0.0,0.0
10,138,0.0,0,0.0,0.0,0.0
10,139,0.0,0,0.0,0.0,0.0
10,140,0.0,0,0.0,0.0,0.0
10,141,15.0,15,1.0,0.013920000346843153,1077.586180046452
10,142,0.0,0,0.0,0.0,0.0
10,143,50.0,50,1.0,0.046400001156143844,1077.586180046452
10,144,0.0,0,0.0,0.0,0.0
10,145,7.0,7,1.0,0.006496000161860138,1077.586180046452
10,146,2.0,2,1.0,0.0018560000462457538,1077.586180046452
10,147,40.0,40,1.0,0.037120000924915075,1077.586180046452
10,148,0.0,0,0.0,0.0,0.0
10,149,0.0,0,0.0,0.0,0.0
10,150,5.0,5,1.0,0.004640000115614384,1077.586180046452
10,151,40.0,40,1.0,0.037120000924915075,1077.586180046452
10,152,0.0,0,0.0,0.0,0.0
10,153,0.0,0,0.0,0.0,0.0
10,154,0.0,0,0.0,0.0,0.0
10,155,1.0,1,1.0,0.0009280000231228769,1077.586180046452
10,156,1.0,1,1.0,0.0009280000231228769,1077.586180046452
10,157,14.0,14,1.0,0.012992000323720276,1077.586180046452
10,158,0.0,0,0.0,0.0,0.0
10,159,29.0,29,1.0,0.02691200067056343,1077.586180046452
10,160,2.0,2,1.0,0.0018560000462457538,1077.586180046452
10,161,0.0,0,0.0,0.0,0.0
10,162,0.0,0,0.0,0.0,0.0
10,163,1.0,1,1.0,0.0009280000231228769,1077.586180046452
10,164,2.0,2,1.0,0.0018560000462457538,1077.586180046452
10,165,0.0,0,0.0,0.0,0.0
10,166,0.0,0,0.0,0.0,0.0
10,167,0.0,0,0.0,0.0,0.0
10,168,0.0,0,0.0,0.0,0.0
10,169,0.0,0,0.0,0.0,0.0
10,170,0.0,0,0.0,0.0,0.0
10,171,0.0,0,0.0,0.0,0.0
10,172,0.0,0,0.0,0.0,0.0
10,173,0.0,0,0.0,0.0,0.0
10,174,1.0,1,1.0,0.0009280000231228769,1077.586180046452
10,175,1.0,1,1.0,0.0009280000231228769,1077.586180046452
10,176,0.0,0,0.0,0.0,0.0
10,177,0.0,0,0.0,0.0,0.0
10,178,0.0,0,0.0,0.0,0.0
10,179,0.0,0,0.0,0.0,0.0
10,180,0.0,0,0.0,0.0,0.0
10,181,0.0,0,0.0,0.0,0.0
10,182,0.0,0,0.0,0.0,0.0
10,183,3.0,3,1.0,0.0027840000693686306,1077.586180046452
10,184,0.0,0,0.0,0.0,0.0
10,185,0.0,0,0.0,0.0,0.0
10,186,0.0,0,0.0,0.0,0.0
10,187,0.0,0,0.0,0.0,0.0
10,188,2.0,2,1.0,0.0018560000462457538,1077.586180046452
10,189,4.0,4,1.0,0.0037120000924915075,1077.586180046452
10,190,0.0,0,0.0,0.0,0.0
10,191,0.0,0,0.0,0.0,0.0
10,192,0.0,0,0.0,0.0,0.0
10,193,0.0,0,0.0,0.0,0.0
10,194,0.0,0,0.0,0.0,0.0
10,195,0.0,0,0.0,0.0,0.0
10,196,0.0,0,0.0,0.0,0.0
10,197,1.0,1,1.0,0.0009280000231228769,1077.586180046452
10,198,1.0,1,1.0,0.0009280000231228769,1077.586180046452
10,199,0.0,0,0.0,0.0,0.0
10,200,0.0,0,0.0,0.0,0.0
10,201,0.0,0,0.0,0.0,0.0
10,202,0.0,0,0.0,0.0,0.0
10,203,0.0,0,0.0,0.0,0.0
10,204,0.0,0,0.0,0.0,0.0
10,205,0.0,0,0.0,0.0,0.0
10,206,0.0,0,0.0,0.0,0.0
10,207,0.0,0,0.0,0.0,0.0
10,208,0.0,0,0.0,0.0,0.0
10,209,0.0,0,0.0,0.0,0.0
10,210,0.0,0,0.0,0.0,0.0
10,211,0.0,0,0.0,0.0,0.0
10,212,0.0,0,0.0,0.0,0.0
10,213,0.0,0,0.0,0.0,0.0
10,214,0.0,0,0.0,0.0,0.0
10,215,0.0,0,0.0,0.0,0.0
10,216,0.0,0,0.0,0.0,0.0
10,217,0.0,0,0.0,0.0,0.0
10,218,3.0,3,1.0,0.0027840000693686306,1077.586180046452
10,219,0.0,0,0.0,0.0,0.0
10,220,0.0,0,0.0,0.0,0.0
10,221,0.0,0,0.0,0.0,0.0
10,222,0.0,0,0.0,0.0,0.0
10,223,0.0,0,0.0,0.0,0.0
10,224,0.0,0,0.0,0.0,0.0
10,225,0.0,0,0.0,0.0,0.0
10,226,0.0,0,0.0,0.0,0.0
10,227,0.0,0,0.0,0.0,0.0
10,228,0.0,0,0.0,0.0,0.0
10,229,0.0,0,0.0,0.0,0.0
10,230,1.0,1,1.0,0.0009280000231228769,1077.586180046452
10,231,0.0,0,0.0,0.0,0.0
10,232,0.0,0,0.0,0.0,0.0
10,233,0.0,0,0.0,0.0,0.0
10,234,0.0,0,0.0,0.0,0.0
10,235,1.0,1,1.0,0.0009280000231228769,1077.586180046452
10,236,0.0,0,0.0,0.0,0.0
10,237,0.0,0,0.0,0.0,0.0
10,238,0.0,0,0.0,0.0,0.0
10,239,0.0,0,0.0,0.0,0.0
10,240,0.0,0,0.0,0.0,0.0
10,241,2.0,2,1.0,0.0018560000462457538,1077.586180046452
10,242,0.0,0,0.0,0.0,0.0
10,243,42.0,42,1.0,0.03897600097116083,1077.586180046452
10,244,0.0,0,0.0,0.0,0.0
10,245,0.0,0,0.0,0.0,0.0
10,246,0.0,0,0.0,0.0,0.0
10,247,0.0,0,0.0,0.0,0.0
10,248,0.0,0,0.0,0.0,0.0
10,249,0.0,0,0.0,0.0,0.0
10,250,0.0,0,0.0,0.0,0.0
10,251,1.0,1,1.0,0.0009280000231228769,1077.586180046452
10,252,0.0,0,0.0,0.0,0.0
10,253,0.0,0,0.0,0.0,0.0
10,254,1.0,1,1.0,0.0009280000231228769,1077.586180046452
10,255,0.0,0,0.0,0.0,0.0
11,0,0.0,0,0.0,0.0,0.0
11,1,4.0,4,1.0,0.004240000154823065,943.3961919671015
11,2,0.0,0,0.0,0.0,0.0
11,3,5.0,5,1.0,0.005300000193528831,943.3961919671015
11,4,0.0,0,0.0,0.0,0.0
11,5,0.0,0,0.0,0.0,0.0
11,6,2.0,2,1.0,0.0021200000774115324,943.3961919671015
11,7,0.0,0,0.0,0.0,0.0
11,8,0.0,0,0.0,0.0,0.0
11,9,0.0,0,0.0,0.0,0.0
11,10,0.0,0,0.0,0.0,0.0
11,11,0.0,0,0.0,0.0,0.0
11,12,0.0,0,0.0,0.0,0.0
11,13,0.0,0,0.0,0.0,0.0
11,14,0.0,0,0.0,0.0,0.0
11,15,1.0,1,1.0,0.0010600000387057662,943.3961919671015
11,16,0.0,0,0.0,0.0,0.0
11,17,0.0,0,0.0,0.0,0.0
11,18,0.0,0,0.0,0.0,0.0
11,19,0.0,0,0.0,0.0,0.0
11,20,0.0,0,0.0,0.0,0.0
11,21,1.0,1,1.0,0.0010600000387057662,943.3961919671015
11,22,0.0,0,0.0,0.0,0.0
11,23,59.0,59,1.0,0.0625400022836402,943.3961919671015
11,24,0.0,0,0.0,0.0,0.0
11,25,0.0,0,0.0,0.0,0.0
11,26,0.0,0,0.0,0.0,0.0
11,27,0.0,0,0.0,0.0,0.0
11,28,3.0,3,1.0,0.0031800001161172986,943.3961919671015
11,29,0.0,0,0.0,0.0,0.0
11,30,0.0,0,0.0,0.0,0.0
11,31,0.0,0,0.0,0.0,0.0
11,32,0.0,0,0.0,0.0,0.0
11,33,0.0,0,0.0,0.0,0.0
11,34,1.0,1,1.0,0.0010600000387057662,943.3961919671015
11,35,0.0,0,0.0,0.0,0.0
11,36,2.0,2,1.0,0.0021200000774115324,943.3961919671015
11,37,12.0,12,1.0,0.012720000464469194,943.3961919671015
11,38,0.0,0,0.0,0.0,0.0
11,39,0.0,0,0.0,0.0,0.0
11,40,0.0,0,0.0,0.0,0.0
11,41,3.0,3,1.0,0.0031800001161172986,943.3961919671015
11,42,0.0,0,0.0,0.0,0.0
11,43,2.0,2,1.0,0.0021200000774115324,943.3961919671015
11,44,1.0,1,1.0,0.0010600000387057662,943.3961919671015
11,45,2.0,2,1.0,0.0021200000774115324,943.3961919671015
11,46,3.0,3,1.0,0.0031800001161172986,943.3961919671015
11,47,2.0,2,1.0,0.0021200000774115324,943.3961919671015
11,48,0.0,0,0.0,0.0,0.0
11,49,0.0,0,0.0,0.0,0.0
11,50,0.0,0,0.0,0.0,0.0
11,51,0.0,0,0.0,0.0,0.0
11,52,3.0,3,1.0,0.0031800001161172986,943.3961919671015
11,53,0.0,0,0.0,0.0,0.0
11,54,10.0,10,1.0,0.010600000387057662,943.3961919671015
11,55,5.0,5,1.0,0.005300000193528831,943.3961919671015
11,56,46.0,46,1.0,0.048760001780465245,943.3961919671015
11,57,3.0,3,1.0,0.0031800001161172986,943.3961919671015
11,58,5.0,5,1.0,0.005300000193528831,943.3961919671015
11,59,0.0,0,0.0,0.0,0.0
11,60,4.0,4,1.0,0.004240000154823065,943.3961919671015
11,61,0.0,0,0.0,0.0,0.0
11,62,2.0,2,1.0,0.0021200000774115324,943.3961919671015
11,63,0.0,0,0.0,0.0,0.0
11,64,0.0,0,0.0,0.0,0.0
11,65,0.0,0,0.0,0.0,0.0
11,66,0.0,0,0.0,0.0,0.0
11,67,3.0,3,1.0,0.0031800001161172986,943.3961919671015
11,68,0.0,0,0.0,0.0,0.0
11,69,0.0,0,0.0,0.0,0.0
11,70,0.0,0,0.0,0.0,0.0
11,71,3.0,3,1.0,0.0031800001161172986,943.3961919671015
11,72,11.0,11,1.0,0.011660000425763428,943.3961919671015
11,73,1.0,1,1.0,0.0010600000387057662,943.3961919671015
11,74,0.0,0,0.0,0.0,0.0
11,75,0.0,0,0.0,0.0,0.0
11,76,0.0,0,0.0,0.0,0.0
11,77,0.0,0,0.0,0.0,0.0
11,78,0.0,0,0.0,0.0,0.0
11,79,0.0,0,0.0,0.0,0.0
11,80,0.0,0,0.0,0.0,0.0
11,81,0.0,0,0.0,0.0,0.0
11,82,11.0,11,1.0,0.011660000425763428,943.3961919671015
11,83,0.0,0,0.0,0.0,0.0
11,84,0.0,0,0.0,0.0,0.0
11,85,0.0,0,0.0,0.0,0.0
11,86,0.0,0,0.0,0.0,0.0
11,87,8.0,8,1.0,0.00848000030964613,943.3961919671015
11,88,0.0,0,0.0,0.0,0.0
11,89,0.0,0,0.0,0.0,0.0
11,90,0.0,0,0.0,0.0,0.0
11,91,1.0,1,1.0,0.0010600000387057662,943.3961919671015
11,92,0.0,0,0.0,0.0,0.0
11,93,0.0,0,0.0,0.0,0.0
11,94,0.0,0,0.0,0.0,0.0
11,95,0.0,0,0.0,0.0,0.0
11,96,0.0,0,0.0,0.0,0.0
11,97,0.0,0,0.0,0.0,0.0
11,98,0.0,0,0.0,0.0,0.0
11,99,0.0,0,0.0,0.0,0.0
11,100,7.0,7,1.0,0.007420000270940363,943.3961919671015
11,101,9.0,9,1.0,0.009540000348351896,943.3961919671015
11,102,0.0,0,0.0,0.0,0.0
11,103,0.0,0,0.0,0.0,0.0
11,104,1.0,1,1.0,0.0010600000387057662,943.3961919671015
11,105,0.0,0,0.0,0.0,0.0
11,106,0.0,0,0.0,0.0,0.0
11,107,3.0,3,1.0,0.0031800001161172986,943.3961919671015
11,108,2.0,2,1.0,0.0021200000774115324,943.3961919671015
11,109,0.0,0,0.0,0.0,0.0
11,110,2.0,2,1.0,0.0021200000774115324,943.3961919671015
11,111,0.0,0,0.0,0.0,0.0
11,112,0.0,0,0.0,0.0,0.0
11,113,1.0,1,1.0,0.0010600000387057662,943.3961919671015
11,114,0.0,0,0.0,0.0,0.0
11,115,0.0,0,0.0,0.0,0.0
11,116,1.0,1,1.0,0.0010600000387057662,943.3961919671015
11,117,5.0,5,1.0,0.005300000193528831,943.3961919671015
11,118,0.0,0,0.0,0.0,0.0
11,119,15.0,15,1.0,0.015900000580586493,943.3961919671015
11,120,0.0,0,0.0,0.0,0.0
11,121,0.0,0,0.0,0.0,0.0
11,122,26.0,26,1.0,0.02756000100634992,943.3961919671015
11,123,10.0,10,1.0,0.010600000387057662,943.3961919671015
11,124,0.0,0,0.0,0.0,0.0
11,125,0.0,0,0.0,0.0,0.0
11,126,0.0,0,0.0,0.0,0.0
11,127,2.0,2,1.0,0.0021200000774115324,943.3961919671015
11,128,1.0,1,1.0,0.0010600000387057662,943.3961919671015
11,129,0.0,0,0.0,0.0,0.0
11,130,0.0,0,0.0,0.0,0.0
11,131,0.0,0,0.0,0.0,0.0
11,132,1.0,1,1.0,0.0010600000387057662,943.3961919671015
11,133,0.0,0,0.0,0.0,0.0
11,134,0.0,0,0.0,0.0,0.0
11,135,0.0,0,0.0,0.0,0.0
11,136,0.0,0,0.0,0.0,0.0
11,137,0.0,0,0.0,0.0,0.0
11,138,0.0,0,0.0,0.0,0.0
11,139,0.0,0,0.0,0.0,0.0
11,140,0.0,0,0.0,0.0,0.0
11,141,0.0,0,0.0,0.0,0.0
11,142,0.0,0,0.0,0.0,0.0
11,143,1.0,1,1.0,0.0010600000387057662,943.3961919671015
11,144,0.0,0,0.0,0.0,0.0
11,145,1.0,1,1.0,0.0010600000387057662,943.3961919671015
11,146,0.0,0,0.0,0.0,0.0
11,147,0.0,0,0.0,0.0,0.0
11,148,0.0,0,0.0,0.0,0.0
11,149,0.0,0,0.0,0.0,0.0
11,150,0.0,0,0.0,0.0,0.0
11,151,1.0,1,1.0,0.0010600000387057662,943.3961919671015
11,152,0.0,0,0.0,0.0,0.0
11,153,1.0,1,1.0,0.0010600000387057662,943.3961919671015
11,154,1.0,1,1.0,0.0010600000387057662,943.3961919671015
11,155,0.0,0,0.0,0.0,0.0
11,156,2.0,2,1.0,0.0021200000774115324,943.3961919671015
11,157,0.0,0,0.0,0.0,0.0
11,158,1.0,1,1.0,0.0010600000387057662,943.3961919671015
11,159,0.0,0,0.0,0.0,0.0
11,160,0.0,0,0.0,0.0,0.0
11,161,0.0,0,0.0,0.0,0.0
11,162,0.0,0,0.0,0.0,0.0
11,163,0.0,0,0.0,0.0,0.0
11,164,0.0,0,0.0,0.0,0.0
11,165,1.0,1,1.0,0.0010600000387057662,943.3961919671015
11,166,0.0,0,0.0,0.0,0.0
11,167,0.0,0,0.0,0.0,0.0
11,168,8.0,8,1.0,0.00848000030964613,943.3961919671015
11,169,0.0,0,0.0,0.0,0.0
11,170,0.0,0,0.0,0.0,0.0
11,171,0.0,0,0.0,0.0,0.0
11,172,0.0,0,0.0,0.0,0.0
11,173,0.0,0,0.0,0.0,0.0
11,174,0.0,0,0.0,0.0,0.0
11,175,0.0,0,0.0,0.0,0.0
11,176,0.0,0,0.0,0.0,0.0
11,177,1.0,1,1.0,0.0010600000387057662,943.3961919671015
11,178,9.0,9,1.0,0.009540000348351896,943.3961919671015
11,179,0.0,0,0.0,0.0,0.0
11,180,0.0,0,0.0,0.0,0.0
11,181,0.0,0,0.0,0.0,0.0
11,182,0.0,0,0.0,0.0,0.0
11,183,0.0,0,0.0,0.0,0.0
11,184,1.0,1,1.0,0.0010600000387057662,943.3961919671015
11,185,0.0,0,0.0,0.0,0.0
11,186,21.0,21,1.0,0.02226000081282109,943.3961919671015
11,187,0.0,0,0.0,0.0,0.0
11,188,0.0,0,0.0,0.0,0.0
11,189,20.0,20,1.0,0.021200000774115324,943.3961919671015
11,190,0.0,0,0.0,0.0,0.0
11,191,0.0,0,0.0,0.0,0.0
11,192,0.0,0,0.0,0.0,0.0
11,193,0.0,0,0.0,0.0,0.0
11,194,12.0,12,1.0,0.012720000464469194,943.3961919671015
11,195,3.0,3,1.0,0.0031800001161172986,943.3961919671015
11,196,0.0,0,0.0,0.0,0.0
11,197,5.0,5,1.0,0.005300000193528831,943.3961919671015
11,198,0.0,0,0.0,0.0,0.0
11,199,30.0,30,1.0,0.031800001161172986,943.3961919671015
11,200,2.0,2,1.0,0.0021200000774115324,943.3961919671015
11,201,0.0,0,0.0,0.0,0.0
11,202,10.0,10,1.0,0.010600000387057662,943.3961919671015
11,203,0.0,0,0.0,0.0,0.0
11,204,6.0,6,1.0,0.006360000232234597,943.3961919671015
11,205,0.0,0,0.0,0.0,0.0
11,206,0.0,0,0.0,0.0,0.0
11,207,0.0,0,0.0,0.0,0.0
11,208,2.0,2,1.0,0.0021200000774115324,943.3961919671015
11,209,2.0,2,1.0,0.0021200000774115324,943.3961919671015
11,210,0.0,0,0.0,0.0,0.0
11,211,0.0,0,0.0,0.0,0.0
11,212,0.0,0,0.0,0.0,0.0
11,213,3.0,3,1.0,0.0031800001161172986,943.3961919671015
11,214,30.0,30,1.0,0.031800001161172986,943.3961919671015
11,215,1.0,1,1.0,0.0010600000387057662,943.3961919671015
11,216,0.0,0,0.0,0.0,0.0
11,217,0.0,0,0.0,0.0,0.0
11,218,0.0,0,0.0,0.0,0.0
11,219,14.0,14,1.0,0.014840000541880727,943.3961919671015
11,220,0.0,0,0.0,0.0,0.0
11,221,0.0,0,0.0,0.0,0.0
11,222,0.0,0,0.0,0.0,0.0
11,223,0.0,0,0.0,0.0,0.0
11,224,0.0,0,0.0,0.0,0.0
11,225,3.0,3,1.0,0.0031800001161172986,943.3961919671015
11,226,0.0,0,0.0,0.0,0.0
11,227,0.0,0,0.0,0.0,0.0
11,228,0.0,0,0.0,0.0,0.0
11,229,0.0,0,0.0,0.0,0.0
11,230,0.0,0,0.0,0.0,0.0
11,231,0.0,0,0.0,0.0,0.0
11,232,0.0,0,0.0,0.0,0.0
11,233,1.0,1,1.0,0.0010600000387057662,943.3961919671015
11,234,0.0,0,0.0,0.0,0.0
11,235,0.0,0,0.0,0.0,0.0
11,236,0.0,0,0.0,0.0,0.0
11,237,2.0,2,1.0,0.0021200000774115324,943.3961919671015
11,238,0.0,0,0.0,0.0,0.0
11,239,4.0,4,1.0,0.004240000154823065,943.3961919671015
11,240,0.0,0,0.0,0.0,0.0
11,241,0.0,0,0.0,0.0,0.0
11,242,1.0,1,1.0,0.0010600000387057662,943.3961919671015
11,243,0.0,0,0.0,0.0,0.0
11,244,0.0,0,0.0,0.0,0.0
11,245,0.0,0,0.0,0.0,0.0
11,246,0.0,0,0.0,0.0,0.0
11,247,0.0,0,0.0,0.0,0.0
11,248,0.0,0,0.0,0.0,0.0
11,249,0.0,0,0.0,0.0,0.0
11,250,4.0,4,1.0,0.004240000154823065,943.3961919671015
11,251,0.0,0,0.0,0.0,0.0
11,252,3.0,3,1.0,0.0031800001161172986,943.3961919671015
11,253,0.0,0,0.0,0.0,0.0
11,254,0.0,0,0.0,0.0,0.0
11,255,0.0,0,0.0,0.0,0.0
12,0,0.0,0,0.0,0.0,0.0
12,1,1.0,1,1.0,0.0013259999686852098,754.1478307812829
12,2,26.0,26,1.0,0.034475999185815454,754.1478307812829
12,3,0.0,0,0.0,0.0,0.0
12,4,1.0,1,1.0,0.0013259999686852098,754.1478307812829
12,5,0.0,0,0.0,0.0,0.0
12,6,0.0,0,0.0,0.0,0.0
12,7,0.0,0,0.0,0.0,0.0
12,8,0.0,0,0.0,0.0,0.0
12,9,6.0,6,1.0,0.007955999812111259,754.1478307812829
12,10,0.0,0,0.0,0.0,0.0
12,11,4.0,4,1.0,0.005303999874740839,754.1478307812829
12,12,0.0,0,0.0,0.0,0.0
12,13,1.0,1,1.0,0.0013259999686852098,754.1478307812829
12,14,0.0,0,0.0,0.0,0.0
12,15,3.0,3,1.0,0.003977999906055629,754.1478307812829
12,16,0.0,0,0.0,0.0,0.0
12,17,0.0,0,0.0,0.0,0.0
12,18,0.0,0,0.0,0.0,0.0
12,19,0.0,0,0.0,0.0,0.0
12,20,0.0,0,0.0,0.0,0.0
12,21,0.0,0,0.0,0.0,0.0
12,22,0.0,0,0.0,0.0,0.0
12,23,2.0,2,1.0,0.0026519999373704195,754.1478307812829
12,24,3.0,3,1.0,0.003977999906055629,754.1478307812829
12,25,0.0,0,0.0,0.0,0.0
12,26,0.0,0,0.0,0.0,0.0
12,27,0.0,0,0.0,0.0,0.0
12,28,1.0,1,1.0,0.0013259999686852098,754.1478307812829
12,29,1.0,1,1.0,0.0013259999686852098,754.1478307812829
12,30,0.0,0,0.0,0.0,0.0
12,31,0.0,0,0.0,0.0,0.0
12,32,1.0,1,1.0,0.0013259999686852098,754.1478307812829
12,33,11.0,11,1.0,0.014585999655537307,754.1478307812829
12,34,0.0,0,0.0,0.0,0.0
12,35,7.0,7,1.0,0.009281999780796468,754.1478307812829
12,36,0.0,0,0.0,0.0,0.0
12,37,0.0,0,0.0,0.0,0.0
12,38,1.0,1,1.0,0.0013259999686852098,754.1478307812829
12,39,6.0,6,1.0,0.007955999812111259,754.1478307812829
12,40,0.0,0,0.0,0.0,0.0
12,41,0.0,0,0.0,0.0,0.0
12,42,0.0,0,0.0,0.0,0.0
12,43,4.0,4,1.0,0.005303999874740839,754.1478307812829
12,44,0.0,0,0.0,0.0,0.0
12,45,10.0,10,1.0,0.013259999686852098,754.1478307812829
12,46,5.0,5,1.0,0.006629999843426049,754.1478307812829
12,47,4.0,4,1.0,0.005303999874740839,754.1478307812829
12,48,6.0,6,1.0,0.007955999812111259,754.1478307812829
12,49,3.0,3,1.0,0.003977999906055629,754.1478307812829
12,50,0.0,0,0.0,0.0,0.0
12,51,0.0,0,0.0,0.0,0.0
12,52,0.0,0,0.0,0.0,0.0
12,53,35.0,35,1.0,0.04640999890398234,754.1478307812829
12,54,0.0,0,0.0,0.0,0.0
12,55,1.0,1,1.0,0.0013259999686852098,754.1478307812829
12,56,0.0,0,0.0,0.0,0.0
12,57,0.0,0,0.0,0.0,0.0
12,58,2.0,2,1.0,0.0026519999373704195,754.1478307812829
12,59,7.0,7,1.0,0.009281999780796468,754.1478307812829
12,60,3.0,3,1.0,0.003977999906055629,754.1478307812829
12,61,3.0,3,1.0,0.003977999906055629,754.1478307812829
12,62,5.0,5,1.0,0.006629999843426049,754.1478307812829
12,63,5.0,5,1.0,0.006629999843426049,754.1478307812829
12,64,11.0,11,1.0,0.014585999655537307,754.1478307812829
12,65,0.0,0,0.0,0.0,0.0
12,66,0.0,0,0.0,0.0,0.0
12,67,1.0,1,1.0,0.0013259999686852098,754.1478307812829
12,68,0.0,0,0.0,0.0,0.0
12,69,0.0,0,0.0,0.0,0.0
12,70,0.0,0,0.0,0.0,0.0
12,71,0.0,0,0.0,0.0,0.0
12,72,14.0,14,1.0,0.018563999561592937,754.1478307812829
12,73,3.0,3,1.0,0.003977999906055629,754.1478307812829
12,74,0.0,0,0.0,0.0,0.0
12,75,0.0,0,0.0,0.0,0.0
12,76,2.0,2,1.0,0.0026519999373704195,754.1478307812829
12,77,2.0,2,1.0,0.0026519999373704195,754.1478307812829
12,78,1.0,1,1.0,0.0013259999686852098,754.1478307812829
12,79,1.0,1,1.0,0.0013259999686852098,754.1478307812829
12,80,0.0,0,0.0,0.0,0.0
12,81,0.0,0,0.0,0.0,0.0
12,82,1.0,1,1.0,0.0013259999686852098,754.1478307812829
12,83,4.0,4,1.0,0.005303999874740839,754.1478307812829
12,84,0.0,0,0.0,0.0,0.0
12,85,0.0,0,0.0,0.0,0.0
12,86,0.0,0,0.0,0.0,0.0
12,87,3.0,3,1.0,0.003977999906055629,754.1478307812829
12,88,0.0,0,0.0,0.0,0.0
12,89,0.0,0,0.0,0.0,0.0
12,90,1.0,1,1.0,0.0013259999686852098,754.1478307812829
12,91,3.0,3,1.0,0.003977999906055629,754.1478307812829
12,92,16.0,16,1.0,0.021215999498963356,754.1478307812829
12,93,0.0,0,0.0,0.0,0.0
12,94,8.0,8,1.0,0.010607999749481678,754.1478307812829
12,95,0.0,0,0.0,0.0,0.0
12,96,0.0,0,0.0,0.0,0.0
12,97,4.0,4,1.0,0.005303999874740839,754.1478307812829
12,98,0.0,0,0.0,0.0,0.0
12,99,0.0,0,0.0,0.0,0.0
12,100,0.0,0,0.0,0.0,0.0
12,101,0.0,0,0.0,0.0,0.0
12,102,1.0,1,1.0,0.0013259999686852098,754.1478307812829
12,103,0.0,0,0.0,0.0,0.0
12,104,4.0,4,1.0,0.005303999874740839,754.1478307812829
12,105,1.0,1,1.0,0.0013259999686852098,754.1478307812829
12,106,1.0,1,1.0,0.0013259999686852098,754.1478307812829
12,107,1.0,1,1.0,0.0013259999686852098,754.1478307812829
12,108,8.0,8,1.0,0.010607999749481678,754.1478307812829
12,109,0.0,0,0.0,0.0,0.0
12,110,1.0,1,1.0,0.0013259999686852098,754.1478307812829
12,111,1.0,1,1.0,0.0013259999686852098,754.1478307812829
12,112,1.0,1,1.0,0.0013259999686852098,754.1478307812829
12,113,0.0,0,0.0,0.0,0.0
12,114,0.0,0,0.0,0.0,0.0
12,115,0.0,0,0.0,0.0,0.0
12,116,0.0,0,0.0,0.0,0.0
12,117,1.0,1,1.0,0.0013259999686852098,754.1478307812829
12,118,0.0,0,0.0,0.0,0.0
12,119,0.0,0,0.0,0.0,0.0
12,120,0.0,0,0.0,0.0,0.0
12,121,3.0,3,1.0,0.003977999906055629,754.1478307812829
12,122,0.0,0,0.0,0.0,0.0
12,123,5.0,5,1.0,0.006629999843426049,754.1478307812829
12,124,0.0,0,0.0,0.0,0.0
12,125,1.0,1,1.0,0.0013259999686852098,754.1478307812829
12,126,9.0,9,1.0,0.011933999718166888,754.1478307812829
12,127,9.0,9,1.0,0.011933999718166888,754.1478307812829
12,128,0.0,0,0.0,0.0,0.0
12,129,2.0,2,1.0,0.0026519999373704195,754.1478307812829
12,130,3.0,3,1.0,0.003977999906055629,754.1478307812829
12,131,0.0,0,0.0,0.0,0.0
12,132,0.0,0,0.0,0.0,0.0
12,133,0.0,0,0.0,0.0,0.0
12,134,0.0,0,0.0,0.0,0.0
12,135,2.0,2,1.0,0.0026519999373704195,754.1478307812829
12,136,0.0,0,0.0,0.0,0.0
12,137,4.0,4,1.0,0.005303999874740839,754.1478307812829
12,138,0.0,0,0.0,0.0,0.0
12,139,0.0,0,0.0,0.0,0.0
12,140,3.0,3,1.0,0.003977999906055629,754.1478307812829
12,141,0.0,0,0.0,0.0,0.0
12,142,0.0,0,0.0,0.0,0.0
12,143,2.0,2,1.0,0.0026519999373704195,754.1478307812829
12,144,0.0,0,0.0,0.0,0.0
12,145,3.0,3,1.0,0.003977999906055629,754.1478307812829
12,146,0.0,0,0.0,0.0,0.0
12,147,5.0,5,1.0,0.006629999843426049,754.1478307812829
12,148,0.0,0,0.0,0.0,0.0
12,149,4.0,4,1.0,0.005303999874740839,754.1478307812829
12,150,0.0,0,0.0,0.0,0.0
12,151,0.0,0,0.0,0.0,0.0
12,152,3.0,3,1.0,0.003977999906055629,754.1478307812829
12,153,0.0,0,0.0,0.0,0.0
12,154,1.0,1,1.0,0.0013259999686852098,754.1478307812829
12,155,3.0,3,1.0,0.003977999906055629,754.1478307812829
12,156,0.0,0,0.0,0.0,0.0
12,157,0.0,0,0.0,0.0,0.0
12,158,0.0,0,0.0,0.0,0.0
12,159,0.0,0,0.0,0.0,0.0
12,160,0.0,0,0.0,0.0,0.0
12,161,0.0,0,0.0,0.0,0.0
12,162,0.0,0,0.0,0.0,0.0
12,163,0.0,0,0.0,0.0,0.0
12,164,0.0,0,0.0,0.0,0.0
12,165,0.0,0,0.0,0.0,0.0
12,166,0.0,0,0.0,0.0,0.0
12,167,0.0,0,0.0,0.0,0.0
12,168,0.0,0,0.0,0.0,0.0
12,169,3.0,3,1.0,0.003977999906055629,754.1478307812829
12,170,0.0,0,0.0,0.0,0.0
12,171,4.0,4,1.0,0.005303999874740839,754.1478307812829
12,172,0.0,0,0.0,0.0,0.0
12,173,1.0,1,1.0,0.0013259999686852098,754.1478307812829
12,174,0.0,0,0.0,0.0,0.0
12,175,0.0,0,0.0,0.0,0.0
12,176,3.0,3,1.0,0.003977999906055629,754.1478307812829
12,177,1.0,1,1.0,0.0013259999686852098,754.1478307812829
12,178,0.0,0,0.0,0.0,0.0
12,179,0.0,0,0.0,0.0,0.0
12,180,0.0,0,0.0,0.0,0.0
12,181,0.0,0,0.0,0.0,0.0
12,182,0.0,0,0.0,0.0,0.0
12,183,0.0,0,0.0,0.0,0.0
12,184,0.0,0,0.0,0.0,0.0
12,185,1.0,1,1.0,0.0013259999686852098,754.1478307812829
12,186,0.0,0,0.0,0.0,0.0
12,187,0.0,0,0.0,0.0,0.0
12,188,0.0,0,0.0,0.0,0.0
12,189,0.0,0,0.0,0.0,0.0
12,190,2.0,2,1.0,0.0026519999373704195,754.1478307812829
12,191,0.0,0,0.0,0.0,0.0
12,192,4.0,4,1.0,0.005303999874740839,754.1478307812829
12,193,10.0,10,1.0,0.013259999686852098,754.1478307812829
12,194,0.0,0,0.0,0.0,0.0
12,195,0.0,0,0.0,0.0,0.0
12,196,0.0,0,0.0,0.0,0.0
12,197,0.0,0,0.0,0.0,0.0
12,198,0.0,0,0.0,0.0,0.0
12,199,5.0,5,1.0,0.006629999843426049,754.1478307812829
12,200,8.0,8,1.0,0.010607999749481678,754.1478307812829
12,201,0.0,0,0.0,0.0,0.0
12,202,0.0,0,0.0,0.0,0.0
12,203,0.0,0,0.0,0.0,0.0
12,204,1.0,1,1.0,0.0013259999686852098,754.1478307812829
12,205,0.0,0,0.0,0.0,0.0
12,206,0.0,0,0.0,0.0,0.0
12,207,0.0,0,0.0,0.0,0.0
12,208,0.0,0,0.0,0.0,0.0
12,209,26.0,26,1.0,0.034475999185815454,754.1478307812829
12,210,2.0,2,1.0,0.0026519999373704195,754.1478307812829
12,211,0.0,0,0.0,0.0,0.0
12,212,1.0,1,1.0,0.0013259999686852098,754.1478307812829
12,213,3.0,3,1.0,0.003977999906055629,754.1478307812829
12,214,1.0,1,1.0,0.0013259999686852098,754.1478307812829
12,215,5.0,5,1.0,0.006629999843426049,754.1478307812829
12,216,2.0,2,1.0,0.0026519999373704195,754.1478307812829
12,217,0.0,0,0.0,0.0,0.0
12,218,9.0,9,1.0,0.011933999718166888,754.1478307812829
12,219,3.0,3,1.0,0.003977999906055629,754.1478307812829
12,220,0.0,0,0.0,0.0,0.0
12,221,46.0,46,1.0,0.06099599855951965,754.1478307812829
12,222,0.0,0,0.0,0.0,0.0
12,223,0.0,0,0.0,0.0,0.0
12,224,0.0,0,0.0,0.0,0.0
12,225,0.0,0,0.0,0.0,0.0
12,226,0.0,0,0.0,0.0,0.0
12,227,0.0,0,0.0,0.0,0.0
12,228,0.0,0,0.0,0.0,0.0
12,229,2.0,2,1.0,0.0026519999373704195,754.1478307812829
12,230,1.0,1,1.0,0.0013259999686852098,754.1478307812829
12,231,0.0,0,0.0,0.0,0.0
12,232,0.0,0,0.0,0.0,0.0
12,233,1.0,1,1.0,0.0013259999686852098,754.1478307812829
12,234,0.0,0,0.0,0.0,0.0
12,235,0.0,0,0.0,0.0,0.0
12,236,3.0,3,1.0,0.003977999906055629,754.1478307812829
12,237,0.0,0,0.0,0.0,0.0
12,238,1.0,1,1.0,0.0013259999686852098,754.1478307812829
12,239,2.0,2,1.0,0.0026519999373704195,754.1478307812829
12,240,3.0,3,1.0,0.003977999906055629,754.1478307812829
12,241,0.0,0,0.0,0.0,0.0
12,242,3.0,3,1.0,0.003977999906055629,754.1478307812829
12,243,0.0,0,0.0,0.0,0.0
12,244,10.0,10,1.0,0.013259999686852098,754.1478307812829
12,245,3.0,3,1.0,0.003977999906055629,754.1478307812829
12,246,2.0,2,1.0,0.0026519999373704195,754.1478307812829
12,247,2.0,2,1.0,0.0026519999373704195,754.1478307812829
12,248,2.0,2,1.0,0.0026519999373704195,754.1478307812829
12,249,2.0,2,1.0,0.0026519999373704195,754.1478307812829
12,250,2.0,2,1.0,0.0026519999373704195,754.1478307812829
12,251,0.0,0,0.0,0.0,0.0
12,252,0.0,0,0.0,0.0,0.0
12,253,7.0,7,1.0,0.009281999780796468,754.1478307812829
12,254,0.0,0,0.0,0.0,0.0
12,255,0.0,0,0.0,0.0,0.0
13,0,0.0,0,0.0,0.0,0.0
13,1,0.0,0,0.0,0.0,0.0
13,2,8.0,8,1.0,0.011215999722480774,713.266779417372
13,3,1.0,1,1.0,0.0014019999653100967,713.266779417372
13,4,6.0,6,1.0,0.00841199979186058,713.266779417372
13,5,4.0,4,1.0,0.005607999861240387,713.266779417372
13,6,0.0,0,0.0,0.0,0.0
13,7,3.0,3,1.0,0.00420599989593029,713.266779417372
13,8,0.0,0,0.0,0.0,0.0
13,9,0.0,0,0.0,0.0,0.0
13,10,0.0,0,0.0,0.0,0.0
13,11,5.0,5,1.0,0.007009999826550484,713.266779417372
13,12,0.0,0,0.0,0.0,0.0
13,13,0.0,0,0.0,0.0,0.0
13,14,1.0,1,1.0,0.0014019999653100967,713.266779417372
13,15,1.0,1,1.0,0.0014019999653100967,713.266779417372
13,16,0.0,0,0.0,0.0,0.0
13,17,0.0,0,0.0,0.0,0.0
13,18,2.0,2,1.0,0.0028039999306201935,713.266779417372
13,19,4.0,4,1.0,0.005607999861240387,713.266779417372
13,20,3.0,3,1.0,0.00420599989593029,713.266779417372
13,21,3.0,3,1.0,0.00420599989593029,713.266779417372
13,22,0.0,0,0.0,0.0,0.0
13,23,3.0,3,1.0,0.00420599989593029,713.266779417372
13,24,0.0,0,0.0,0.0,0.0
13,25,0.0,0,0.0,0.0,0.0
13,26,0.0,0,0.0,0.0,0.0
13,27,0.0,0,0.0,0.0,0.0
13,28,0.0,0,0.0,0.0,0.0
13,29,0.0,0,0.0,0.0,0.0
13,30,1.0,1,1.0,0.0014019999653100967,713.266779417372
13,31,0.0,0,0.0,0.0,0.0
13,32,1.0,1,1.0,0.0014019999653100967,713.266779417372
13,33,0.0,0,0.0,0.0,0.0
13,34,0.0,0,0.0,0.0,0.0
13,35,0.0,0,0.0,0.0,0.0
13,36,6.0,6,1.0,0.00841199979186058,713.266779417372
13,37,0.0,0,0.0,0.0,0.0
13,38,1.0,1,1.0,0.0014019999653100967,713.266779417372
13,39,0.0,0,0.0,0.0,0.0
13,40,0.0,0,0.0,0.0,0.0
13,41,4.0,4,1.0,0.005607999861240387,713.266779417372
13,42,0.0,0,0.0,0.0,0.0
13,43,0.0,0,0.0,0.0,0.0
13,44,0.0,0,0.0,0.0,0.0
13,45,0.0,0,0.0,0.0,0.0
13,46,0.0,0,0.0,0.0,0.0
13,47,0.0,0,0.0,0.0,0.0
13,48,0.0,0,0.0,0.0,0.0
13,49,3.0,3,1.0,0.00420599989593029,713.266779417372
13,50,2.0,2,1.0,0.0028039999306201935,713.266779417372
13,51,4.0,4,1.0,0.005607999861240387,713.266779417372
13,52,0.0,0,0.0,0.0,0.0
13,53,1.0,1,1.0,0.0014019999653100967,713.266779417372
13,54,0.0,0,0.0,0.0,0.0
13,55,0.0,0,0.0,0.0,0.0
13,56,0.0,0,0.0,0.0,0.0
13,57,0.0,0,0.0,0.0,0.0
13,58,5.0,5,1.0,0.007009999826550484,713.266779417372
13,59,1.0,1,1.0,0.0014019999653100967,713.266779417372
13,60,0.0,0,0.0,0.0,0.0
13,61,0.0,0,0.0,0.0,0.0
13,62,0.0,0,0.0,0.0,0.0
13,63,0.0,0,0.0,0.0,0.0
13,64,0.0,0,0.0,0.0,0.0
13,65,0.0,0,0.0,0.0,0.0
13,66,2.0,2,1.0,0.0028039999306201935,713.266779417372
13,67,1.0,1,1.0,0.0014019999653100967,713.266779417372
13,68,0.0,0,0.0,0.0,0.0
13,69,2.0,2,1.0,0.0028039999306201935,713.266779417372
13,70,0.0,0,0.0,0.0,0.0
13,71,1.0,1,1.0,0.0014019999653100967,713.266779417372
13,72,0.0,0,0.0,0.0,0.0
13,73,6.0,6,1.0,0.00841199979186058,713.266779417372
13,74,2.0,2,1.0,0.0028039999306201935,713.266779417372
13,75,0.0,0,0.0,0.0,0.0
13,76,4.0,4,1.0,0.005607999861240387,713.266779417372
13,77,0.0,0,0.0,0.0,0.0
13,78,0.0,0,0.0,0.0,0.0
13,79,0.0,0,0.0,0.0,0.0
13,80,0.0,0,0.0,0.0,0.0
13,81,0.0,0,0.0,0.0,0.0
13,82,0.0,0,0.0,0.0,0.0
13,83,4.0,4,1.0,0.005607999861240387,713.266779417372
13,84,0.0,0,0.0,0.0,0.0
13,85,0.0,0,0.0,0.0,0.0
13,86,0.0,0,0.0,0.0,0.0
13,87,7.0,7,1.0,0.009813999757170677,713.266779417372
13,88,5.0,5,1.0,0.007009999826550484,713.266779417372
13,89,6.0,6,1.0,0.00841199979186058,713.266779417372
13,90,0.0,0,0.0,0.0,0.0
13,91,0.0,0,0.0,0.0,0.0
13,92,0.0,0,0.0,0.0,0.0
13,93,6.0,6,1.0,0.00841199979186058,713.266779417372
13,94,0.0,0,0.0,0.0,0.0
13,95,12.0,12,1.0,0.01682399958372116,713.266779417372
13,96,0.0,0,0.0,0.0,0.0
13,97,1.0,1,1.0,0.0014019999653100967,713.266779417372
13,98,0.0,0,0.0,0.0,0.0
13,99,0.0,0,0.0,0.0,0.0
13,100,0.0,0,0.0,0.0,0.0
13,101,0.0,0,0.0,0.0,0.0
13,102,0.0,0,0.0,0.0,0.0
13,103,0.0,0,0.0,0.0,0.0
13,104,1.0,1,1.0,0.0014019999653100967,713.266779417372
13,105,0.0,0,0.0,0.0,0.0
13,106,2.0,2,1.0,0.0028039999306201935,713.266779417372
13,107,0.0,0,0.0,0.0,0.0
13,108,0.0,0,0.0,0.0,0.0
13,109,1.0,1,1.0,0.0014019999653100967,713.266779417372
13,110,0.0,0,0.0,0.0,0.0
13,111,0.0,0,0.0,0.0,0.0
13,112,0.0,0,0.0,0.0,0.0
13,113,0.0,0,0.0,0.0,0.0
13,114,0.0,0,0.0,0.0,0.0
13,115,1.0,1,1.0,0.0014019999653100967,713.266779417372
13,116,1.0,1,1.0,0.0014019999653100967,713.266779417372
13,117,0.0,0,0.0,0.0,0.0
13,118,1.0,1,1.0,0.0014019999653100967,713.266779417372
13,119,0.0,0,0.0,0.0,0.0
13,120,2.0,2,1.0,0.0028039999306201935,713.266779417372
13,121,0.0,0,0.0,0.0,0.0
13,122,0.0,0,0.0,0.0,0.0
13,123,0.0,0,0.0,0.0,0.0
13,124,0.0,0,0.0,0.0,0.0
13,125,0.0,0,0.0,0.0,0.0
13,126,0.0,0,0.0,0.0,0.0
13,127,0.0,0,0.0,0.0,0.0
13,128,3.0,3,1.0,0.00420599989593029,713.266779417372
13,129,0.0,0,0.0,0.0,0.0
13,130,7.0,7,1.0,0.009813999757170677,713.266779417372
13,131,0.0,0,0.0,0.0,0.0
13,132,3.0,3,1.0,0.00420599989593029,713.266779417372
13,133,3.0,3,1.0,0.00420599989593029,713.266779417372
13,134,7.0,7,1.0,0.009813999757170677,713.266779417372
13,135,2.0,2,1.0,0.0028039999306201935,713.266779417372
13,136,1.0,1,1.0,0.0014019999653100967,713.266779417372
13,137,0.0,0,0.0,0.0,0.0
13,138,5.0,5,1.0,0.007009999826550484,713.266779417372
13,139,3.0,3,1.0,0.00420599989593029,713.266779417372
13,140,0.0,0,0.0,0.0,0.0
13,141,5.0,5,1.0,0.007009999826550484,713.266779417372
13,142,20.0,20,1.0,0.028039999306201935,713.266779417372
13,143,4.0,4,1.0,0.005607999861240387,713.266779417372
13,144,6.0,6,1.0,0.00841199979186058,713.266779417372
13,145,0.0,0,0.0,0.0,0.0
13,146,0.0,0,0.0,0.0,0.0
13,147,10.0,10,1.0,0.014019999653100967,713.266779417372
13,148,4.0,4,1.0,0.005607999861240387,713.266779417372
13,149,0.0,0,0.0,0.0,0.0
13,150,6.0,6,1.0,0.00841199979186058,713.266779417372
13,151,0.0,0,0.0,0.0,0.0
13,152,0.0,0,0.0,0.0,0.0
13,153,1.0,1,1.0,0.0014019999653100967,713.266779417372
13,154,0.0,0,0.0,0.0,0.0
13,155,15.0,15,1.0,0.02102999947965145,713.266779417372
13,156,3.0,3,1.0,0.00420599989593029,713.266779417372
13,157,7.0,7,1.0,0.009813999757170677,713.266779417372
13,158,1.0,1,1.0,0.0014019999653100967,713.266779417372
13,159,1.0,1,1.0,0.0014019999653100967,713.266779417372
13,160,0.0,0,0.0,0.0,0.0
13,161,13.0,13,1.0,0.018225999549031258,713.266779417372
13,162,0.0,0,0.0,0.0,0.0
13,163,0.0,0,0.0,0.0,0.0
13,164,0.0,0,0.0,0.0,0.0
13,165,1.0,1,1.0,0.0014019999653100967,713.266779417372
13,166,0.0,0,0.0,0.0,0.0
13,167,1.0,1,1.0,0.0014019999653100967,713.266779417372
13,168,2.0,2,1.0,0.0028039999306201935,713.266779417372
13,169,0.0,0,0.0,0.0,0.0
13,170,6.0,6,1.0,0.00841199979186058,713.266779417372
13,171,1.0,1,1.0,0.0014019999653100967,713.266779417372
13,172,0.0,0,0.0,0.0,0.0
13,173,3.0,3,1.0,0.00420599989593029,713.266779417372
13,174,5.0,5,1.0,0.007009999826550484,713.266779417372
13,175,0.0,0,0.0,0.0,0.0
13,176,0.0,0,0.0,0.0,0.0
13,177,1.0,1,1.0,0.0014019999653100967,713.266779417372
13,178,0.0,0,0.0,0.0,0.0
13,179,50.0,50,1.0,0.07009999826550484,713.266779417372
13,180,0.0,0,0.0,0.0,0.0
13,181,0.0,0,0.0,0.0,0.0
13,182,6.0,6,1.0,0.00841199979186058,713.266779417372
13,183,1.0,1,1.0,0.0014019999653100967,713.266779417372
13,184,16.0,16,1.0,0.022431999444961548,713.266779417372
13,185,1.0,1,1.0,0.0014019999653100967,713.266779417372
13,186,8.0,8,1.0,0.011215999722480774,713.266779417372
13,187,0.0,0,0.0,0.0,0.0
13,188,4.0,4,1.0,0.005607999861240387,713.266779417372
13,189,1.0,1,1.0,0.0014019999653100967,713.266779417372
13,190,4.0,4,1.0,0.005607999861240387,713.266779417372
13,191,1.0,1,1.0,0.0014019999653100967,713.266779417372
13,192,1.0,1,1.0,0.0014019999653100967,713.266779417372
13,193,0.0,0,0.0,0.0,0.0
13,194,0.0,0,0.0,0.0,0.0
13,195,8.0,8,1.0,0.011215999722480774,713.266779417372
13,196,0.0,0,0.0,0.0,0.0
13,197,0.0,0,0.0,0.0,0.0
13,198,0.0,0,0.0,0.0,0.0
13,199,2.0,2,1.0,0.0028039999306201935,713.266779417372
13,200,3.0,3,1.0,0.00420599989593029,713.266779417372
13,201,0.0,0,0.0,0.0,0.0
13,202,1.0,1,1.0,0.0014019999653100967,713.266779417372
13,203,1.0,1,1.0,0.0014019999653100967,713.266779417372
13,204,1.0,1,1.0,0.0014019999653100967,713.266779417372
13,205,0.0,0,0.0,0.0,0.0
13,206,2.0,2,1.0,0.0028039999306201935,713.266779417372
13,207,4.0,4,1.0,0.005607999861240387,713.266779417372
13,208,3.0,3,1.0,0.00420599989593029,713.266779417372
13,209,0.0,0,0.0,0.0,0.0
13,210,8.0,8,1.0,0.011215999722480774,713.266779417372
13,211,3.0,3,1.0,0.00420599989593029,713.266779417372
13,212,2.0,2,1.0,0.0028039999306201935,713.266779417372
13,213,5.0,5,1.0,0.007009999826550484,713.266779417372
13,214,3.0,3,1.0,0.00420599989593029,713.266779417372
13,215,0.0,0,0.0,0.0,0.0
13,216,18.0,18,1.0,0.02523599937558174,713.266779417372
13,217,2.0,2,1.0,0.0028039999306201935,713.266779417372
13,218,0.0,0,0.0,0.0,0.0
13,219,19.0,19,1.0,0.026637999340891838,713.266779417372
13,220,7.0,7,1.0,0.009813999757170677,713.266779417372
13,221,3.0,3,1.0,0.00420599989593029,713.266779417372
13,222,0.0,0,0.0,0.0,0.0
13,223,3.0,3,1.0,0.00420599989593029,713.266779417372
13,224,3.0,3,1.0,0.00420599989593029,713.266779417372
13,225,1.0,1,1.0,0.0014019999653100967,713.266779417372
13,226,0.0,0,0.0,0.0,0.0
13,227,0.0,0,0.0,0.0,0.0
13,228,2.0,2,1.0,0.0028039999306201935,713.266779417372
13,229,0.0,0,0.0,0.0,0.0
13,230,0.0,0,0.0,0.0,0.0
13,231,0.0,0,0.0,0.0,0.0
13,232,0.0,0,0.0,0.0,0.0
13,233,0.0,0,0.0,0.0,0.0
13,234,0.0,0,0.0,0.0,0.0
13,235,0.0,0,0.0,0.0,0.0
13,236,1.0,1,1.0,0.0014019999653100967,713.266779417372
13,237,2.0,2,1.0,0.0028039999306201935,713.266779417372
13,238,0.0,0,0.0,0.0,0.0
13,239,3.0,3,1.0,0.00420599989593029,713.266779417372
13,240,0.0,0,0.0,0.0,0.0
13,241,4.0,4,1.0,0.005607999861240387,713.266779417372
13,242,0.0,0,0.0,0.0,0.0
13,243,0.0,0,0.0,0.0,0.0
13,244,0.0,0,0.0,0.0,0.0
13,245,1.0,1,1.0,0.0014019999653100967,713.266779417372
13,246,0.0,0,0.0,0.0,0.0
13,247,0.0,0,0.0,0.0,0.0
13,248,0.0,0,0.0,0.0,0.0
13,249,2.0,2,1.0,0.0028039999306201935,713.266779417372
13,250,7.0,7,1.0,0.009813999757170677,713.266779417372
13,251,1.0,1,1.0,0.0014019999653100967,713.266779417372
13,252,0.0,0,0.0,0.0,0.0
13,253,0.0,0,0.0,0.0,0.0
13,254,0.0,0,0.0,0.0,0.0
13,255,3.0,3,1.0,0.00420599989593029,713.266779417372
14,0,4.0,4,1.0,0.005495999939739704,727.8020458256126
14,1,0.0,0,0.0,0.0,0.0
14,2,3.0,3,1.0,0.004121999954804778,727.8020458256126
14,3,0.0,0,0.0,0.0,0.0
14,4,23.0,23,1.0,0.0316019996535033,727.8020458256126
14,5,1.0,1,1.0,0.001373999984934926,727.8020458256126
14,6,0.0,0,0.0,0.0,0.0
14,7,6.0,6,1.0,0.008243999909609556,727.8020458256126
14,8,6.0,6,1.0,0.008243999909609556,727.8020458256126
14,9,11.0,11,1.0,0.015113999834284186,727.8020458256126
14,10,19.0,19,1.0,0.026105999713763595,727.8020458256126
14,11,0.0,0,0.0,0.0,0.0
14,12,3.0,3,1.0,0.004121999954804778,727.8020458256126
14,13,2.0,2,1.0,0.002747999969869852,727.8020458256126
14,14,0.0,0,0.0,0.0,0.0
14,15,1.0,1,1.0,0.001373999984934926,727.8020458256126
14,16,1.0,1,1.0,0.001373999984934926,727.8020458256126
14,17,4.0,4,1.0,0.005495999939739704,727.8020458256126
14,18,15.0,15,1.0,0.02060999977402389,727.8020458256126
14,19,0.0,0,0.0,0.0,0.0
14,20,3.0,3,1.0,0.004121999954804778,727.8020458256126
14,21,0.0,0,0.0,0.0,0.0
14,22,0.0,0,0.0,0.0,0.0
14,23,0.0,0,0.0,0.0,0.0
14,24,1.0,1,1.0,0.001373999984934926,727.8020458256126
14,25,1.0,1,1.0,0.001373999984934926,727.8020458256126
14,26,0.0,0,0.0,0.0,0.0
14,27,3.0,3,1.0,0.004121999954804778,727.8020458256126
14,28,0.0,0,0.0,0.0,0.0
14,29,1.0,1,1.0,0.001373999984934926,727.8020458256126
14,30,2.0,2,1.0,0.002747999969869852,727.8020458256126
14,31,2.0,2,1.0,0.002747999969869852,727.8020458256126
14,32,7.0,7,1.0,0.009617999894544482,727.8020458256126
14,33,1.0,1,1.0,0.001373999984934926,727.8020458256126
14,34,1.0,1,1.0,0.001373999984934926,727.8020458256126
14,35,3.0,3,1.0,0.004121999954804778,727.8020458256126
14,36,6.0,6,1.0,0.008243999909609556,727.8020458256126
14,37,0.0,0,0.0,0.0,0.0
14,38,0.0,0,0.0,0.0,0.0
14,39,10.0,10,1.0,0.01373999984934926,727.8020458256126
14,40,0.0,0,0.0,0.0,0.0
14,41,7.0,7,1.0,0.009617999894544482,727.8020458256126
14,42,0.0,0,0.0,0.0,0.0
14,43,7.0,7,1.0,0.009617999894544482,727.8020458256126
14,44,0.0,0,0.0,0.0,0.0
14,45,1.0,1,1.0,0.001373999984934926,727.8020458256126
14,46,0.0,0,0.0,0.0,0.0
14,47,3.0,3,1.0,0.004121999954804778,727.8020458256126
14,48,0.0,0,0.0,0.0,0.0
14,49,6.0,6,1.0,0.008243999909609556,727.8020458256126
14,50,0.0,0,0.0,0.0,0.0
14,51,0.0,0,0.0,0.0,0.0
14,52,5.0,5,1.0,0.00686999992467463,727.8020458256126
14,53,0.0,0,0.0,0.0,0.0
14,54,0.0,0,0.0,0.0,0.0
14,55,2.0,2,1.0,0.002747999969869852,727.8020458256126
14,56,3.0,3,1.0,0.004121999954804778,727.8020458256126
14,57,0.0,0,0.0,0.0,0.0
14,58,0.0,0,0.0,0.0,0.0
14,59,0.0,0,0.0,0.0,0.0
14,60,4.0,4,1.0,0.005495999939739704,727.8020458256126
14,61,1.0,1,1.0,0.001373999984934926,727.8020458256126
14,62,0.0,0,0.0,0.0,0.0
14,63,0.0,0,0.0,0.0,0.0
14,64,0.0,0,0.0,0.0,0.0
14,65,2.0,2,1.0,0.002747999969869852,727.8020458256126
14,66,5.0,5,1.0,0.00686999992467463,727.8020458256126
14,67,0.0,0,0.0,0.0,0.0
14,68,0.0,0,0.0,0.0,0.0
14,69,1.0,1,1.0,0.001373999984934926,727.8020458256126
14,70,0.0,0,0.0,0.0,0.0
14,71,0.0,0,0.0,0.0,0.0
14,72,1.0,1,1.0,0.001373999984934926,727.8020458256126
14,73,0.0,0,0.0,0.0,0.0
14,74,3.0,3,1.0,0.004121999954804778,727.8020458256126
14,75,0.0,0,0.0,0.0,0.0
14,76,1.0,1,1.0,0.001373999984934926,727.8020458256126
14,77,0.0,0,0.0,0.0,0.0
14,78,2.0,2,1.0,0.002747999969869852,727.8020458256126
14,79,2.0,2,1.0,0.002747999969869852,727.8020458256126
14,80,0.0,0,0.0,0.0,0.0
14,81,0.0,0,0.0,0.0,0.0
14,82,1.0,1,1.0,0.001373999984934926,727.8020458256126
14,83,0.0,0,0.0,0.0,0.0
14,84,4.0,4,1.0,0.005495999939739704,727.8020458256126
14,85,0.0,0,0.0,0.0,0.0
14,86,0.0,0,0.0,0.0,0.0
14,87,6.0,6,1.0,0.008243999909609556,727.8020458256126
14,88,0.0,0,0.0,0.0,0.0
14,89,0.0,0,0.0,0.0,0.0
14,90,0.0,0,0.0,0.0,0.0
14,91,0.0,0,0.0,0.0,0.0
14,92,0.0,0,0.0,0.0,0.0
14,93,2.0,2,1.0,0.002747999969869852,727.8020458256126
14,94,1.0,1,1.0,0.001373999984934926,727.8020458256126
14,95,3.0,3,1.0,0.004121999954804778,727.8020458256126
14,96,1.0,1,1.0,0.001373999984934926,727.8020458256126
14,97,1.0,1,1.0,0.001373999984934926,727.8020458256126
14,98,1.0,1,1.0,0.001373999984934926,727.8020458256126
14,99,0.0,0,0.0,0.0,0.0
14,100,0.0,0,0.0,0.0,0.0
14,101,0.0,0,0.0,0.0,0.0
14,102,0.0,0,0.0,0.0,0.0
14,103,0.0,0,0.0,0.0,0.0
14,104,6.0,6,1.0,0.008243999909609556,727.8020458256126
14,105,0.0,0,0.0,0.0,0.0
14,106,0.0,0,0.0,0.0,0.0
14,107,0.0,0,0.0,0.0,0.0
14,108,0.0,0,0.0,0.0,0.0
14,109,0.0,0,0.0,0.0,0.0
14,110,1.0,1,1.0,0.001373999984934926,727.8020458256126
14,111,0.0,0,0.0,0.0,0.0
14,112,2.0,2,1.0,0.002747999969869852,727.8020458256126
14,113,3.0,3,1.0,0.004121999954804778,727.8020458256126
14,114,1.0,1,1.0,0.001373999984934926,727.8020458256126
14,115,0.0,0,0.0,0.0,0.0
14,116,0.0,0,0.0,0.0,0.0
14,117,5.0,5,1.0,0.00686999992467463,727.8020458256126
14,118,1.0,1,1.0,0.001373999984934926,727.8020458256126
14,119,0.0,0,0.0,0.0,0.0
14,120,0.0,0,0.0,0.0,0.0
14,121,0.0,0,0.0,0.0,0.0
14,122,0.0,0,0.0,0.0,0.0
14,123,0.0,0,0.0,0.0,0.0
14,124,0.0,0,0.0,0.0,0.0
14,125,0.0,0,0.0,0.0,0.0
14,126,50.0,50,1.0,0.0686999992467463,727.8020458256126
14,127,0.0,0,0.0,0.0,0.0
14,128,6.0,6,1.0,0.008243999909609556,727.8020458256126
14,129,0.0,0,0.0,0.0,0.0
14,130,0.0,0,0.0,0.0,0.0
14,131,2.0,2,1.0,0.002747999969869852,727.8020458256126
14,132,0.0,0,0.0,0.0,0.0
14,133,0.0,0,0.0,0.0,0.0
14,134,4.0,4,1.0,0.005495999939739704,727.8020458256126
14,135,4.0,4,1.0,0.005495999939739704,727.8020458256126
14,136,10.0,10,1.0,0.01373999984934926,727.8020458256126
14,137,4.0,4,1.0,0.005495999939739704,727.8020458256126
14,138,0.0,0,0.0,0.0,0.0
14,139,0.0,0,0.0,0.0,0.0
14,140,0.0,0,0.0,0.0,0.0
14,141,0.0,0,0.0,0.0,0.0
14,142,0.0,0,0.0,0.0,0.0
14,143,1.0,1,1.0,0.001373999984934926,727.8020458256126
14,144,0.0,0,0.0,0.0,0.0
14,145,1.0,1,1.0,0.001373999984934926,727.8020458256126
14,146,0.0,0,0.0,0.0,0.0
14,147,3.0,3,1.0,0.004121999954804778,727.8020458256126
14,148,9.0,9,1.0,0.012365999864414334,727.8020458256126
14,149,0.0,0,0.0,0.0,0.0
14,150,7.0,7,1.0,0.009617999894544482,727.8020458256126
14,151,1.0,1,1.0,0.001373999984934926,727.8020458256126
14,152,2.0,2,1.0,0.002747999969869852,727.8020458256126
14,153,1.0,1,1.0,0.001373999984934926,727.8020458256126
14,154,1.0,1,1.0,0.001373999984934926,727.8020458256126
14,155,0.0,0,0.0,0.0,0.0
14,156,5.0,5,1.0,0.00686999992467463,727.8020458256126
14,157,1.0,1,1.0,0.001373999984934926,727.8020458256126
14,158,0.0,0,0.0,0.0,0.0
14,159,0.0,0,0.0,0.0,0.0
14,160,0.0,0,0.0,0.0,0.0
14,161,0.0,0,0.0,0.0,0.0
14,162,1.0,1,1.0,0.001373999984934926,727.8020458256126
14,163,3.0,3,1.0,0.004121999954804778,727.8020458256126
14,164,0.0,0,0.0,0.0,0.0
14,165,0.0,0,0.0,0.0,0.0
14,166,0.0,0,0.0,0.0,0.0
14,167,0.0,0,0.0,0.0,0.0
14,168,0.0,0,0.0,0.0,0.0
14,169,1.0,1,1.0,0.001373999984934926,727.8020458256126
14,170,1.0,1,1.0,0.001373999984934926,727.8020458256126
14,171,0.0,0,0.0,0.0,0.0
14,172,1.0,1,1.0,0.001373999984934926,727.8020458256126
14,173,0.0,0,0.0,0.0,0.0
14,174,3.0,3,1.0,0.004121999954804778,727.8020458256126
14,175,0.0,0,0.0,0.0,0.0
14,176,0.0,0,0.0,0.0,0.0
14,177,0.0,0,0.0,0.0,0.0
14,178,0.0,0,0.0,0.0,0.0
14,179,0.0,0,0.0,0.0,0.0
14,180,0.0,0,0.0,0.0,0.0
14,181,0.0,0,0.0,0.0,0.0
14,182,0.0,0,0.0,0.0,0.0
14,183,0.0,0,0.0,0.0,0.0
14,184,3.0,3,1.0,0.004121999954804778,727.8020458256126
14,185,3.0,3,1.0,0.004121999954804778,727.8020458256126
14,186,0.0,0,0.0,0.0,0.0
14,187,0.0,0,0.0,0.0,0.0
14,188,1.0,1,1.0,0.001373999984934926,727.8020458256126
14,189,0.0,0,0.0,0.0,0.0
14,190,2.0,2,1.0,0.002747999969869852,727.8020458256126
14,191,2.0,2,1.0,0.002747999969869852,727.8020458256126
14,192,0.0,0,0.0,0.0,0.0
14,193,0.0,0,0.0,0.0,0.0
14,194,0.0,0,0.0,0.0,0.0
14,195,1.0,1,1.0,0.001373999984934926,727.8020458256126
14,196,2.0,2,1.0,0.002747999969869852,727.8020458256126
14,197,0.0,0,0.0,0.0,0.0
14,198,3.0,3,1.0,0.004121999954804778,727.8020458256126
14,199,0.0,0,0.0,0.0,0.0
14,200,1.0,1,1.0,0.001373999984934926,727.8020458256126
14,201,6.0,6,1.0,0.008243999909609556,727.8020458256126
14,202,0.0,0,0.0,0.0,0.0
14,203,0.0,0,0.0,0.0,0.0
14,204,1.0,1,1.0,0.001373999984934926,727.8020458256126
14,205,0.0,0,0.0,0.0,0.0
14,206,0.0,0,0.0,0.0,0.0
14,207,0.0,0,0.0,0.0,0.0
14,208,0.0,0,0.0,0.0,0.0
14,209,0.0,0,0.0,0.0,0.0
14,210,2.0,2,1.0,0.002747999969869852,727.8020458256126
14,211,45.0,45,1.0,0.06182999932207167,727.8020458256126
14,212,0.0,0,0.0,0.0,0.0
14,213,1.0,1,1.0,0.001373999984934926,727.8020458256126
14,214,1.0,1,1.0,0.001373999984934926,727.8020458256126
14,215,0.0,0,0.0,0.0,0.0
14,216,6.0,6,1.0,0.008243999909609556,727.8020458256126
14,217,9.0,9,1.0,0.012365999864414334,727.8020458256126
14,218,5.0,5,1.0,0.00686999992467463,727.8020458256126
14,219,1.0,1,1.0,0.001373999984934926,727.8020458256126
14,220,0.0,0,0.0,0.0,0.0
14,221,0.0,0,0.0,0.0,0.0
14,222,1.0,1,1.0,0.001373999984934926,727.8020458256126
14,223,0.0,0,0.0,0.0,0.0
14,224,0.0,0,0.0,0.0,0.0
14,225,0.0,0,0.0,0.0,0.0
14,226,0.0,0,0.0,0.0,0.0
14,227,3.0,3,1.0,0.004121999954804778,727.8020458256126
14,228,0.0,0,0.0,0.0,0.0
14,229,0.0,0,0.0,0.0,0.0
14,230,0.0,0,0.0,0.0,0.0
14,231,3.0,3,1.0,0.004121999954804778,727.8020458256126
14,232,8.0,8,1.0,0.010991999879479408,727.8020458256126
14,233,0.0,0,0.0,0.0,0.0
14,234,2.0,2,1.0,0.002747999969869852,727.8020458256126
14,235,3.0,3,1.0,0.004121999954804778,727.8020458256126
14,236,0.0,0,0.0,0.0,0.0
14,237,0.0,0,0.0,0.0,0.0
14,238,0.0,0,0.0,0.0,0.0
14,239,6.0,6,1.0,0.008243999909609556,727.8020458256126
14,240,0.0,0,0.0,0.0,0.0
14,241,0.0,0,0.0,0.0,0.0
14,242,10.0,10,1.0,0.01373999984934926,727.8020458256126
14,243,2.0,2,1.0,0.002747999969869852,727.8020458256126
14,244,0.0,0,0.0,0.0,0.0
14,245,7.0,7,1.0,0.009617999894544482,727.8020458256126
14,246,0.0,0,0.0,0.0,0.0
14,247,0.0,0,0.0,0.0,0.0
14,248,2.0,2,1.0,0.002747999969869852,727.8020458256126
14,249,1.0,1,1.0,0.001373999984934926,727.8020458256126
14,250,0.0,0,0.0,0.0,0.0
14,251,2.0,2,1.0,0.002747999969869852,727.8020458256126
14,252,10.0,10,1.0,0.01373999984934926,727.8020458256126
14,253,0.0,0,0.0,0.0,0.0
14,254,0.0,0,0.0,0.0,0.0
14,255,0.0,0,0.0,0.0,0.0
15,0,0.0,0,0.0,0.0,0.0
15,1,0.0,0,0.0,0.0,0.0
15,2,0.0,0,0.0,0.0,0.0
15,3,2.0,2,1.0,0.0026839999482035637,745.1564972415988
15,4,1.0,1,1.0,0.0013419999741017818,745.1564972415988
15,5,6.0,6,1.0,0.008051999844610691,745.1564972415988
15,6,0.0,0,0.0,0.0,0.0
15,7,0.0,0,0.0,0.0,0.0
15,8,3.0,3,1.0,0.0040259999223053455,745.1564972415988
15,9,1.0,1,1.0,0.0013419999741017818,745.1564972415988
15,10,0.0,0,0.0,0.0,0.0
15,11,0.0,0,0.0,0.0,0.0
15,12,0.0,0,0.0,0.0,0.0
15,13,0.0,0,0.0,0.0,0.0
15,14,0.0,0,0.0,0.0,0.0
15,15,0.0,0,0.0,0.0,0.0
15,16,1.0,1,1.0,0.0013419999741017818,745.1564972415988
15,17,0.0,0,0.0,0.0,0.0
15,18,0.0,0,0.0,0.0,0.0
15,19,0.0,0,0.0,0.0,0.0
15,20,3.0,3,1.0,0.0040259999223053455,745.1564972415988
15,21,0.0,0,0.0,0.0,0.0
15,22,0.0,0,0.0,0.0,0.0
15,23,6.0,6,1.0,0.008051999844610691,745.1564972415988
15,24,3.0,3,1.0,0.0040259999223053455,745.1564972415988
15,25,0.0,0,0.0,0.0,0.0
15,26,2.0,2,1.0,0.0026839999482035637,745.1564972415988
15,27,2.0,2,1.0,0.0026839999482035637,745.1564972415988
15,28,1.0,1,1.0,0.0013419999741017818,745.1564972415988
15,29,0.0,0,0.0,0.0,0.0
15,30,0.0,0,0.0,0.0,0.0
15,31,1.0,1,1.0,0.0013419999741017818,745.1564972415988
15,32,0.0,0,0.0,0.0,0.0
15,33,0.0,0,0.0,0.0,0.0
15,34,0.0,0,0.0,0.0,0.0
15,35,1.0,1,1.0,0.0013419999741017818,745.1564972415988
15,36,3.0,3,1.0,0.0040259999223053455,745.1564972415988
15,37,0.0,0,0.0,0.0,0.0
15,38,0.0,0,0.0,0.0,0.0
15,39,0.0,0,0.0,0.0,0.0
15,40,1.0,1,1.0,0.0013419999741017818,745.1564972415988
15,41,0.0,0,0.0,0.0,0.0
15,42,0.0,0,0.0,0.0,0.0
15,43,0.0,0,0.0,0.0,0.0
15,44,1.0,1,1.0,0.0013419999741017818,745.1564972415988
15,45,0.0,0,0.0,0.0,0.0
15,46,0.0,0,0.0,0.0,0.0
15,47,0.0,0,0.0,0.0,0.0
15,48,0.0,0,0.0,0.0,0.0
15,49,7.0,7,1.0,0.009393999818712473,745.1564972415988
15,50,5.0,5,1.0,0.006709999870508909,745.1564972415988
15,51,0.0,0,0.0,0.0,0.0
15,52,0.0,0,0.0,0.0,0.0
15,53,0.0,0,0.0,0.0,0.0
15,54,0.0,0,0.0,0.0,0.0
15,55,3.0,3,1.0,0.0040259999223053455,745.1564972415988
15,56,3.0,3,1.0,0.0040259999223053455,745.1564972415988
15,57,1.0,1,1.0,0.0013419999741017818,745.1564972415988
15,58,0.0,0,0.0,0.0,0.0
15,59,11.0,11,1.0,0.0147619997151196,745.1564972415988
15,60,1.0,1,1.0,0.0013419999741017818,745.1564972415988
15,61,0.0,0,0.0,0.0,0.0
15,62,5.0,5,1.0,0.006709999870508909,745.1564972415988
15,63,0.0,0,0.0,0.0,0.0
15,64,0.0,0,0.0,0.0,0.0
15,65,2.0,2,1.0,0.0026839999482035637,745.1564972415988
15,66,2.0,2,1.0,0.0026839999482035637,745.1564972415988
15,67,6.0,6,1.0,0.008051999844610691,745.1564972415988
15,68,4.0,4,1.0,0.005367999896407127,745.1564972415988
15,69,3.0,3,1.0,0.0040259999223053455,745.1564972415988
15,70,0.0,0,0.0,0.0,0.0
15,71,0.0,0,0.0,0.0,0.0
15,72,27.0,27,1.0,0.03623399930074811,745.1564972415988
15,73,10.0,10,1.0,0.013419999741017818,745.1564972415988
15,74,1.0,1,1.0,0.0013419999741017818,745.1564972415988
15,75,0.0,0,0.0,0.0,0.0
15,76,0.0,0,0.0,0.0,0.0
15,77,1.0,1,1.0,0.0013419999741017818,745.1564972415988
15,78,1.0,1,1.0,0.0013419999741017818,745.1564972415988
15,79,7.0,7,1.0,0.009393999818712473,745.1564972415988
15,80,4.0,4,1.0,0.005367999896407127,745.1564972415988
15,81,1.0,1,1.0,0.0013419999741017818,745.1564972415988
15,82,14.0,14,1.0,0.018787999637424946,745.1564972415988
15,83,0.0,0,0.0,0.0,0.0
15,84,1.0,1,1.0,0.0013419999741017818,745.1564972415988
15,85,1.0,1,1.0,0.0013419999741017818,745.1564972415988
15,86,0.0,0,0.0,0.0,0.0
15,87,0.0,0,0.0,0.0,0.0
15,88,3.0,3,1.0,0.0040259999223053455,745.1564972415988
15,89,0.0,0,0.0,0.0,0.0
15,90,2.0,2,1.0,0.0026839999482035637,745.1564972415988
15,91,4.0,4,1.0,0.005367999896407127,745.1564972415988
15,92,3.0,3,1.0,0.0040259999223053455,745.1564972415988
15,93,0.0,0,0.0,0.0,0.0
15,94,0.0,0,0.0,0.0,0.0
15,95,0.0,0,0.0,0.0,0.0
15,96,0.0,0,0.0,0.0,0.0
15,97,4.0,4,1.0,0.005367999896407127,745.1564972415988
15,98,0.0,0,0.0,0.0,0.0
15,99,0.0,0,0.0,0.0,0.0
15,100,1.0,1,1.0,0.0013419999741017818,745.1564972415988
15,101,0.0,0,0.0,0.0,0.0
15,102,0.0,0,0.0,0.0,0.0
15,103,0.0,0,0.0,0.0,0.0
15,104,28.0,28,1.0,0.03757599927484989,745.1564972415988
15,105,1.0,1,1.0,0.0013419999741017818,745.1564972415988
15,106,0.0,0,0.0,0.0,0.0
15,107,0.0,0,0.0,0.0,0.0
15,108,0.0,0,0.0,0.0,0.0
15,109,0.0,0,0.0,0.0,0.0
15,110,0.0,0,0.0,0.0,0.0
15,111,0.0,0,0.0,0.0,0.0
15,112,0.0,0,0.0,0.0,0.0
15,113,0.0,0,0.0,0.0,0.0
15,114,0.0,0,0.0,0.0,0.0
15,115,0.0,0,0.0,0.0,0.0
15,116,1.0,1,1.0,0.0013419999741017818,745.1564972415988
15,117,1.0,1,1.0,0.0013419999741017818,745.1564972415988
15,118,3.0,3,1.0,0.0040259999223053455,745.1564972415988
15,119,0.0,0,0.0,0.0,0.0
15,120,0.0,0,0.0,0.0,0.0
15,121,1.0,1,1.0,0.0013419999741017818,745.1564972415988
15,122,0.0,0,0.0,0.0,0.0
15,123,0.0,0,0.0,0.0,0.0
15,124,0.0,0,0.0,0.0,0.0
15,125,0.0,0,0.0,0.0,0.0
15,126,0.0,0,0.0,0.0,0.0
15,127,0.0,0,0.0,0.0,0.0
15,128,0.0,0,0.0,0.0,0.0
15,129,1.0,1,1.0,0.0013419999741017818,745.1564972415988
15,130,0.0,0,0.0,0.0,0.0
15,131,0.0,0,0.0,0.0,0.0
15,132,0.0,0,0.0,0.0,0.0
15,133,4.0,4,1.0,0.005367999896407127,745.1564972415988
15,134,0.0,0,0.0,0.0,0.0
15,135,1.0,1,1.0,0.0013419999741017818,745.1564972415988
15,136,0.0,0,0.0,0.0,0.0
15,137,0.0,0,0.0,0.0,0.0
15,138,0.0,0,0.0,0.0,0.0
15,139,0.0,0,0.0,0.0,0.0
15,140,2.0,2,1.0,0.0026839999482035637,745.1564972415988
15,141,4.0,4,1.0,0.005367999896407127,745.1564972415988
15,142,0.0,0,0.0,0.0,0.0
15,143,0.0,0,0.0,0.0,0.0
15,144,2.0,2,1.0,0.0026839999482035637,745.1564972415988
15,145,0.0,0,0.0,0.0,0.0
15,146,0.0,0,0.0,0.0,0.0
15,147,0.0,0,0.0,0.0,0.0
15,148,0.0,0,0.0,0.0,0.0
15,149,4.0,4,1.0,0.005367999896407127,745.1564972415988
15,150,0.0,0,0.0,0.0,0.0
15,151,3.0,3,1.0,0.0040259999223053455,745.1564972415988
15,152,0.0,0,0.0,0.0,0.0
15,153,0.0,0,0.0,0.0,0.0
15,154,0.0,0,0.0,0.0,0.0
15,155,1.0,1,1.0,0.0013419999741017818,745.1564972415988
15,156,2.0,2,1.0,0.0026839999482035637,745.1564972415988
15,157,0.0,0,0.0,0.0,0.0
15,158,0.0,0,0.0,0.0,0.0
15,159,2.0,2,1.0,0.0026839999482035637,745.1564972415988
15,160,0.0,0,0.0,0.0,0.0
15,161,0.0,0,0.0,0.0,0.0
15,162,7.0,7,1.0,0.009393999818712473,745.1564972415988
15,163,1.0,1,1.0,0.0013419999741017818,745.1564972415988
15,164,31.0,31,1.0,0.04160199919715524,745.1564972415988
15,165,2.0,2,1.0,0.0026839999482035637,745.1564972415988
15,166,0.0,0,0.0,0.0,0.0
15,167,1.0,1,1.0,0.0013419999741017818,745.1564972415988
15,168,4.0,4,1.0,0.005367999896407127,745.1564972415988
15,169,6.0,6,1.0,0.008051999844610691,745.1564972415988
15,170,8.0,8,1.0,0.010735999792814255,745.1564972415988
15,171,1.0,1,1.0,0.0013419999741017818,745.1564972415988
15,172,0.0,0,0.0,0.0,0.0
15,173,6.0,6,1.0,0.008051999844610691,745.1564972415988
15,174,0.0,0,0.0,0.0,0.0
15,175,1.0,1,1.0,0.0013419999741017818,745.1564972415988
15,176,1.0,1,1.0,0.0013419999741017818,745.1564972415988
15,177,0.0,0,0.0,0.0,0.0
15,178,12.0,12,1.0,0.016103999689221382,745.1564972415988
15,179,6.0,6,1.0,0.008051999844610691,745.1564972415988
15,180,0.0,0,0.0,0.0,0.0
15,181,1.0,1,1.0,0.0013419999741017818,745.1564972415988
15,182,5.0,5,1.0,0.006709999870508909,745.1564972415988
15,183,0.0,0,0.0,0.0,0.0
15,184,45.0,45,1.0,0.06038999883458018,745.1564972415988
15,185,1.0,1,1.0,0.0013419999741017818,745.1564972415988
15,186,5.0,5,1.0,0.006709999870508909,745.1564972415988
15,187,0.0,0,0.0,0.0,0.0
15,188,2.0,2,1.0,0.0026839999482035637,745.1564972415988
15,189,4.0,4,1.0,0.005367999896407127,745.1564972415988
15,190,0.0,0,0.0,0.0,0.0
15,191,0.0,0,0.0,0.0,0.0
15,192,7.0,7,1.0,0.009393999818712473,745.1564972415988
15,193,0.0,0,0.0,0.0,0.0
15,194,3.0,3,1.0,0.0040259999223053455,745.1564972415988
15,195,1.0,1,1.0,0.0013419999741017818,745.1564972415988
15,196,0.0,0,0.0,0.0,0.0
15,197,2.0,2,1.0,0.0026839999482035637,745.1564972415988
15,198,0.0,0,0.0,0.0,0.0
15,199,0.0,0,0.0,0.0,0.0
15,200,0.0,0,0.0,0.0,0.0
15,201,0.0,0,0.0,0.0,0.0
15,202,0.0,0,0.0,0.0,0.0
15,203,0.0,0,0.0,0.0,0.0
15,204,2.0,2,1.0,0.0026839999482035637,745.1564972415988
15,205,5.0,5,1.0,0.006709999870508909,745.1564972415988
15,206,0.0,0,0.0,0.0,0.0
15,207,6.0,6,1.0,0.008051999844610691,745.1564972415988
15,208,0.0,0,0.0,0.0,0.0
15,209,0.0,0,0.0,0.0,0.0
15,210,0.0,0,0.0,0.0,0.0
15,211,0.0,0,0.0,0.0,0.0
15,212,3.0,3,1.0,0.0040259999223053455,745.1564972415988
15,213,3.0,3,1.0,0.0040259999223053455,745.1564972415988
15,214,1.0,1,1.0,0.0013419999741017818,745.1564972415988
15,215,0.0,0,0.0,0.0,0.0
15,216,1.0,1,1.0,0.0013419999741017818,745.1564972415988
15,217,1.0,1,1.0,0.0013419999741017818,745.1564972415988
15,218,0.0,0,0.0,0.0,0.0
15,219,3.0,3,1.0,0.0040259999223053455,745.1564972415988
15,220,0.0,0,0.0,0.0,0.0
15,221,0.0,0,0.0,0.0,0.0
15,222,0.0,0,0.0,0.0,0.0
15,223,1.0,1,1.0,0.0013419999741017818,745.1564972415988
15,224,1.0,1,1.0,0.0013419999741017818,745.1564972415988
15,225,3.0,3,1.0,0.0040259999223053455,745.1564972415988
15,226,0.0,0,0.0,0.0,0.0
15,227,0.0,0,0.0,0.0,0.0
15,228,0.0,0,0.0,0.0,0.0
15,229,9.0,9,1.0,0.012077999766916037,745.1564972415988
15,230,0.0,0,0.0,0.0,0.0
15,231,13.0,13,1.0,0.017445999663323164,745.1564972415988
15,232,0.0,0,0.0,0.0,0.0
15,233,0.0,0,0.0,0.0,0.0
15,234,0.0,0,0.0,0.0,0.0
15,235,0.0,0,0.0,0.0,0.0
15,236,3.0,3,1.0,0.0040259999223053455,745.1564972415988
15,237,0.0,0,0.0,0.0,0.0
15,238,17.0,17,1.0,0.02281399955973029,745.1564972415988
15,239,0.0,0,0.0,0.0,0.0
15,240,2.0,2,1.0,0.0026839999482035637,745.1564972415988
15,241,0.0,0,0.0,0.0,0.0
15,242,8.0,8,1.0,0.010735999792814255,745.1564972415988
15,243,0.0,0,0.0,0.0,0.0
15,244,0.0,0,0.0,0.0,0.0
15,245,0.0,0,0.0,0.0,0.0
15,246,0.0,0,0.0,0.0,0.0
15,247,9.0,9,1.0,0.012077999766916037,745.1564972415988
15,248,8.0,8,1.0,0.010735999792814255,745.1564972415988
15,249,2.0,2,1.0,0.0026839999482035637,745.1564972415988
15,250,0.0,0,0.0,0.0,0.0
15,251,3.0,3,1.0,0.0040259999223053455,745.1564972415988
15,252,5.0,5,1.0,0.006709999870508909,745.1564972415988
15,253,0.0,0,0.0,0.0,0.0
15,254,3.0,3,1.0,0.0040259999223053455,745.1564972415988
15,255,0.0,0,0.0,0.0,0.0
16,0,1.0,1,1.0,0.00139999995008111,714.2857397545366
16,1,0.0,0,0.0,0.0,0.0
16,2,0.0,0,0.0,0.0,0.0
16,3,3.0,3,1.0,0.00419999985024333,714.2857397545366
16,4,0.0,0,0.0,0.0,0.0
16,5,6.0,6,1.0,0.00839999970048666,714.2857397545366
16,6,0.0,0,0.0,0.0,0.0
16,7,4.0,4,1.0,0.00559999980032444,714.2857397545366
16,8,3.0,3,1.0,0.00419999985024333,714.2857397545366
16,9,0.0,0,0.0,0.0,0.0
16,10,3.0,3,1.0,0.00419999985024333,714.2857397545366
16,11,0.0,0,0.0,0.0,0.0
16,12,3.0,3,1.0,0.00419999985024333,714.2857397545366
16,13,4.0,4,1.0,0.00559999980032444,714.2857397545366
16,14,2.0,2,1.0,0.00279999990016222,714.2857397545366
16,15,1.0,1,1.0,0.00139999995008111,714.2857397545366
16,16,2.0,2,1.0,0.00279999990016222,714.2857397545366
16,17,0.0,0,0.0,0.0,0.0
16,18,1.0,1,1.0,0.00139999995008111,714.2857397545366
16,19,0.0,0,0.0,0.0,0.0
16,20,1.0,1,1.0,0.00139999995008111,714.2857397545366
16,21,0.0,0,0.0,0.0,0.0
16,22,2.0,2,1.0,0.00279999990016222,714.2857397545366
16,23,0.0,0,0.0,0.0,0.0
16,24,0.0,0,0.0,0.0,0.0
16,25,0.0,0,0.0,0.0,0.0
16,26,3.0,3,1.0,0.00419999985024333,714.2857397545366
16,27,0.0,0,0.0,0.0,0.0
16,28,1.0,1,1.0,0.00139999995008111,714.2857397545366
16,29,3.0,3,1.0,0.00419999985024333,714.2857397545366
16,30,22.0,22,1.0,0.03079999890178442,714.2857397545366
16,31,0.0,0,0.0,0.0,0.0
16,32,0.0,0,0.0,0.0,0.0
16,33,0.0,0,0.0,0.0,0.0
16,34,0.0,0,0.0,0.0,0.0
16,35,1.0,1,1.0,0.00139999995008111,714.2857397545366
16,36,1.0,1,1.0,0.00139999995008111,714.2857397545366
16,37,6.0,6,1.0,0.00839999970048666,714.2857397545366
16,38,5.0,5,1.0,0.00699999975040555,714.2857397545366
16,39,0.0,0,0.0,0.0,0.0
16,40,0.0,0,0.0,0.0,0.0
16,41,0.0,0,0.0,0.0,0.0
16,42,0.0,0,0.0,0.0,0.0
16,43,0.0,0,0.0,0.0,0.0
16,44,0.0,0,0.0,0.0,0.0
16,45,0.0,0,0.0,0.0,0.0
16,46,0.0,0,0.0,0.0,0.0
16,47,1.0,1,1.0,0.00139999995008111,714.2857397545366
16,48,0.0,0,0.0,0.0,0.0
16,49,0.0,0,0.0,0.0,0.0
16,50,1.0,1,1.0,0.00139999995008111,714.2857397545366
16,51,21.0,21,1.0,0.02939999895170331,714.2857397545366
16,52,1.0,1,1.0,0.00139999995008111,714.2857397545366
16,53,0.0,0,0.0,0.0,0.0
16,54,1.0,1,1.0,0.00139999995008111,714.2857397545366
16,55,0.0,0,0.0,0.0,0.0
16,56,0.0,0,0.0,0.0,0.0
16,57,0.0,0,0.0,0.0,0.0
16,58,0.0,0,0.0,0.0,0.0
16,59,10.0,10,1.0,0.0139999995008111,714.2857397545366
16,60,0.0,0,0.0,0.0,0.0
16,61,0.0,0,0.0,0.0,0.0
16,62,0.0,0,0.0,0.0,0.0
16,63,1.0,1,1.0,0.00139999995008111,714.2857397545366
16,64,1.0,1,1.0,0.00139999995008111,714.2857397545366
16,65,5.0,5,1.0,0.00699999975040555,714.2857397545366
16,66,1.0,1,1.0,0.00139999995008111,714.2857397545366
16,67,3.0,3,1.0,0.00419999985024333,714.2857397545366
16,68,0.0,0,0.0,0.0,0.0
16,69,0.0,0,0.0,0.0,0.0
16,70,0.0,0,0.0,0.0,0.0
16,71,24.0,24,1.0,0.03359999880194664,714.2857397545366
16,72,1.0,1,1.0,0.00139999995008111,714.2857397545366
16,73,1.0,1,1.0,0.00139999995008111,714.2857397545366
16,74,0.0,0,0.0,0.0,0.0
16,75,0.0,0,0.0,0.0,0.0
16,76,0.0,0,0.0,0.0,0.0
16,77,0.0,0,0.0,0.0,0.0
16,78,0.0,0,0.0,0.0,0.0
16,79,0.0,0,0.0,0.0,0.0
16,80,6.0,6,1.0,0.00839999970048666,714.2857397545366
16,81,5.0,5,1.0,0.00699999975040555,714.2857397545366
16,82,0.0,0,0.0,0.0,0.0
16,83,5.0,5,1.0,0.00699999975040555,714.2857397545366
16,84,1.0,1,1.0,0.00139999995008111,714.2857397545366
16,85,0.0,0,0.0,0.0,0.0
16,86,3.0,3,1.0,0.00419999985024333,714.2857397545366
16,87,1.0,1,1.0,0.00139999995008111,714.2857397545366
16,88,0.0,0,0.0,0.0,0.0
16,89,2.0,2,1.0,0.00279999990016222,714.2857397545366
16,90,2.0,2,1.0,0.00279999990016222,714.2857397545366
16,91,0.0,0,0.0,0.0,0.0
16,92,0.0,0,0.0,0.0,0.0
16,93,2.0,2,1.0,0.00279999990016222,714.2857397545366
16,94,0.0,0,0.0,0.0,0.0
16,95,0.0,0,0.0,0.0,0.0
16,96,0.0,0,0.0,0.0,0.0
16,97,0.0,0,0.0,0.0,0.0
16,98,0.0,0,0.0,0.0,0.0
16,99,3.0,3,1.0,0.00419999985024333,714.2857397545366
16,100,0.0,0,0.0,0.0,0.0
16,101,0.0,0,0.0,0.0,0.0
16,102,0.0,0,0.0,0.0,0.0
16,103,0.0,0,0.0,0.0,0.0
16,104,0.0,0,0.0,0.0,0.0
16,105,1.0,1,1.0,0.00139999995008111,714.2857397545366
16,106,7.0,7,1.0,0.00979999965056777,714.2857397545366
16,107,1.0,1,1.0,0.00139999995008111,714.2857397545366
16,108,3.0,3,1.0,0.00419999985024333,714.2857397545366
16,109,0.0,0,0.0,0.0,0.0
16,110,0.0,0,0.0,0.0,0.0
16,111,0.0,0,0.0,0.0,0.0
16,112,0.0,0,0.0,0.0,0.0
16,113,1.0,1,1.0,0.00139999995008111,714.2857397545366
16,114,0.0,0,0.0,0.0,0.0
16,115,0.0,0,0.0,0.0,0.0
16,116,0.0,0,0.0,0.0,0.0
16,117,21.0,21,1.0,0.02939999895170331,714.2857397545366
16,118,0.0,0,0.0,0.0,0.0
16,119,0.0,0,0.0,0.0,0.0
16,120,0.0,0,0.0,0.0,0.0
16,121,7.0,7,1.0,0.00979999965056777,714.2857397545366
16,122,0.0,0,0.0,0.0,0.0
16,123,0.0,0,0.0,0.0,0.0
16,124,0.0,0,0.0,0.0,0.0
16,125,0.0,0,0.0,0.0,0.0
16,126,3.0,3,1.0,0.00419999985024333,714.2857397545366
16,127,0.0,0,0.0,0.0,0.0
16,128,0.0,0,0.0,0.0,0.0
16,129,2.0,2,1.0,0.00279999990016222,714.2857397545366
16,130,0.0,0,0.0,0.0,0.0
16,131,0.0,0,0.0,0.0,0.0
16,132,1.0,1,1.0,0.00139999995008111,714.2857397545366
16,133,1.0,1,1.0,0.00139999995008111,714.2857397545366
16,134,0.0,0,0.0,0.0,0.0
16,135,5.0,5,1.0,0.00699999975040555,714.2857397545366
16,136,0.0,0,0.0,0.0,0.0
16,137,0.0,0,0.0,0.0,0.0
16,138,0.0,0,0.0,0.0,0.0
16,139,0.0,0,0.0,0.0,0.0
16,140,0.0,0,0.0,0.0,0.0
16,141,0.0,0,0.0,0.0,0.0
16,142,2.0,2,1.0,0.00279999990016222,714.2857397545366
16,143,0.0,0,0.0,0.0,0.0
16,144,0.0,0,0.0,0.0,0.0
16,145,0.0,0,0.0,0.0,0.0
16,146,1.0,1,1.0,0.00139999995008111,714.2857397545366
16,147,0.0,0,0.0,0.0,0.0
16,148,1.0,1,1.0,0.00139999995008111,714.2857397545366
16,149,4.0,4,1.0,0.00559999980032444,714.2857397545366
16,150,7.0,7,1.0,0.00979999965056777,714.2857397545366
16,151,1.0,1,1.0,0.00139999995008111,714.2857397545366
16,152,1.0,1,1.0,0.00139999995008111,714.2857397545366
16,153,0.0,0,0.0,0.0,0.0
16,154,1.0,1,1.0,0.00139999995008111,714.2857397545366
16,155,3.0,3,1.0,0.00419999985024333,714.2857397545366
16,156,0.0,0,0.0,0.0,0.0
16,157,3.0,3,1.0,0.00419999985024333,714.2857397545366
16,158,0.0,0,0.0,0.0,0.0
16,159,0.0,0,0.0,0.0,0.0
16,160,0.0,0,0.0,0.0,0.0
16,161,0.0,0,0.0,0.0,0.0
16,162,1.0,1,1.0,0.00139999995008111,714.2857397545366
16,163,0.0,0,0.0,0.0,0.0
16,164,0.0,0,0.0,0.0,0.0
16,165,0.0,0,0.0,0.0,0.0
16,166,1.0,1,1.0,0.00139999995008111,714.2857397545366
16,167,0.0,0,0.0,0.0,0.0
16,168,6.0,6,1.0,0.00839999970048666,714.2857397545366
16,169,0.0,0,0.0,0.0,0.0
16,170,8.0,8,1.0,0.01119999960064888,714.2857397545366
16,171,0.0,0,0.0,0.0,0.0
16,172,0.0,0,0.0,0.0,0.0
16,173,1.0,1,1.0,0.00139999995008111,714.2857397545366
16,174,11.0,11,1.0,0.01539999945089221,714.2857397545366
16,175,1.0,1,1.0,0.00139999995008111,714.2857397545366
16,176,0.0,0,0.0,0.0,0.0
16,177,2.0,2,1.0,0.00279999990016222,714.2857397545366
16,178,0.0,0,0.0,0.0,0.0
16,179,0.0,0,0.0,0.0,0.0
16,180,3.0,3,1.0,0.00419999985024333,714.2857397545366
16,181,0.0,0,0.0,0.0,0.0
16,182,0.0,0,0.0,0.0,0.0
16,183,0.0,0,0.0,0.0,0.0
16,184,1.0,1,1.0,0.00139999995008111,714.2857397545366
16,185,3.0,3,1.0,0.00419999985024333,714.2857397545366
16,186,0.0,0,0.0,0.0,0.0
16,187,0.0,0,0.0,0.0,0.0
16,188,5.0,5,1.0,0.00699999975040555,714.2857397545366
16,189,1.0,1,1.0,0.00139999995008111,714.2857397545366
16,190,0.0,0,0.0,0.0,0.0
16,191,6.0,6,1.0,0.00839999970048666,714.2857397545366
16,192,0.0,0,0.0,0.0,0.0
16,193,0.0,0,0.0,0.0,0.0
16,194,0.0,0,0.0,0.0,0.0
16,195,0.0,0,0.0,0.0,0.0
16,196,9.0,9,1.0,0.01259999955072999,714.2857397545366
16,197,0.0,0,0.0,0.0,0.0
16,198,0.0,0,0.0,0.0,0.0
16,199,17.0,17,1.0,0.02379999915137887,714.2857397545366
16,200,0.0,0,0.0,0.0,0.0
16,201,16.0,16,1.0,0.02239999920129776,714.2857397545366
16,202,0.0,0,0.0,0.0,0.0
16,203,1.0,1,1.0,0.00139999995008111,714.2857397545366
16,204,0.0,0,0.0,0.0,0.0
16,205,3.0,3,1.0,0.00419999985024333,714.2857397545366
16,206,0.0,0,0.0,0.0,0.0
16,207,3.0,3,1.0,0.00419999985024333,714.2857397545366
16,208,6.0,6,1.0,0.00839999970048666,714.2857397545366
16,209,1.0,1,1.0,0.00139999995008111,714.2857397545366
16,210,0.0,0,0.0,0.0,0.0
16,211,1.0,1,1.0,0.00139999995008111,714.2857397545366
16,212,1.0,1,1.0,0.00139999995008111,714.2857397545366
16,213,3.0,3,1.0,0.00419999985024333,714.2857397545366
16,214,3.0,3,1.0,0.00419999985024333,714.2857397545366
16,215,2.0,2,1.0,0.00279999990016222,714.2857397545366
16,216,0.0,0,0.0,0.0,0.0
16,217,0.0,0,0.0,0.0,0.0
16,218,0.0,0,0.0,0.0,0.0
16,219,0.0,0,0.0,0.0,0.0
16,220,1.0,1,1.0,0.00139999995008111,714.2857397545366
16,221,1.0,1,1.0,0.00139999995008111,714.2857397545366
16,222,6.0,6,1.0,0.00839999970048666,714.2857397545366
16,223,0.0,0,0.0,0.0,0.0
16,224,8.0,8,1.0,0.01119999960064888,714.2857397545366
16,225,1.0,1,1.0,0.00139999995008111,714.2857397545366
16,226,0.0,0,0.0,0.0,0.0
16,227,2.0,2,1.0,0.00279999990016222,714.2857397545366
16,228,0.0,0,0.0,0.0,0.0
16,229,1.0,1,1.0,0.00139999995008111,714.2857397545366
16,230,6.0,6,1.0,0.00839999970048666,714.2857397545366
16,231,1.0,1,1.0,0.00139999995008111,714.2857397545366
16,232,0.0,0,0.0,0.0,0.0
16,233,0.0,0,0.0,0.0,0.0
16,234,0.0,0,0.0,0.0,0.0
16,235,3.0,3,1.0,0.00419999985024333,714.2857397545366
16,236,4.0,4,1.0,0.00559999980032444,714.2857397545366
16,237,0.0,0,0.0,0.0,0.0
16,238,0.0,0,0.0,0.0,0.0
16,239,0.0,0,0.0,0.0,0.0
16,240,0.0,0,0.0,0.0,0.0
16,241,1.0,1,1.0,0.00139999995008111,714.2857397545366
16,242,0.0,0,0.0,0.0,0.0
16,243,0.0,0,0.0,0.0,0.0
16,244,4.0,4,1.0,0.00559999980032444,714.2857397545366
16,245,9.0,9,1.0,0.01259999955072999,714.2857397545366
16,246,1.0,1,1.0,0.00139999995008111,714.2857397545366
16,247,1.0,1,1.0,0.00139999995008111,714.2857397545366
16,248,2.0,2,1.0,0.00279999990016222,714.2857397545366
16,249,1.0,1,1.0,0.00139999995008111,714.2857397545366
16,250,4.0,4,1.0,0.00559999980032444,714.2857397545366
16,251,0.0,0,0.0,0.0,0.0
16,252,9.0,9,1.0,0.01259999955072999,714.2857397545366
16,253,59.0,59,1.0,0.08259999705478549,714.2857397545366
16,254,3.0,3,1.0,0.00419999985024333,714.2857397545366
16,255,11.0,11,1.0,0.01539999945089221,714.2857397545366
17,0,0.0,0,0.0,0.0,0.0
17,1,0.0,0,0.0,0.0,0.0
17,2,7.0,7,1.0,0.008274000254459679,846.0236626445601
17,3,4.0,4,1.0,0.004728000145405531,846.0236626445601
17,4,0.0,0,0.0,0.0,0.0
17,5,0.0,0,0.0,0.0,0.0
17,6,0.0,0,0.0,0.0,0.0
17,7,0.0,0,0.0,0.0,0.0
17,8,0.0,0,0.0,0.0,0.0
17,9,1.0,1,1.0,0.0011820000363513827,846.0236626445601
17,10,0.0,0,0.0,0.0,0.0
17,11,0.0,0,0.0,0.0,0.0
17,12,0.0,0,0.0,0.0,0.0
17,13,1.0,1,1.0,0.0011820000363513827,846.0236626445601
17,14,0.0,0,0.0,0.0,0.0
17,15,0.0,0,0.0,0.0,0.0
17,16,0.0,0,0.0,0.0,0.0
17,17,59.0,59,1.0,0.06973800214473158,846.0236626445601
17,18,0.0,0,0.0,0.0,0.0
17,19,22.0,22,1.0,0.02600400079973042,846.0236626445601
17,20,0.0,0,0.0,0.0,0.0
17,21,4.0,4,1.0,0.004728000145405531,846.0236626445601
17,22,0.0,0,0.0,0.0,0.0
17,23,0.0,0,0.0,0.0,0.0
17,24,0.0,0,0.0,0.0,0.0
17,25,25.0,25,1.0,0.02955000090878457,846.0236626445601
17,26,3.0,3,1.0,0.003546000109054148,846.0236626445601
17,27,3.0,3,1.0,0.003546000109054148,846.0236626445601
17,28,0.0,0,0.0,0.0,0.0
17,29,0.0,0,0.0,0.0,0.0
17,30,0.0,0,0.0,0.0,0.0
17,31,0.0,0,0.0,0.0,0.0
17,32,0.0,0,0.0,0.0,0.0
17,33,0.0,0,0.0,0.0,0.0
17,34,0.0,0,0.0,0.0,0.0
17,35,0.0,0,0.0,0.0,0.0
17,36,1.0,1,1.0,0.0011820000363513827,846.0236626445601
17,37,1.0,1,1.0,0.0011820000363513827,846.0236626445601
17,38,0.0,0,0.0,0.0,0.0
17,39,1.0,1,1.0,0.0011820000363513827,846.0236626445601
17,40,0.0,0,0.0,0.0,0.0
17,41,1.0,1,1.0,0.0011820000363513827,846.0236626445601
17,42,0.0,0,0.0,0.0,0.0
17,43,11.0,11,1.0,0.01300200039986521,846.0236626445601
17,44,0.0,0,0.0,0.0,0.0
17,45,0.0,0,0.0,0.0,0.0
17,46,0.0,0,0.0,0.0,0.0
17,47,0.0,0,0.0,0.0,0.0
17,48,1.0,1,1.0,0.0011820000363513827,846.0236626445601
17,49,1.0,1,1.0,0.0011820000363513827,846.0236626445601
17,50,1.0,1,1.0,0.0011820000363513827,846.0236626445601
17,51,0.0,0,0.0,0.0,0.0
17,52,0.0,0,0.0,0.0,0.0
17,53,0.0,0,0.0,0.0,0.0
17,54,0.0,0,0.0,0.0,0.0
17,55,3.0,3,1.0,0.003546000109054148,846.0236626445601
17,56,0.0,0,0.0,0.0,0.0
17,57,0.0,0,0.0,0.0,0.0
17,58,4.0,4,1.0,0.004728000145405531,846.0236626445601
17,59,0.0,0,0.0,0.0,0.0
17,60,7.0,7,1.0,0.008274000254459679,846.0236626445601
17,61,0.0,0,0.0,0.0,0.0
17,62,9.0,9,1.0,0.010638000327162445,846.0236626445601
17,63,0.0,0,0.0,0.0,0.0
17,64,0.0,0,0.0,0.0,0.0
17,65,0.0,0,0.0,0.0,0.0
17,66,5.0,5,1.0,0.005910000181756914,846.0236626445601
17,67,0.0,0,0.0,0.0,0.0
17,68,0.0,0,0.0,0.0,0.0
17,69,0.0,0,0.0,0.0,0.0
17,70,0.0,0,0.0,0.0,0.0
17,71,1.0,1,1.0,0.0011820000363513827,846.0236626445601
17,72,1.0,1,1.0,0.0011820000363513827,846.0236626445601
17,73,1.0,1,1.0,0.0011820000363513827,846.0236626445601
17,74,0.0,0,0.0,0.0,0.0
17,75,0.0,0,0.0,0.0,0.0
17,76,3.0,3,1.0,0.003546000109054148,846.0236626445601
17,77,2.0,2,1.0,0.0023640000727027655,846.0236626445601
17,78,0.0,0,0.0,0.0,0.0
17,79,0.0,0,0.0,0.0,0.0
17,80,2.0,2,1.0,0.0023640000727027655,846.0236626445601
17,81,1.0,1,1.0,0.0011820000363513827,846.0236626445601
17,82,0.0,0,0.0,0.0,0.0
17,83,0.0,0,0.0,0.0,0.0
17,84,0.0,0,0.0,0.0,0.0
17,85,5.0,5,1.0,0.005910000181756914,846.0236626445601
17,86,0.0,0,0.0,0.0,0.0
17,87,1.0,1,1.0,0.0011820000363513827,846.0236626445601
17,88,0.0,0,0.0,0.0,0.0
17,89,0.0,0,0.0,0.0,0.0
17,90,0.0,0,0.0,0.0,0.0
17,91,0.0,0,0.0,0.0,0.0
17,92,1.0,1,1.0,0.0011820000363513827,846.0236626445601
17,93,6.0,6,1.0,0.007092000218108296,846.0236626445601
17,94,0.0,0,0.0,0.0,0.0
17,95,1.0,1,1.0,0.0011820000363513827,846.0236626445601
17,96,0.0,0,0.0,0.0,0.0
17,97,0.0,0,0.0,0.0,0.0
17,98,0.0,0,0.0,0.0,0.0
17,99,0.0,0,0.0,0.0,0.0
17,100,2.0,2,1.0,0.0023640000727027655,846.0236626445601
17,101,0.0,0,0.0,0.0,0.0
17,102,2.0,2,1.0,0.0023640000727027655,846.0236626445601
17,103,0.0,0,0.0,0.0,0.0
17,104,0.0,0,0.0,0.0,0.0
17,105,0.0,0,0.0,0.0,0.0
17,106,0.0,0,0.0,0.0,0.0
17,107,0.0,0,0.0,0.0,0.0
17,108,5.0,5,1.0,0.005910000181756914,846.0236626445601
17,109,0.0,0,0.0,0.0,0.0
17,110,3.0,3,1.0,0.003546000109054148,846.0236626445601
17,111,0.0,0,0.0,0.0,0.0
17,112,1.0,1,1.0,0.0011820000363513827,846.0236626445601
17,113,0.0,0,0.0,0.0,0.0
17,114,0.0,0,0.0,0.0,0.0
17,115,0.0,0,0.0,0.0,0.0
17,116,0.0,0,0.0,0.0,0.0
17,117,1.0,1,1.0,0.0011820000363513827,846.0236626445601
17,118,0.0,0,0.0,0.0,0.0
17,119,3.0,3,1.0,0.003546000109054148,846.0236626445601
17,120,3.0,3,1.0,0.003546000109054148,846.0236626445601
17,121,0.0,0,0.0,0.0,0.0
17,122,0.0,0,0.0,0.0,0.0
17,123,2.0,2,1.0,0.0023640000727027655,846.0236626445601
17,124,0.0,0,0.0,0.0,0.0
17,125,0.0,0,0.0,0.0,0.0
17,126,1.0,1,1.0,0.0011820000363513827,846.0236626445601
17,127,0.0,0,0.0,0.0,0.0
17,128,0.0,0,0.0,0.0,0.0
17,129,0.0,0,0.0,0.0,0.0
17,130,0.0,0,0.0,0.0,0.0
17,131,0.0,0,0.0,0.0,0.0
17,132,0.0,0,0.0,0.0,0.0
17,133,0.0,0,0.0,0.0,0.0
17,134,4.0,4,1.0,0.004728000145405531,846.0236626445601
17,135,0.0,0,0.0,0.0,0.0
17,136,0.0,0,0.0,0.0,0.0
17,137,0.0,0,0.0,0.0,0.0
17,138,2.0,2,1.0,0.0023640000727027655,846.0236626445601
17,139,0.0,0,0.0,0.0,0.0
17,140,0.0,0,0.0,0.0,0.0
17,141,0.0,0,0.0,0.0,0.0
17,142,0.0,0,0.0,0.0,0.0
17,143,0.0,0,0.0,0.0,0.0
17,144,0.0,0,0.0,0.0,0.0
17,145,0.0,0,0.0,0.0,0.0
17,146,0.0,0,0.0,0.0,0.0
17,147,4.0,4,1.0,0.004728000145405531,846.0236626445601
17,148,5.0,5,1.0,0.005910000181756914,846.0236626445601
17,149,0.0,0,0.0,0.0,0.0
17,150,0.0,0,0.0,0.0,0.0
17,151,0.0,0,0.0,0.0,0.0
17,152,0.0,0,0.0,0.0,0.0
17,153,0.0,0,0.0,0.0,0.0
17,154,0.0,0,0.0,0.0,0.0
17,155,0.0,0,0.0,0.0,0.0
17,156,1.0,1,1.0,0.0011820000363513827,846.0236626445601
17,157,1.0,1,1.0,0.0011820000363513827,846.0236626445601
17,158,1.0,1,1.0,0.0011820000363513827,846.0236626445601
17,159,0.0,0,0.0,0.0,0.0
17,160,4.0,4,1.0,0.004728000145405531,846.0236626445601
17,161,0.0,0,0.0,0.0,0.0
17,162,0.0,0,0.0,0.0,0.0
17,163,0.0,0,0.0,0.0,0.0
17,164,0.0,0,0.0,0.0,0.0
17,165,0.0,0,0.0,0.0,0.0
17,166,0.0,0,0.0,0.0,0.0
17,167,0.0,0,0.0,0.0,0.0
17,168,3.0,3,1.0,0.003546000109054148,846.0236626445601
17,169,2.0,2,1.0,0.0023640000727027655,846.0236626445601
17,170,0.0,0,0.0,0.0,0.0
17,171,0.0,0,0.0,0.0,0.0
17,172,1.0,1,1.0,0.0011820000363513827,846.0236626445601
17,173,42.0,42,1.0,0.049644001526758075,846.0236626445601
17,174,0.0,0,0.0,0.0,0.0
17,175,6.0,6,1.0,0.007092000218108296,846.0236626445601
17,176,0.0,0,0.0,0.0,0.0
17,177,5.0,5,1.0,0.005910000181756914,846.0236626445601
17,178,0.0,0,0.0,0.0,0.0
17,179,0.0,0,0.0,0.0,0.0
17,180,0.0,0,0.0,0.0,0.0
17,181,0.0,0,0.0,0.0,0.0
17,182,3.0,3,1.0,0.003546000109054148,846.0236626445601
17,183,0.0,0,0.0,0.0,0.0
17,184,0.0,0,0.0,0.0,0.0
17,185,0.0,0,0.0,0.0,0.0
17,186,4.0,4,1.0,0.004728000145405531,846.0236626445601
17,187,1.0,1,1.0,0.0011820000363513827,846.0236626445601
17,188,3.0,3,1.0,0.003546000109054148,846.0236626445601
17,189,9.0,9,1.0,0.010638000327162445,846.0236626445601
17,190,0.0,0,0.0,0.0,0.0
17,191,1.0,1,1.0,0.0011820000363513827,846.0236626445601
17,192,2.0,2,1.0,0.0023640000727027655,846.0236626445601
17,193,53.0,53,1.0,0.06264600192662328,846.0236626445601
17,194,0.0,0,0.0,0.0,0.0
17,195,5.0,5,1.0,0.005910000181756914,846.0236626445601
17,196,0.0,0,0.0,0.0,0.0
17,197,0.0,0,0.0,0.0,0.0
17,198,3.0,3,1.0,0.003546000109054148,846.0236626445601
17,199,5.0,5,1.0,0.005910000181756914,846.0236626445601
17,200,0.0,0,0.0,0.0,0.0
17,201,16.0,16,1.0,0.018912000581622124,846.0236626445601
17,202,3.0,3,1.0,0.003546000109054148,846.0236626445601
17,203,1.0,1,1.0,0.0011820000363513827,846.0236626445601
17,204,1.0,1,1.0,0.0011820000363513827,846.0236626445601
17,205,0.0,0,0.0,0.0,0.0
17,206,0.0,0,0.0,0.0,0.0
17,207,2.0,2,1.0,0.0023640000727027655,846.0236626445601
17,208,0.0,0,0.0,0.0,0.0
17,209,3.0,3,1.0,0.003546000109054148,846.0236626445601
17,210,0.0,0,0.0,0.0,0.0
17,211,0.0,0,0.0,0.0,0.0
17,212,11.0,11,1.0,0.01300200039986521,846.0236626445601
17,213,2.0,2,1.0,0.0023640000727027655,846.0236626445601
17,214,0.0,0,0.0,0.0,0.0
17,215,15.0,15,1.0,0.01773000054527074,846.0236626445601
17,216,0.0,0,0.0,0.0,0.0
17,217,0.0,0,0.0,0.0,0.0
17,218,5.0,5,1.0,0.005910000181756914,846.0236626445601
17,219,2.0,2,1.0,0.0023640000727027655,846.0236626445601
17,220,21.0,21,1.0,0.024822000763379037,846.0236626445601
17,221,0.0,0,0.0,0.0,0.0
17,222,2.0,2,1.0,0.0023640000727027655,846.0236626445601
17,223,18.0,18,1.0,0.02127600065432489,846.0236626445601
17,224,0.0,0,0.0,0.0,0.0
17,225,2.0,2,1.0,0.0023640000727027655,846.0236626445601
17,226,1.0,1,1.0,0.0011820000363513827,846.0236626445601
17,227,0.0,0,0.0,0.0,0.0
17,228,0.0,0,0.0,0.0,0.0
17,229,2.0,2,1.0,0.0023640000727027655,846.0236626445601
17,230,0.0,0,0.0,0.0,0.0
17,231,0.0,0,0.0,0.0,0.0
17,232,0.0,0,0.0,0.0,0.0
17,233,1.0,1,1.0,0.0011820000363513827,846.0236626445601
17,234,0.0,0,0.0,0.0,0.0
17,235,0.0,0,0.0,0.0,0.0
17,236,0.0,0,0.0,0.0,0.0
17,237,0.0,0,0.0,0.0,0.0
17,238,0.0,0,0.0,0.0,0.0
17,239,0.0,0,0.0,0.0,0.0
17,240,1.0,1,1.0,0.0011820000363513827,846.0236626445601
17,241,0.0,0,0.0,0.0,0.0
17,242,2.0,2,1.0,0.0023640000727027655,846.0236626445601
17,243,0.0,0,0.0,0.0,0.0
17,244,1.0,1,1.0,0.0011820000363513827,846.0236626445601
17,245,4.0,4,1.0,0.004728000145405531,846.0236626445601
17,246,0.0,0,0.0,0.0,0.0
17,247,0.0,0,0.0,0.0,0.0
17,248,0.0,0,0.0,0.0,0.0
17,249,0.0,0,0.0,0.0,0.0
17,250,0.0,0,0.0,0.0,0.0
17,251,2.0,2,1.0,0.0023640000727027655,846.0236626445601
17,252,0.0,0,0.0,0.0,0.0
17,253,0.0,0,0.0,0.0,0.0
17,254,0.0,0,0.0,0.0,0.0
17,255,1.0,1,1.0,0.0011820000363513827,846.0236626445601
18,0,3.0,3,1.0,0.0036300000501796603,826.4462695672746
18,1,0.0,0,0.0,0.0,0.0
18,2,0.0,0,0.0,0.0,0.0
18,3,0.0,0,0.0,0.0,0.0
18,4,2.0,2,1.0,0.002420000033453107,826.4462695672746
18,5,38.0,38,1.0,0.04598000063560903,826.4462695672746
18,6,0.0,0,0.0,0.0,0.0
18,7,1.0,1,1.0,0.0012100000167265534,826.4462695672746
18,8,0.0,0,0.0,0.0,0.0
18,9,0.0,0,0.0,0.0,0.0
18,10,0.0,0,0.0,0.0,0.0
18,11,0.0,0,0.0,0.0,0.0
18,12,0.0,0,0.0,0.0,0.0
18,13,0.0,0,0.0,0.0,0.0
18,14,1.0,1,1.0,0.0012100000167265534,826.4462695672746
18,15,0.0,0,0.0,0.0,0.0
18,16,0.0,0,0.0,0.0,0.0
18,17,2.0,2,1.0,0.002420000033453107,826.4462695672746
18,18,0.0,0,0.0,0.0,0.0
18,19,1.0,1,1.0,0.0012100000167265534,826.4462695672746
18,20,7.0,7,1.0,0.008470000117085874,826.4462695672746
18,21,0.0,0,0.0,0.0,0.0
18,22,3.0,3,1.0,0.0036300000501796603,826.4462695672746
18,23,0.0,0,0.0,0.0,0.0
18,24,0.0,0,0.0,0.0,0.0
18,25,0.0,0,0.0,0.0,0.0
18,26,3.0,3,1.0,0.0036300000501796603,826.4462695672746
18,27,0.0,0,0.0,0.0,0.0
18,28,0.0,0,0.0,0.0,0.0
18,29,0.0,0,0.0,0.0,0.0
18,30,0.0,0,0.0,0.0,0.0
18,31,0.0,0,0.0,0.0,0.0
18,32,0.0,0,0.0,0.0,0.0
18,33,0.0,0,0.0,0.0,0.0
18,34,0.0,0,0.0,0.0,0.0
18,35,0.0,0,0.0,0.0,0.0
18,36,0.0,0,0.0,0.0,0.0
18,37,0.0,0,0.0,0.0,0.0
18,38,3.0,3,1.0,0.0036300000501796603,826.4462695672746
18,39,0.0,0,0.0,0.0,0.0
18,40,0.0,0,0.0,0.0,0.0
18,41,0.0,0,0.0,0.0,0.0
18,42,3.0,3,1.0,0.0036300000501796603,826.4462695672746
18,43,0.0,0,0.0,0.0,0.0
18,44,2.0,2,1.0,0.002420000033453107,826.4462695672746
18,45,0.0,0,0.0,0.0,0.0
18,46,0.0,0,0.0,0.0,0.0
18,47,3.0,3,1.0,0.0036300000501796603,826.4462695672746
18,48,0.0,0,0.0,0.0,0.0
18,49,2.0,2,1.0,0.002420000033453107,826.4462695672746
18,50,0.0,0,0.0,0.0,0.0
18,51,3.0,3,1.0,0.0036300000501796603,826.4462695672746
18,52,4.0,4,1.0,0.004840000066906214,826.4462695672746
18,53,0.0,0,0.0,0.0,0.0
18,54,0.0,0,0.0,0.0,0.0
18,55,1.0,1,1.0,0.0012100000167265534,826.4462695672746
18,56,3.0,3,1.0,0.0036300000501796603,826.4462695672746
18,57,0.0,0,0.0,0.0,0.0
18,58,0.0,0,0.0,0.0,0.0
18,59,2.0,2,1.0,0.002420000033453107,826.4462695672746
18,60,0.0,0,0.0,0.0,0.0
18,61,0.0,0,0.0,0.0,0.0
18,62,2.0,2,1.0,0.002420000033453107,826.4462695672746
18,63,0.0,0,0.0,0.0,0.0
18,64,0.0,0,0.0,0.0,0.0
18,65,2.0,2,1.0,0.002420000033453107,826.4462695672746
18,66,0.0,0,0.0,0.0,0.0
18,67,36.0,36,1.0,0.043560000602155924,826.4462695672746
18,68,0.0,0,0.0,0.0,0.0
18,69,0.0,0,0.0,0.0,0.0
18,70,5.0,5,1.0,0.006050000083632767,826.4462695672746
18,71,2.0,2,1.0,0.002420000033453107,826.4462695672746
18,72,0.0,0,0.0,0.0,0.0
18,73,0.0,0,0.0,0.0,0.0
18,74,4.0,4,1.0,0.004840000066906214,826.4462695672746
18,75,0.0,0,0.0,0.0,0.0
18,76,4.0,4,1.0,0.004840000066906214,826.4462695672746
18,77,2.0,2,1.0,0.002420000033453107,826.4462695672746
18,78,3.0,3,1.0,0.0036300000501796603,826.4462695672746
18,79,18.0,18,1.0,0.021780000301077962,826.4462695672746
18,80,0.0,0,0.0,0.0,0.0
18,81,0.0,0,0.0,0.0,0.0
18,82,0.0,0,0.0,0.0,0.0
18,83,0.0,0,0.0,0.0,0.0
18,84,0.0,0,0.0,0.0,0.0
18,85,0.0,0,0.0,0.0,0.0
18,86,0.0,0,0.0,0.0,0.0
18,87,1.0,1,1.0,0.0012100000167265534,826.4462695672746
18,88,18.0,18,1.0,0.021780000301077962,826.4462695672746
18,89,1.0,1,1.0,0.0012100000167265534,826.4462695672746
18,90,2.0,2,1.0,0.002420000033453107,826.4462695672746
18,91,0.0,0,0.0,0.0,0.0
18,92,2.0,2,1.0,0.002420000033453107,826.4462695672746
18,93,0.0,0,0.0,0.0,0.0
18,94,0.0,0,0.0,0.0,0.0
18,95,0.0,0,0.0,0.0,0.0
18,96,0.0,0,0.0,0.0,0.0
18,97,0.0,0,0.0,0.0,0.0
18,98,0.0,0,0.0,0.0,0.0
18,99,0.0,0,0.0,0.0,0.0
18,100,8.0,8,1.0,0.009680000133812428,826.4462695672746
18,101,0.0,0,0.0,0.0,0.0
18,102,1.0,1,1.0,0.0012100000167265534,826.4462695672746
18,103,5.0,5,1.0,0.006050000083632767,826.4462695672746
18,104,0.0,0,0.0,0.0,0.0
18,105,0.0,0,0.0,0.0,0.0
18,106,5.0,5,1.0,0.006050000083632767,826.4462695672746
18,107,0.0,0,0.0,0.0,0.0
18,108,0.0,0,0.0,0.0,0.0
18,109,0.0,0,0.0,0.0,0.0
18,110,0.0,0,0.0,0.0,0.0
18,111,1.0,1,1.0,0.0012100000167265534,826.4462695672746
18,112,0.0,0,0.0,0.0,0.0
18,113,0.0,0,0.0,0.0,0.0
18,114,1.0,1,1.0,0.0012100000167265534,826.4462695672746
18,115,2.0,2,1.0,0.002420000033453107,826.4462695672746
18,116,4.0,4,1.0,0.004840000066906214,826.4462695672746
18,117,0.0,0,0.0,0.0,0.0
18,118,0.0,0,0.0,0.0,0.0
18,119,1.0,1,1.0,0.0012100000167265534,826.4462695672746
18,120,0.0,0,0.0,0.0,0.0
18,121,3.0,3,1.0,0.0036300000501796603,826.4462695672746
18,122,1.0,1,1.0,0.0012100000167265534,826.4462695672746
18,123,0.0,0,0.0,0.0,0.0
18,124,0.0,0,0.0,0.0,0.0
18,125,0.0,0,0.0,0.0,0.0
18,126,0.0,0,0.0,0.0,0.0
18,127,3.0,3,1.0,0.0036300000501796603,826.4462695672746
18,128,4.0,4,1.0,0.004840000066906214,826.4462695672746
18,129,0.0,0,0.0,0.0,0.0
18,130,0.0,0,0.0,0.0,0.0
18,131,0.0,0,0.0,0.0,0.0
18,132,0.0,0,0.0,0.0,0.0
18,133,0.0,0,0.0,0.0,0.0
18,134,0.0,0,0.0,0.0,0.0
18,135,0.0,0,0.0,0.0,0.0
18,136,0.0,0,0.0,0.0,0.0
18,137,1.0,1,1.0,0.0012100000167265534,826.4462695672746
18,138,0.0,0,0.0,0.0,0.0
18,139,1.0,1,1.0,0.0012100000167265534,826.4462695672746
18,140,0.0,0,0.0,0.0,0.0
18,141,2.0,2,1.0,0.002420000033453107,826.4462695672746
18,142,0.0,0,0.0,0.0,0.0
18,143,0.0,0,0.0,0.0,0.0
18,144,1.0,1,1.0,0.0012100000167265534,826.4462695672746
18,145,0.0,0,0.0,0.0,0.0
18,146,0.0,0,0.0,0.0,0.0
18,147,9.0,9,1.0,0.010890000150538981,826.4462695672746
18,148,0.0,0,0.0,0.0,0.0
18,149,6.0,6,1.0,0.007260000100359321,826.4462695672746
18,150,0.0,0,0.0,0.0,0.0
18,151,2.0,2,1.0,0.002420000033453107,826.4462695672746
18,152,0.0,0,0.0,0.0,0.0
18,153,4.0,4,1.0,0.004840000066906214,826.4462695672746
18,154,0.0,0,0.0,0.0,0.0
18,155,0.0,0,0.0,0.0,0.0
18,156,0.0,0,0.0,0.0,0.0
18,157,0.0,0,0.0,0.0,0.0
18,158,6.0,6,1.0,0.007260000100359321,826.4462695672746
18,159,3.0,3,1.0,0.0036300000501796603,826.4462695672746
18,160,2.0,2,1.0,0.002420000033453107,826.4462695672746
18,161,0.0,0,0.0,0.0,0.0
18,162,2.0,2,1.0,0.002420000033453107,826.4462695672746
18,163,0.0,0,0.0,0.0,0.0
18,164,3.0,3,1.0,0.0036300000501796603,826.4462695672746
18,165,2.0,2,1.0,0.002420000033453107,826.4462695672746
18,166,9.0,9,1.0,0.010890000150538981,826.4462695672746
18,167,0.0,0,0.0,0.0,0.0
18,168,5.0,5,1.0,0.006050000083632767,826.4462695672746
18,169,2.0,2,1.0,0.002420000033453107,826.4462695672746
18,170,1.0,1,1.0,0.0012100000167265534,826.4462695672746
18,171,15.0,15,1.0,0.0181500002508983,826.4462695672746
18,172,0.0,0,0.0,0.0,0.0
18,173,0.0,0,0.0,0.0,0.0
18,174,4.0,4,1.0,0.004840000066906214,826.4462695672746
18,175,0.0,0,0.0,0.0,0.0
18,176,5.0,5,1.0,0.006050000083632767,826.4462695672746
18,177,0.0,0,0.0,0.0,0.0
18,178,0.0,0,0.0,0.0,0.0
18,179,0.0,0,0.0,0.0,0.0
18,180,0.0,0,0.0,0.0,0.0
18,181,6.0,6,1.0,0.007260000100359321,826.4462695672746
18,182,0.0,0,0.0,0.0,0.0
18,183,0.0,0,0.0,0.0,0.0
18,184,4.0,4,1.0,0.004840000066906214,826.4462695672746
18,185,0.0,0,0.0,0.0,0.0
18,186,0.0,0,0.0,0.0,0.0
18,187,49.0,49,1.0,0.05929000081960112,826.4462695672746
18,188,2.0,2,1.0,0.002420000033453107,826.4462695672746
18,189,13.0,13,1.0,0.015730000217445195,826.4462695672746
18,190,35.0,35,1.0,0.04235000058542937,826.4462695672746
18,191,0.0,0,0.0,0.0,0.0
18,192,4.0,4,1.0,0.004840000066906214,826.4462695672746
18,193,0.0,0,0.0,0.0,0.0
18,194,1.0,1,1.0,0.0012100000167265534,826.4462695672746
18,195,5.0,5,1.0,0.006050000083632767,826.4462695672746
18,196,12.0,12,1.0,0.014520000200718641,826.4462695672746
18,197,0.0,0,0.0,0.0,0.0
18,198,4.0,4,1.0,0.004840000066906214,826.4462695672746
18,199,8.0,8,1.0,0.009680000133812428,826.4462695672746
18,200,0.0,0,0.0,0.0,0.0
18,201,0.0,0,0.0,0.0,0.0
18,202,0.0,0,0.0,0.0,0.0
18,203,0.0,0,0.0,0.0,0.0
18,204,9.0,9,1.0,0.010890000150538981,826.4462695672746
18,205,0.0,0,0.0,0.0,0.0
18,206,0.0,0,0.0,0.0,0.0
18,207,1.0,1,1.0,0.0012100000167265534,826.4462695672746
18,208,3.0,3,1.0,0.0036300000501796603,826.4462695672746
18,209,3.0,3,1.0,0.0036300000501796603,826.4462695672746
18,210,7.0,7,1.0,0.008470000117085874,826.4462695672746
18,211,5.0,5,1.0,0.006050000083632767,826.4462695672746
18,212,0.0,0,0.0,0.0,0.0
18,213,0.0,0,0.0,0.0,0.0
18,214,1.0,1,1.0,0.0012100000167265534,826.4462695672746
18,215,0.0,0,0.0,0.0,0.0
18,216,0.0,0,0.0,0.0,0.0
18,217,0.0,0,0.0,0.0,0.0
18,218,6.0,6,1.0,0.007260000100359321,826.4462695672746
18,219,0.0,0,0.0,0.0,0.0
18,220,0.0,0,0.0,0.0,0.0
18,221,1.0,1,1.0,0.0012100000167265534,826.4462695672746
18,222,2.0,2,1.0,0.002420000033453107,826.4462695672746
18,223,0.0,0,0.0,0.0,0.0
18,224,0.0,0,0.0,0.0,0.0
18,225,0.0,0,0.0,0.0,0.0
18,226,3.0,3,1.0,0.0036300000501796603,826.4462695672746
18,227,1.0,1,1.0,0.0012100000167265534,826.4462695672746
18,228,4.0,4,1.0,0.004840000066906214,826.4462695672746
18,229,0.0,0,0.0,0.0,0.0
18,230,0.0,0,0.0,0.0,0.0
18,231,0.0,0,0.0,0.0,0.0
18,232,0.0,0,0.0,0.0,0.0
18,233,0.0,0,0.0,0.0,0.0
18,234,0.0,0,0.0,0.0,0.0
18,235,0.0,0,0.0,0.0,0.0
18,236,0.0,0,0.0,0.0,0.0
18,237,0.0,0,0.0,0.0,0.0
18,238,2.0,2,1.0,0.002420000033453107,826.4462695672746
18,239,0.0,0,0.0,0.0,0.0
18,240,0.0,0,0.0,0.0,0.0
18,241,1.0,1,1.0,0.0012100000167265534,826.4462695672746
18,242,0.0,0,0.0,0.0,0.0
18,243,0.0,0,0.0,0.0,0.0
18,244,0.0,0,0.0,0.0,0.0
18,245,0.0,0,0.0,0.0,0.0
18,246,0.0,0,0.0,0.0,0.0
18,247,0.0,0,0.0,0.0,0.0
18,248,0.0,0,0.0,0.0,0.0
18,249,0.0,0,0.0,0.0,0.0
18,250,5.0,5,1.0,0.006050000083632767,826.4462695672746
18,251,2.0,2,1.0,0.002420000033453107,826.4462695672746
18,252,0.0,0,0.0,0.0,0.0
18,253,0.0,0,0.0,0.0,0.0
18,254,0.0,0,0.0,0.0,0.0
18,255,0.0,0,0.0,0.0,0.0
19,0,0.0,0,0.0,0.0,0.0
19,1,2.0,2,1.0,0.002948000095784664,678.4260295173646
19,2,0.0,0,0.0,0.0,0.0
19,3,0.0,0,0.0,0.0,0.0
19,4,0.0,0,0.0,0.0,0.0
19,5,6.0,6,1.0,0.008844000287353992,678.4260295173646
19,6,1.0,1,1.0,0.001474000047892332,678.4260295173646
19,7,0.0,0,0.0,0.0,0.0
19,8,0.0,0,0.0,0.0,0.0
19,9,1.0,1,1.0,0.001474000047892332,678.4260295173646
19,10,12.0,12,1.0,0.017688000574707985,678.4260295173646
19,11,1.0,1,1.0,0.001474000047892332,678.4260295173646
19,12,0.0,0,0.0,0.0,0.0
19,13,2.0,2,1.0,0.002948000095784664,678.4260295173646
19,14,0.0,0,0.0,0.0,0.0
19,15,6.0,6,1.0,0.008844000287353992,678.4260295173646
19,16,0.0,0,0.0,0.0,0.0
19,17,1.0,1,1.0,0.001474000047892332,678.4260295173646
19,18,0.0,0,0.0,0.0,0.0
19,19,12.0,12,1.0,0.017688000574707985,678.4260295173646
19,20,0.0,0,0.0,0.0,0.0
19,21,2.0,2,1.0,0.002948000095784664,678.4260295173646
19,22,0.0,0,0.0,0.0,0.0
19,23,26.0,26,1.0,0.038324001245200634,678.4260295173646
19,24,0.0,0,0.0,0.0,0.0
19,25,2.0,2,1.0,0.002948000095784664,678.4260295173646
19,26,3.0,3,1.0,0.004422000143676996,678.4260295173646
19,27,0.0,0,0.0,0.0,0.0
19,28,0.0,0,0.0,0.0,0.0
19,29,0.0,0,0.0,0.0,0.0
19,30,1.0,1,1.0,0.001474000047892332,678.4260295173646
19,31,8.0,8,1.0,0.011792000383138657,678.4260295173646
19,32,0.0,0,0.0,0.0,0.0
19,33,2.0,2,1.0,0.002948000095784664,678.4260295173646
19,34,0.0,0,0.0,0.0,0.0
19,35,0.0,0,0.0,0.0,0.0
19,36,0.0,0,0.0,0.0,0.0
19,37,7.0,7,1.0,0.010318000335246325,678.4260295173646
19,38,4.0,4,1.0,0.005896000191569328,678.4260295173646
19,39,0.0,0,0.0,0.0,0.0
19,40,0.0,0,0.0,0.0,0.0
19,41,0.0,0,0.0,0.0,0.0
19,42,1.0,1,1.0,0.001474000047892332,678.4260295173646
19,43,0.0,0,0.0,0.0,0.0
19,44,2.0,2,1.0,0.002948000095784664,678.4260295173646
19,45,0.0,0,0.0,0.0,0.0
19,46,0.0,0,0.0,0.0,0.0
19,47,2.0,2,1.0,0.002948000095784664,678.4260295173646
19,48,16.0,16,1.0,0.023584000766277313,678.4260295173646
19,49,0.0,0,0.0,0.0,0.0
19,50,0.0,0,0.0,0.0,0.0
19,51,0.0,0,0.0,0.0,0.0
19,52,0.0,0,0.0,0.0,0.0
19,53,0.0,0,0.0,0.0,0.0
19,54,0.0,0,0.0,0.0,0.0
19,55,0.0,0,0.0,0.0,0.0
19,56,0.0,0,0.0,0.0,0.0
19,57,3.0,3,1.0,0.004422000143676996,678.4260295173646
19,58,3.0,3,1.0,0.004422000143676996,678.4260295173646
19,59,1.0,1,1.0,0.001474000047892332,678.4260295173646
19,60,0.0,0,0.0,0.0,0.0
19,61,0.0,0,0.0,0.0,0.0
19,62,0.0,0,0.0,0.0,0.0
19,63,1.0,1,1.0,0.001474000047892332,678.4260295173646
19,64,0.0,0,0.0,0.0,0.0
19,65,0.0,0,0.0,0.0,0.0
19,66,0.0,0,0.0,0.0,0.0
19,67,1.0,1,1.0,0.001474000047892332,678.4260295173646
19,68,1.0,1,1.0,0.001474000047892332,678.4260295173646
19,69,0.0,0,0.0,0.0,0.0
19,70,1.0,1,1.0,0.001474000047892332,678.4260295173646
19,71,2.0,2,1.0,0.002948000095784664,678.4260295173646
19,72,3.0,3,1.0,0.004422000143676996,678.4260295173646
19,73,1.0,1,1.0,0.001474000047892332,678.4260295173646
19,74,1.0,1,1.0,0.001474000047892332,678.4260295173646
19,75,3.0,3,1.0,0.004422000143676996,678.4260295173646
19,76,0.0,0,0.0,0.0,0.0
19,77,1.0,1,1.0,0.001474000047892332,678.4260295173646
19,78,0.0,0,0.0,0.0,0.0
19,79,4.0,4,1.0,0.005896000191569328,678.4260295173646
19,80,0.0,0,0.0,0.0,0.0
19,81,0.0,0,0.0,0.0,0.0
19,82,0.0,0,0.0,0.0,0.0
19,83,0.0,0,0.0,0.0,0.0
19,84,1.0,1,1.0,0.001474000047892332,678.4260295173646
19,85,0.0,0,0.0,0.0,0.0
19,86,0.0,0,0.0,0.0,0.0
19,87,2.0,2,1.0,0.002948000095784664,678.4260295173646
19,88,1.0,1,1.0,0.001474000047892332,678.4260295173646
19,89,1.0,1,1.0,0.001474000047892332,678.4260295173646
19,90,0.0,0,0.0,0.0,0.0
19,91,2.0,2,1.0,0.002948000095784664,678.4260295173646
19,92,4.0,4,1.0,0.005896000191569328,678.4260295173646
19,93,1.0,1,1.0,0.001474000047892332,678.4260295173646
19,94,1.0,1,1.0,0.001474000047892332,678.4260295173646
19,95,0.0,0,0.0,0.0,0.0
19,96,0.0,0,0.0,0.0,0.0
19,97,0.0,0,0.0,0.0,0.0
19,98,0.0,0,0.0,0.0,0.0
19,99,2.0,2,1.0,0.002948000095784664,678.4260295173646
19,100,1.0,1,1.0,0.001474000047892332,678.4260295173646
19,101,0.0,0,0.0,0.0,0.0
19,102,0.0,0,0.0,0.0,0.0
19,103,0.0,0,0.0,0.0,0.0
19,104,0.0,0,0.0,0.0,0.0
19,105,0.0,0,0.0,0.0,0.0
19,106,5.0,5,1.0,0.00737000023946166,678.4260295173646
19,107,2.0,2,1.0,0.002948000095784664,678.4260295173646
19,108,0.0,0,0.0,0.0,0.0
19,109,2.0,2,1.0,0.002948000095784664,678.4260295173646
19,110,0.0,0,0.0,0.0,0.0
19,111,0.0,0,0.0,0.0,0.0
19,112,1.0,1,1.0,0.001474000047892332,678.4260295173646
19,113,4.0,4,1.0,0.005896000191569328,678.4260295173646
19,114,0.0,0,0.0,0.0,0.0
19,115,0.0,0,0.0,0.0,0.0
19,116,7.0,7,1.0,0.010318000335246325,678.4260295173646
19,117,0.0,0,0.0,0.0,0.0
19,118,1.0,1,1.0,0.001474000047892332,678.4260295173646
19,119,3.0,3,1.0,0.004422000143676996,678.4260295173646
19,120,19.0,19,1.0,0.02800600090995431,678.4260295173646
19,121,2.0,2,1.0,0.002948000095784664,678.4260295173646
19,122,0.0,0,0.0,0.0,0.0
19,123,0.0,0,0.0,0.0,0.0
19,124,0.0,0,0.0,0.0,0.0
19,125,9.0,9,1.0,0.013266000431030989,678.4260295173646
19,126,19.0,19,1.0,0.02800600090995431,678.4260295173646
19,127,1.0,1,1.0,0.001474000047892332,678.4260295173646
19,128,0.0,0,0.0,0.0,0.0
19,129,1.0,1,1.0,0.001474000047892332,678.4260295173646
19,130,5.0,5,1.0,0.00737000023946166,678.4260295173646
19,131,1.0,1,1.0,0.001474000047892332,678.4260295173646
19,132,1.0,1,1.0,0.001474000047892332,678.4260295173646
19,133,0.0,0,0.0,0.0,0.0
19,134,2.0,2,1.0,0.002948000095784664,678.4260295173646
19,135,2.0,2,1.0,0.002948000095784664,678.4260295173646
19,136,2.0,2,1.0,0.002948000095784664,678.4260295173646
19,137,0.0,0,0.0,0.0,0.0
19,138,0.0,0,0.0,0.0,0.0
19,139,27.0,27,1.0,0.039798001293092966,678.4260295173646
19,140,0.0,0,0.0,0.0,0.0
19,141,0.0,0,0.0,0.0,0.0
19,142,0.0,0,0.0,0.0,0.0
19,143,0.0,0,0.0,0.0,0.0
19,144,0.0,0,0.0,0.0,0.0
19,145,0.0,0,0.0,0.0,0.0
19,146,4.0,4,1.0,0.005896000191569328,678.4260295173646
19,147,2.0,2,1.0,0.002948000095784664,678.4260295173646
19,148,0.0,0,0.0,0.0,0.0
19,149,0.0,0,0.0,0.0,0.0
19,150,1.0,1,1.0,0.001474000047892332,678.4260295173646
19,151,0.0,0,0.0,0.0,0.0
19,152,0.0,0,0.0,0.0,0.0
19,153,0.0,0,0.0,0.0,0.0
19,154,3.0,3,1.0,0.004422000143676996,678.4260295173646
19,155,0.0,0,0.0,0.0,0.0
19,156,2.0,2,1.0,0.002948000095784664,678.4260295173646
19,157,0.0,0,0.0,0.0,0.0
19,158,1.0,1,1.0,0.001474000047892332,678.4260295173646
19,159,0.0,0,0.0,0.0,0.0
19,160,0.0,0,0.0,0.0,0.0
19,161,0.0,0,0.0,0.0,0.0
19,162,0.0,0,0.0,0.0,0.0
19,163,6.0,6,1.0,0.008844000287353992,678.4260295173646
19,164,5.0,5,1.0,0.00737000023946166,678.4260295173646
19,165,0.0,0,0.0,0.0,0.0
19,166,0.0,0,0.0,0.0,0.0
19,167,1.0,1,1.0,0.001474000047892332,678.4260295173646
19,168,3.0,3,1.0,0.004422000143676996,678.4260295173646
19,169,0.0,0,0.0,0.0,0.0
19,170,0.0,0,0.0,0.0,0.0
19,171,0.0,0,0.0,0.0,0.0
19,172,3.0,3,1.0,0.004422000143676996,678.4260295173646
19,173,0.0,0,0.0,0.0,0.0
19,174,0.0,0,0.0,0.0,0.0
19,175,0.0,0,0.0,0.0,0.0
19,176,0.0,0,0.0,0.0,0.0
19,177,6.0,6,1.0,0.008844000287353992,678.4260295173646
19,178,1.0,1,1.0,0.001474000047892332,678.4260295173646
19,179,0.0,0,0.0,0.0,0.0
19,180,1.0,1,1.0,0.001474000047892332,678.4260295173646
19,181,3.0,3,1.0,0.004422000143676996,678.4260295173646
19,182,1.0,1,1.0,0.001474000047892332,678.4260295173646
19,183,0.0,0,0.0,0.0,0.0
19,184,4.0,4,1.0,0.005896000191569328,678.4260295173646
19,185,1.0,1,1.0,0.001474000047892332,678.4260295173646
19,186,0.0,0,0.0,0.0,0.0
19,187,1.0,1,1.0,0.001474000047892332,678.4260295173646
19,188,1.0,1,1.0,0.001474000047892332,678.4260295173646
19,189,1.0,1,1.0,0.001474000047892332,678.4260295173646
19,190,3.0,3,1.0,0.004422000143676996,678.4260295173646
19,191,0.0,0,0.0,0.0,0.0
19,192,7.0,7,1.0,0.010318000335246325,678.4260295173646
19,193,1.0,1,1.0,0.001474000047892332,678.4260295173646
19,194,2.0,2,1.0,0.002948000095784664,678.4260295173646
19,195,0.0,0,0.0,0.0,0.0
19,196,9.0,9,1.0,0.013266000431030989,678.4260295173646
19,197,0.0,0,0.0,0.0,0.0
19,198,3.0,3,1.0,0.004422000143676996,678.4260295173646
19,199,9.0,9,1.0,0.013266000431030989,678.4260295173646
19,200,0.0,0,0.0,0.0,0.0
19,201,0.0,0,0.0,0.0,0.0
19,202,1.0,1,1.0,0.001474000047892332,678.4260295173646
19,203,0.0,0,0.0,0.0,0.0
19,204,0.0,0,0.0,0.0,0.0
19,205,1.0,1,1.0,0.001474000047892332,678.4260295173646
19,206,2.0,2,1.0,0.002948000095784664,678.4260295173646
19,207,1.0,1,1.0,0.001474000047892332,678.4260295173646
19,208,2.0,2,1.0,0.002948000095784664,678.4260295173646
19,209,3.0,3,1.0,0.004422000143676996,678.4260295173646
19,210,0.0,0,0.0,0.0,0.0
19,211,8.0,8,1.0,0.011792000383138657,678.4260295173646
19,212,1.0,1,1.0,0.001474000047892332,678.4260295173646
19,213,23.0,23,1.0,0.03390200110152364,678.4260295173646
19,214,2.0,2,1.0,0.002948000095784664,678.4260295173646
19,215,1.0,1,1.0,0.001474000047892332,678.4260295173646
19,216,0.0,0,0.0,0.0,0.0
19,217,2.0,2,1.0,0.002948000095784664,678.4260295173646
19,218,3.0,3,1.0,0.004422000143676996,678.4260295173646
19,219,24.0,24,1.0,0.03537600114941597,678.4260295173646
19,220,0.0,0,0.0,0.0,0.0
19,221,2.0,2,1.0,0.002948000095784664,678.4260295173646
19,222,5.0,5,1.0,0.00737000023946166,678.4260295173646
19,223,0.0,0,0.0,0.0,0.0
19,224,0.0,0,0.0,0.0,0.0
19,225,2.0,2,1.0,0.002948000095784664,678.4260295173646
19,226,0.0,0,0.0,0.0,0.0
19,227,0.0,0,0.0,0.0,0.0
19,228,2.0,2,1.0,0.002948000095784664,678.4260295173646
19,229,6.0,6,1.0,0.008844000287353992,678.4260295173646
19,230,0.0,0,0.0,0.0,0.0
19,231,6.0,6,1.0,0.008844000287353992,678.4260295173646
19,232,0.0,0,0.0,0.0,0.0
19,233,0.0,0,0.0,0.0,0.0
19,234,0.0,0,0.0,0.0,0.0
19,235,0.0,0,0.0,0.0,0.0
19,236,8.0,8,1.0,0.011792000383138657,678.4260295173646
19,237,3.0,3,1.0,0.004422000143676996,678.4260295173646
19,238,13.0,13,1.0,0.019162000622600317,678.4260295173646
19,239,0.0,0,0.0,0.0,0.0
19,240,0.0,0,0.0,0.0,0.0
19,241,9.0,9,1.0,0.013266000431030989,678.4260295173646
19,242,1.0,1,1.0,0.001474000047892332,678.4260295173646
19,243,0.0,0,0.0,0.0,0.0
19,244,0.0,0,0.0,0.0,0.0
19,245,0.0,0,0.0,0.0,0.0
19,246,1.0,1,1.0,0.001474000047892332,678.4260295173646
19,247,0.0,0,0.0,0.0,0.0
19,248,2.0,2,1.0,0.002948000095784664,678.4260295173646
19,249,1.0,1,1.0,0.001474000047892332,678.4260295173646
19,250,2.0,2,1.0,0.002948000095784664,678.4260295173646
19,251,2.0,2,1.0,0.002948000095784664,678.4260295173646
19,252,8.0,8,1.0,0.011792000383138657,678.4260295173646
19,253,1.0,1,1.0,0.001474000047892332,678.4260295173646
19,254,1.0,1,1.0,0.001474000047892332,678.4260295173646
19,255,0.0,0,0.0,0.0,0.0
